"E-MEXP-1607","E-MEXP-1607_1"
"E-MEXP-1607","E-MEXP-1607_2"
"E-MEXP-1607","E-MEXP-1607_3"
"E-MEXP-1607","E-MEXP-1607_4"
"E-MEXP-1607","E-MEXP-1607_5"
"E-MEXP-1607","E-MEXP-1607_6"
"E-MEXP-1607","E-MEXP-1607_7"
"E-MEXP-1607","E-MEXP-1607_8"
"E-MEXP-1607","E-MEXP-1607_9"
"E-MEXP-1608","E-MEXP-1608_1"
"E-MEXP-1608","E-MEXP-1608_2"
"E-MEXP-1608","E-MEXP-1608_3"
"E-MEXP-1608","E-MEXP-1608_4"
"E-MEXP-1608","E-MEXP-1608_5"
"E-MEXP-1608","E-MEXP-1608_6"
"E-MEXP-1608","E-MEXP-1608_7"
"E-MEXP-1608","E-MEXP-1608_8"
"E-MEXP-1608","E-MEXP-1608_9"
"E-MEXP-1797","E-MEXP-1797_1"
"E-MEXP-1797","E-MEXP-1797_10"
"E-MEXP-1797","E-MEXP-1797_11"
"E-MEXP-1797","E-MEXP-1797_12"
"E-MEXP-1797","E-MEXP-1797_13"
"E-MEXP-1797","E-MEXP-1797_14"
"E-MEXP-1797","E-MEXP-1797_16"
"E-MEXP-1797","E-MEXP-1797_17"
"E-MEXP-1797","E-MEXP-1797_2"
"E-MEXP-1797","E-MEXP-1797_3"
"E-MEXP-1797","E-MEXP-1797_4"
"E-MEXP-1797","E-MEXP-1797_5"
"E-MEXP-1797","E-MEXP-1797_6"
"E-MEXP-1797","E-MEXP-1797_7"
"E-MEXP-1797","E-MEXP-1797_8"
"E-MEXP-1797","E-MEXP-1797_9"
"E-MEXP-2229","E-MEXP-2229_1"
"E-MEXP-2229","E-MEXP-2229_10"
"E-MEXP-2229","E-MEXP-2229_11"
"E-MEXP-2229","E-MEXP-2229_12"
"E-MEXP-2229","E-MEXP-2229_2"
"E-MEXP-2229","E-MEXP-2229_3"
"E-MEXP-2229","E-MEXP-2229_4"
"E-MEXP-2229","E-MEXP-2229_5"
"E-MEXP-2229","E-MEXP-2229_6"
"E-MEXP-2229","E-MEXP-2229_7"
"E-MEXP-2229","E-MEXP-2229_8"
"E-MEXP-2229","E-MEXP-2229_9"
"E-MEXP-2494","E-MEXP-2494_1"
"E-MEXP-2494","E-MEXP-2494_2"
"E-MEXP-2494","E-MEXP-2494_3"
"E-MEXP-2494","E-MEXP-2494_4"
"E-MEXP-2494","E-MEXP-2494_5"
"E-MEXP-2494","E-MEXP-2494_6"
"E-MEXP-2494","E-MEXP-2494_7"
"E-MEXP-2494","E-MEXP-2494_8"
"E-MEXP-2494","E-MEXP-2494_9"
"E-MEXP-2519","E-MEXP-2519_1"
"E-MEXP-2519","E-MEXP-2519_2"
"E-MEXP-2519","E-MEXP-2519_3"
"E-MEXP-2519","E-MEXP-2519_4"
"E-MEXP-2519","E-MEXP-2519_5"
"E-MEXP-2519","E-MEXP-2519_6"
"E-MEXP-2519","E-MEXP-2519_7"
"E-MEXP-2519","E-MEXP-2519_8"
"E-MEXP-2880","E-MEXP-2880_1"
"E-MEXP-2880","E-MEXP-2880_2"
"E-MEXP-2880","E-MEXP-2880_3"
"E-MEXP-2880","E-MEXP-2880_4"
"E-MEXP-2880","E-MEXP-2880_5"
"E-MEXP-2880","E-MEXP-2880_6"
"E-MEXP-2880","E-MEXP-2880_7"
"E-MEXP-2880","E-MEXP-2880_8"
"E-MEXP-3048","E-MEXP-3048_1"
"E-MEXP-3048","E-MEXP-3048_10"
"E-MEXP-3048","E-MEXP-3048_11"
"E-MEXP-3048","E-MEXP-3048_12"
"E-MEXP-3048","E-MEXP-3048_2"
"E-MEXP-3048","E-MEXP-3048_3"
"E-MEXP-3048","E-MEXP-3048_4"
"E-MEXP-3048","E-MEXP-3048_5"
"E-MEXP-3048","E-MEXP-3048_6"
"E-MEXP-3048","E-MEXP-3048_7"
"E-MEXP-3048","E-MEXP-3048_8"
"E-MEXP-3048","E-MEXP-3048_9"
"E-MEXP-3053","E-MEXP-3053_1"
"E-MEXP-3053","E-MEXP-3053_10"
"E-MEXP-3053","E-MEXP-3053_11"
"E-MEXP-3053","E-MEXP-3053_12"
"E-MEXP-3053","E-MEXP-3053_2"
"E-MEXP-3053","E-MEXP-3053_3"
"E-MEXP-3053","E-MEXP-3053_4"
"E-MEXP-3053","E-MEXP-3053_5"
"E-MEXP-3053","E-MEXP-3053_6"
"E-MEXP-3053","E-MEXP-3053_7"
"E-MEXP-3053","E-MEXP-3053_8"
"E-MEXP-3053","E-MEXP-3053_9"
"E-MEXP-3186","E-MEXP-3186_1"
"E-MEXP-3186","E-MEXP-3186_10"
"E-MEXP-3186","E-MEXP-3186_11"
"E-MEXP-3186","E-MEXP-3186_12"
"E-MEXP-3186","E-MEXP-3186_2"
"E-MEXP-3186","E-MEXP-3186_3"
"E-MEXP-3186","E-MEXP-3186_4"
"E-MEXP-3186","E-MEXP-3186_5"
"E-MEXP-3186","E-MEXP-3186_6"
"E-MEXP-3186","E-MEXP-3186_7"
"E-MEXP-3186","E-MEXP-3186_8"
"E-MEXP-3186","E-MEXP-3186_9"
"E-MEXP-3404","E-MEXP-3404_1"
"E-MEXP-3404","E-MEXP-3404_2"
"E-MEXP-3404","E-MEXP-3404_3"
"E-MEXP-3404","E-MEXP-3404_4"
"E-MEXP-711","E-MEXP-711_1"
"E-MEXP-711","E-MEXP-711_10"
"E-MEXP-711","E-MEXP-711_11"
"E-MEXP-711","E-MEXP-711_12"
"E-MEXP-711","E-MEXP-711_13"
"E-MEXP-711","E-MEXP-711_14"
"E-MEXP-711","E-MEXP-711_15"
"E-MEXP-711","E-MEXP-711_16"
"E-MEXP-711","E-MEXP-711_2"
"E-MEXP-711","E-MEXP-711_3"
"E-MEXP-711","E-MEXP-711_4"
"E-MEXP-711","E-MEXP-711_5"
"E-MEXP-711","E-MEXP-711_6"
"E-MEXP-711","E-MEXP-711_7"
"E-MEXP-711","E-MEXP-711_8"
"E-MEXP-711","E-MEXP-711_9"
"E-MTAB-896","E-MTAB-896_1"
"E-MTAB-896","E-MTAB-896_2"
"E-MTAB-896","E-MTAB-896_3"
"E-MTAB-896","E-MTAB-896_4"
"E-TABM-918","E-TABM-918_1"
"E-TABM-918","E-TABM-918_10"
"E-TABM-918","E-TABM-918_11"
"E-TABM-918","E-TABM-918_12"
"E-TABM-918","E-TABM-918_13"
"E-TABM-918","E-TABM-918_14"
"E-TABM-918","E-TABM-918_15"
"E-TABM-918","E-TABM-918_2"
"E-TABM-918","E-TABM-918_3"
"E-TABM-918","E-TABM-918_4"
"E-TABM-918","E-TABM-918_5"
"E-TABM-918","E-TABM-918_6"
"E-TABM-918","E-TABM-918_7"
"E-TABM-918","E-TABM-918_8"
"E-TABM-918","E-TABM-918_9"
"E-TABM-919","E-TABM-919_1"
"E-TABM-919","E-TABM-919_10"
"E-TABM-919","E-TABM-919_11"
"E-TABM-919","E-TABM-919_12"
"E-TABM-919","E-TABM-919_13"
"E-TABM-919","E-TABM-919_14"
"E-TABM-919","E-TABM-919_15"
"E-TABM-919","E-TABM-919_2"
"E-TABM-919","E-TABM-919_3"
"E-TABM-919","E-TABM-919_4"
"E-TABM-919","E-TABM-919_5"
"E-TABM-919","E-TABM-919_6"
"E-TABM-919","E-TABM-919_7"
"E-TABM-919","E-TABM-919_8"
"E-TABM-919","E-TABM-919_9"
"GSE11758","GSE11758_GSM297822"
"GSE11758","GSE11758_GSM297824"
"GSE11758","GSE11758_GSM297825"
"GSE11758","GSE11758_GSM297826"
"GSE11758","GSE11758_GSM297827"
"GSE11758","GSE11758_GSM297828"
"GSE11758","GSE11758_GSM297829"
"GSE11758","GSE11758_GSM297830"
"GSE11758","GSE11758_GSM297831"
"GSE11758","GSE11758_GSM297832"
"GSE11758","GSE11758_GSM297833"
"GSE11758","GSE11758_GSM297834"
"GSE11758","GSE11758_GSM297835"
"GSE11758","GSE11758_GSM297836"
"GSE11758","GSE11758_GSM297837"
"GSE11758","GSE11758_GSM297838"
"GSE11758","GSE11758_GSM297839"
"GSE11758","GSE11758_GSM297840"
"GSE11758","GSE11758_GSM297841"
"GSE11758","GSE11758_GSM297842"
"GSE11758","GSE11758_GSM297843"
"GSE12887","GSE12887_GSM323075"
"GSE12887","GSE12887_GSM323076"
"GSE12887","GSE12887_GSM323077"
"GSE12887","GSE12887_GSM323078"
"GSE12887","GSE12887_GSM323079"
"GSE12887","GSE12887_GSM323080"
"GSE12887","GSE12887_GSM323081"
"GSE12887","GSE12887_GSM323082"
"GSE12887","GSE12887_GSM323083"
"GSE12887","GSE12887_GSM323084"
"GSE12887","GSE12887_GSM323085"
"GSE12887","GSE12887_GSM323086"
"GSE12887","GSE12887_GSM323087"
"GSE12887","GSE12887_GSM323088"
"GSE12887","GSE12887_GSM323089"
"GSE12887","GSE12887_GSM323090"
"GSE12887","GSE12887_GSM323091"
"GSE12887","GSE12887_GSM323092"
"GSE17824","GSE17824_GSM444737"
"GSE17824","GSE17824_GSM444738"
"GSE17824","GSE17824_GSM444739"
"GSE17824","GSE17824_GSM444740"
"GSE17824","GSE17824_GSM444741"
"GSE17824","GSE17824_GSM444742"
"GSE17824","GSE17824_GSM444743"
"GSE17824","GSE17824_GSM444744"
"GSE17824","GSE17824_GSM444745"
"GSE17824","GSE17824_GSM444746"
"GSE17824","GSE17824_GSM444747"
"GSE17824","GSE17824_GSM444748"
"GSE17824","GSE17824_GSM444749"
"GSE17824","GSE17824_GSM444750"
"GSE17824","GSE17824_GSM444751"
"GSE17824","GSE17824_GSM444752"
"GSE18983","GSE18983_GSM469811"
"GSE18983","GSE18983_GSM469812"
"GSE18983","GSE18983_GSM469813"
"GSE18983","GSE18983_GSM469814"
"GSE18983","GSE18983_GSM469815"
"GSE18983","GSE18983_GSM469816"
"GSE19661","GSE19661_GSM490338"
"GSE19661","GSE19661_GSM490339"
"GSE19661","GSE19661_GSM490340"
"GSE19661","GSE19661_GSM490341"
"GSE20009","GSE20009_GSM499712"
"GSE20009","GSE20009_GSM499713"
"GSE20009","GSE20009_GSM499714"
"GSE20009","GSE20009_GSM499715"
"GSE20009","GSE20009_GSM499716"
"GSE20222","GSE20222_GSM507022"
"GSE20222","GSE20222_GSM507025"
"GSE20222","GSE20222_GSM507026"
"GSE20222","GSE20222_GSM507028"
"GSE20222","GSE20222_GSM507029"
"GSE20222","GSE20222_GSM507030"
"GSE20556","GSE20556_GSM516595"
"GSE20556","GSE20556_GSM516596"
"GSE20556","GSE20556_GSM516597"
"GSE20556","GSE20556_GSM516598"
"GSE20556","GSE20556_GSM516599"
"GSE20556","GSE20556_GSM516600"
"GSE20556","GSE20556_GSM516601"
"GSE20556","GSE20556_GSM516602"
"GSE20556","GSE20556_GSM516603"
"GSE20556","GSE20556_GSM516604"
"GSE20556","GSE20556_GSM516605"
"GSE20556","GSE20556_GSM516606"
"GSE20556","GSE20556_GSM516607"
"GSE22114","GSE22114_GSM549993"
"GSE22114","GSE22114_GSM549994"
"GSE22114","GSE22114_GSM549995"
"GSE22114","GSE22114_GSM549996"
"GSE22114","GSE22114_GSM549997"
"GSE22114","GSE22114_GSM549998"
"GSE24052","GSE24052_GSM591834"
"GSE24052","GSE24052_GSM591835"
"GSE24052","GSE24052_GSM591836"
"GSE24052","GSE24052_GSM591837"
"GSE24052","GSE24052_GSM591838"
"GSE24052","GSE24052_GSM591839"
"GSE25067","GSE25067_GSM615829"
"GSE25067","GSE25067_GSM615830"
"GSE25067","GSE25067_GSM615831"
"GSE25067","GSE25067_GSM615832"
"GSE25067","GSE25067_GSM615833"
"GSE25067","GSE25067_GSM615834"
"GSE25067","GSE25067_GSM615835"
"GSE25067","GSE25067_GSM615836"
"GSE25067","GSE25067_GSM615837"
"GSE25067","GSE25067_GSM615838"
"GSE25067","GSE25067_GSM615839"
"GSE25067","GSE25067_GSM615840"
"GSE25489","GSE25489_GSM626535"
"GSE25489","GSE25489_GSM626536"
"GSE25489","GSE25489_GSM626537"
"GSE25489","GSE25489_GSM626538"
"GSE25489","GSE25489_GSM626539"
"GSE25489","GSE25489_GSM626540"
"GSE25489","GSE25489_GSM626541"
"GSE25489","GSE25489_GSM626542"
"GSE25489","GSE25489_GSM626543"
"GSE25489","GSE25489_GSM626544"
"GSE25489","GSE25489_GSM626545"
"GSE25489","GSE25489_GSM626546"
"GSE25489","GSE25489_GSM626547"
"GSE25489","GSE25489_GSM626548"
"GSE25489","GSE25489_GSM626549"
"GSE25489","GSE25489_GSM626550"
"GSE25489","GSE25489_GSM626551"
"GSE25489","GSE25489_GSM626552"
"GSE27704","GSE27704_GSM686101"
"GSE27704","GSE27704_GSM686102"
"GSE27704","GSE27704_GSM686103"
"GSE27704","GSE27704_GSM686104"
"GSE27704","GSE27704_GSM686105"
"GSE27704","GSE27704_GSM686106"
"GSE27704","GSE27704_GSM686107"
"GSE27704","GSE27704_GSM686108"
"GSE27704","GSE27704_GSM686109"
"GSE31977","GSE31977_GSM791904"
"GSE31977","GSE31977_GSM791905"
"GSE31977","GSE31977_GSM791906"
"GSE31977","GSE31977_GSM791907"
"GSE31977","GSE31977_GSM791908"
"GSE31977","GSE31977_GSM791909"
"GSE31977","GSE31977_GSM791910"
"GSE31977","GSE31977_GSM791911"
"GSE31977","GSE31977_GSM791912"
"GSE31977","GSE31977_GSM791913"
"GSE31977","GSE31977_GSM791914"
"GSE31977","GSE31977_GSM791915"
"GSE31977","GSE31977_GSM791916"
"GSE31977","GSE31977_GSM791917"
"GSE31977","GSE31977_GSM791918"
"GSE37484","GSE37484_GSM920876"
"GSE37484","GSE37484_GSM920877"
"GSE37484","GSE37484_GSM920878"
"GSE37484","GSE37484_GSM920879"
"GSE37484","GSE37484_GSM920880"
"GSE37484","GSE37484_GSM920881"
"GSE37484","GSE37484_GSM920882"
"GSE37484","GSE37484_GSM920883"
"GSE37484","GSE37484_GSM920884"
"GSE37484","GSE37484_GSM920885"
"GSE37484","GSE37484_GSM920886"
"GSE37484","GSE37484_GSM920887"
"GSE38965","GSE38965_GSM952976"
"GSE38965","GSE38965_GSM952977"
"GSE38965","GSE38965_GSM952978"
"GSE38965","GSE38965_GSM952979"
"GSE38965","GSE38965_GSM952980"
"GSE38965","GSE38965_GSM952981"
"GSE38965","GSE38965_GSM952982"
"GSE38965","GSE38965_GSM952983"
"GSE38965","GSE38965_GSM952984"
"GSE38965","GSE38965_GSM952985"
"GSE38965","GSE38965_GSM952986"
"GSE38965","GSE38965_GSM952987"
"GSE39690","GSE39690_GSM977824"
"GSE39690","GSE39690_GSM977825"
"GSE39690","GSE39690_GSM977826"
"GSE39690","GSE39690_GSM977827"
"GSE39690","GSE39690_GSM977828"
"GSE39690","GSE39690_GSM977829"
"GSE39690","GSE39690_GSM977830"
"GSE39690","GSE39690_GSM977831"
"GSE39690","GSE39690_GSM977832"
"GSE39690","GSE39690_GSM977833"
"GSE39690","GSE39690_GSM977834"
"GSE39690","GSE39690_GSM977835"
"GSE41136","GSE41136_GSM1009026"
"GSE41136","GSE41136_GSM1009027"
"GSE41136","GSE41136_GSM1009028"
"GSE41136","GSE41136_GSM1009029"
"GSE41136","GSE41136_GSM1009030"
"GSE41136","GSE41136_GSM1009031"
"GSE41136","GSE41136_GSM1009032"
"GSE41136","GSE41136_GSM1009033"
"GSE41136","GSE41136_GSM1009034"
"GSE41136","GSE41136_GSM1009035"
"GSE41136","GSE41136_GSM1009036"
"GSE41136","GSE41136_GSM1009037"
"GSE41136","GSE41136_GSM1009038"
"GSE41136","GSE41136_GSM1009039"
"GSE41136","GSE41136_GSM1009040"
"GSE41136","GSE41136_GSM1009041"
"GSE41136","GSE41136_GSM1009042"
"GSE41136","GSE41136_GSM1009043"
"GSE41136","GSE41136_GSM1009044"
"GSE41136","GSE41136_GSM1009045"
"GSE41136","GSE41136_GSM1009046"
"GSE41136","GSE41136_GSM1009047"
"GSE41136","GSE41136_GSM1009048"
"GSE41136","GSE41136_GSM1009049"
"GSE41136","GSE41136_GSM1009050"
"GSE41136","GSE41136_GSM1009051"
"GSE41136","GSE41136_GSM1009052"
"GSE41136","GSE41136_GSM1009053"
"GSE41136","GSE41136_GSM1009054"
"GSE41136","GSE41136_GSM1009055"
"GSE41136","GSE41136_GSM1009057"
"GSE41136","GSE41136_GSM1009058"
"GSE41136","GSE41136_GSM1009059"
"GSE41136","GSE41136_GSM1009060"
"GSE41136","GSE41136_GSM1009061"
"GSE44793","GSE44793_GSM1091818"
"GSE44793","GSE44793_GSM1091819"
"GSE44793","GSE44793_GSM1091820"
"GSE44793","GSE44793_GSM1091821"
"GSE44793","GSE44793_GSM1091822"
"GSE44793","GSE44793_GSM1091823"
"GSE44793","GSE44793_GSM1091824"
"GSE44793","GSE44793_GSM1091825"
"GSE44793","GSE44793_GSM1091826"
"GSE44793","GSE44793_GSM1091827"
"GSE44793","GSE44793_GSM1091828"
"GSE44793","GSE44793_GSM1091829"
"GSE44922","GSE44922_GSM1093937"
"GSE44922","GSE44922_GSM1093938"
"GSE44922","GSE44922_GSM1093939"
"GSE44922","GSE44922_GSM1093940"
"GSE49037","GSE49037_GSM1192719"
"GSE49037","GSE49037_GSM1192720"
"GSE49037","GSE49037_GSM1192721"
"GSE49037","GSE49037_GSM1192722"
"GSE49037","GSE49037_GSM1192723"
"GSE49037","GSE49037_GSM1192724"
"GSE49037","GSE49037_GSM1192725"
"GSE49037","GSE49037_GSM1192726"
"GSE49037","GSE49037_GSM1192727"
"GSE49037","GSE49037_GSM1192728"
"GSE49037","GSE49037_GSM1192729"
"GSE49037","GSE49037_GSM1192730"
"GSE52117","GSE52117_GSM1259915"
"GSE52117","GSE52117_GSM1259916"
"GSE52117","GSE52117_GSM1259917"
"GSE52117","GSE52117_GSM1259918"
"GSE52117","GSE52117_GSM1259919"
"GSE52117","GSE52117_GSM1259921"
"GSE52117","GSE52117_GSM1259922"
"GSE52117","GSE52117_GSM1259923"
"GSE52117","GSE52117_GSM1259924"
"GSE52117","GSE52117_GSM1259925"
"GSE52117","GSE52117_GSM1259926"
"GSE52117","GSE52117_GSM1259927"
"GSE52117","GSE52117_GSM1259928"
"GSE52117","GSE52117_GSM1259929"
"GSE52117","GSE52117_GSM1259930"
"GSE52117","GSE52117_GSM1259931"
"GSE52117","GSE52117_GSM1259932"
"GSE52117","GSE52117_GSM1259933"
"GSE52117","GSE52117_GSM1259934"
"GSE52117","GSE52117_GSM1259935"
"GSE52117","GSE52117_GSM1259936"
"GSE52117","GSE52117_GSM1259937"
"GSE52117","GSE52117_GSM1259938"
"GSE52117","GSE52117_GSM1259939"
"GSE52117","GSE52117_GSM1259940"
"GSE52117","GSE52117_GSM1259941"
"GSE52117","GSE52117_GSM1259942"
"GSE52117","GSE52117_GSM1259943"
"GSE52117","GSE52117_GSM1259945"
"GSE52117","GSE52117_GSM1259946"
"GSE52117","GSE52117_GSM1259947"
"GSE52117","GSE52117_GSM1259948"
"GSE52117","GSE52117_GSM1259949"
"GSE52117","GSE52117_GSM1259950"
"GSE52117","GSE52117_GSM1259951"
"GSE52117","GSE52117_GSM1259952"
"GSE52117","GSE52117_GSM1259953"
"GSE52117","GSE52117_GSM1259954"
"GSE52117","GSE52117_GSM1259955"
"GSE52117","GSE52117_GSM1259956"
"GSE52117","GSE52117_GSM1259957"
"GSE52117","GSE52117_GSM1259958"
"GSE52117","GSE52117_GSM1259959"
"GSE52117","GSE52117_GSM1259960"
"GSE52117","GSE52117_GSM1259961"
"GSE52117","GSE52117_GSM1259962"
"GSE52487","GSE52487_GSM1267757"
"GSE52487","GSE52487_GSM1267758"
"GSE52487","GSE52487_GSM1267759"
"GSE52487","GSE52487_GSM1267760"
"GSE52487","GSE52487_GSM1267761"
"GSE52487","GSE52487_GSM1267762"
"GSE53989","GSE53989_GSM1305059"
"GSE53989","GSE53989_GSM1305060"
"GSE53989","GSE53989_GSM1305061"
"GSE53989","GSE53989_GSM1305062"
"GSE53989","GSE53989_GSM1305063"
"GSE53989","GSE53989_GSM1305064"
"GSE53989","GSE53989_GSM1305065"
"GSE5513","GSE5513_GSM126244"
"GSE5513","GSE5513_GSM126246"
"GSE5513","GSE5513_GSM126247"
"GSE5513","GSE5513_GSM126248"
"GSE5513","GSE5513_GSM126990"
"GSE5513","GSE5513_GSM126991"
"GSE5522","GSE5522_GSM128692"
"GSE5522","GSE5522_GSM128693"
"GSE5522","GSE5522_GSM128694"
"GSE5522","GSE5522_GSM128695"
"GSE5522","GSE5522_GSM128696"
"GSE5522","GSE5522_GSM128697"
"GSE5522","GSE5522_GSM128698"
"GSE5522","GSE5522_GSM128699"
"GSE5522","GSE5522_GSM128700"
"GSE5522","GSE5522_GSM128701"
"GSE5522","GSE5522_GSM128702"
"GSE5522","GSE5522_GSM128703"
"GSE5537","GSE5537_GSM128809"
"GSE5537","GSE5537_GSM128810"
"GSE5537","GSE5537_GSM128811"
"GSE5537","GSE5537_GSM128812"
"GSE57140","GSE57140_GSM1375886"
"GSE57140","GSE57140_GSM1375887"
"GSE57140","GSE57140_GSM1375888"
"GSE57140","GSE57140_GSM1375889"
"GSE57140","GSE57140_GSM1375890"
"GSE57140","GSE57140_GSM1375891"
"GSE57140","GSE57140_GSM1375892"
"GSE57140","GSE57140_GSM1375893"
"GSE57140","GSE57140_GSM1375894"
"GSE57140","GSE57140_GSM1375895"
"GSE57140","GSE57140_GSM1375896"
"GSE57140","GSE57140_GSM1375897"
"GSE5759","GSE5759_GSM134513"
"GSE5759","GSE5759_GSM134514"
"GSE5759","GSE5759_GSM134515"
"GSE5759","GSE5759_GSM134516"
"GSE5759","GSE5759_GSM134517"
"GSE5759","GSE5759_GSM134518"
"GSE5759","GSE5759_GSM134519"
"GSE5759","GSE5759_GSM134520"
"GSE5770","GSE5770_GSM134767"
"GSE5770","GSE5770_GSM134768"
"GSE5770","GSE5770_GSM134769"
"GSE5770","GSE5770_GSM134771"
"GSE5770","GSE5770_GSM134772"
"GSE5770","GSE5770_GSM134774"
"GSE5770","GSE5770_GSM134775"
"GSE5770","GSE5770_GSM134777"
"GSE5770","GSE5770_GSM134779"
"GSE5770","GSE5770_GSM134780"
"GSE5770","GSE5770_GSM134782"
"GSE5770","GSE5770_GSM134783"
"GSE6160","GSE6160_GSM142703"
"GSE6160","GSE6160_GSM142704"
"GSE6160","GSE6160_GSM142705"
"GSE6160","GSE6160_GSM142706"
"GSE6160","GSE6160_GSM142707"
"GSE6160","GSE6160_GSM142708"
"GSE6160","GSE6160_GSM142709"
"GSE6160","GSE6160_GSM142710"
"GSE6160","GSE6160_GSM142711"
"GSE6160","GSE6160_GSM142714"
"GSE6160","GSE6160_GSM142715"
"GSE6160","GSE6160_GSM142716"
"GSE6160","GSE6160_GSM142717"
"GSE6160","GSE6160_GSM142718"
"GSE6160","GSE6160_GSM142719"
"GSE6160","GSE6160_GSM142720"
"GSE6825","GSE6825_GSM157311"
"GSE6825","GSE6825_GSM157312"
"GSE6825","GSE6825_GSM157314"
"GSE6825","GSE6825_GSM157315"
"GSE6825","GSE6825_GSM157316"
"GSE6825","GSE6825_GSM157317"
"GSE6825","GSE6825_GSM157318"
"GSE6825","GSE6825_GSM157319"
"GSE6825","GSE6825_GSM157321"
"GSE6825","GSE6825_GSM157322"
"GSE6825","GSE6825_GSM157323"
"GSE6825","GSE6825_GSM157324"
"GSE6825","GSE6825_GSM157325"
"GSE6825","GSE6825_GSM157326"
"GSE6825","GSE6825_GSM157327"
"GSE6825","GSE6825_GSM157328"
"GSE7334","GSE7334_GSM176878"
"GSE8912","GSE8912_GSM225903"
"GSE8912","GSE8912_GSM225904"
"GSE8912","GSE8912_GSM225905"
"GSE8912","GSE8912_GSM225906"
"GSE8912","GSE8912_GSM225907"
"GSE8912","GSE8912_GSM225908"
"GSE8913","GSE8913_GSM225909"
"GSE8913","GSE8913_GSM225910"
"GSE8913","GSE8913_GSM225911"
"GSE8913","GSE8913_GSM225912"
"GSE8913","GSE8913_GSM225913"
"GSE8913","GSE8913_GSM225914"
"GSE8925","GSE8925_GSM226314"
"GSE8925","GSE8925_GSM226315"
"GSE8925","GSE8925_GSM226316"
"GSE8925","GSE8925_GSM226317"
"GSE8925","GSE8925_GSM226318"
"GSE8925","GSE8925_GSM226319"
"GSE8926","GSE8926_GSM226322"
"GSE8926","GSE8926_GSM226323"
"GSE8926","GSE8926_GSM226324"
"GSE8926","GSE8926_GSM226325"
"GSE8926","GSE8926_GSM226326"
"GSE8926","GSE8926_GSM226327"
"GSE8927","GSE8927_GSM226328"
"GSE8927","GSE8927_GSM226329"
"GSE8927","GSE8927_GSM226330"
"GSE8927","GSE8927_GSM226331"
"GSE8927","GSE8927_GSM226332"
"GSE8927","GSE8927_GSM226333"
"GSE9311","GSE9311_GSM237280"
"GSE9311","GSE9311_GSM237281"
"GSE9311","GSE9311_GSM237282"
"GSE9311","GSE9311_GSM237283"
"GSE9311","GSE9311_GSM237292"
"GSE9311","GSE9311_GSM237293"
"GSE9311","GSE9311_GSM237294"
"GSE9311","GSE9311_GSM237295"
"GSE94314","GSE94314_GSM2472804"
"GSE94314","GSE94314_GSM2472805"
"GSE94314","GSE94314_GSM2472806"
"GSE94314","GSE94314_GSM2472807"
"GSE94314","GSE94314_GSM2472808"
"GSE94314","GSE94314_GSM2472809"
"GSE94314","GSE94314_GSM2472810"
