"E-ATMX-3","E-ATMX-3_1"
"E-ATMX-3","E-ATMX-3_10"
"E-ATMX-3","E-ATMX-3_11"
"E-ATMX-3","E-ATMX-3_12"
"E-ATMX-3","E-ATMX-3_13"
"E-ATMX-3","E-ATMX-3_14"
"E-ATMX-3","E-ATMX-3_15"
"E-ATMX-3","E-ATMX-3_16"
"E-ATMX-3","E-ATMX-3_2"
"E-ATMX-3","E-ATMX-3_3"
"E-ATMX-3","E-ATMX-3_4"
"E-ATMX-3","E-ATMX-3_5"
"E-ATMX-3","E-ATMX-3_6"
"E-ATMX-3","E-ATMX-3_7"
"E-ATMX-3","E-ATMX-3_8"
"E-ATMX-3","E-ATMX-3_9"
"E-MEXP-1256","E-MEXP-1256_1"
"E-MEXP-1256","E-MEXP-1256_2"
"E-MEXP-1256","E-MEXP-1256_3"
"E-MEXP-1256","E-MEXP-1256_4"
"E-MEXP-1256","E-MEXP-1256_5"
"E-MEXP-1256","E-MEXP-1256_6"
"E-MEXP-1256","E-MEXP-1256_7"
"E-MEXP-1256","E-MEXP-1256_8"
"E-MEXP-1256","E-MEXP-1256_9"
"E-MEXP-1310","E-MEXP-1310_1"
"E-MEXP-1310","E-MEXP-1310_2"
"E-MEXP-1310","E-MEXP-1310_3"
"E-MEXP-1310","E-MEXP-1310_4"
"E-MEXP-1310","E-MEXP-1310_5"
"E-MEXP-1310","E-MEXP-1310_6"
"E-MEXP-1443","E-MEXP-1443_1"
"E-MEXP-1443","E-MEXP-1443_2"
"E-MEXP-1443","E-MEXP-1443_3"
"E-MEXP-1443","E-MEXP-1443_4"
"E-MEXP-1443","E-MEXP-1443_5"
"E-MEXP-1443","E-MEXP-1443_6"
"E-MEXP-1443","E-MEXP-1443_7"
"E-MEXP-1443","E-MEXP-1443_8"
"E-MEXP-1573","E-MEXP-1573_1"
"E-MEXP-1573","E-MEXP-1573_2"
"E-MEXP-1573","E-MEXP-1573_3"
"E-MEXP-1573","E-MEXP-1573_4"
"E-MEXP-1573","E-MEXP-1573_5"
"E-MEXP-1573","E-MEXP-1573_6"
"E-MEXP-1573","E-MEXP-1573_7"
"E-MEXP-1573","E-MEXP-1573_8"
"E-MEXP-1703","E-MEXP-1703_1"
"E-MEXP-1703","E-MEXP-1703_10"
"E-MEXP-1703","E-MEXP-1703_11"
"E-MEXP-1703","E-MEXP-1703_12"
"E-MEXP-1703","E-MEXP-1703_2"
"E-MEXP-1703","E-MEXP-1703_3"
"E-MEXP-1703","E-MEXP-1703_4"
"E-MEXP-1703","E-MEXP-1703_5"
"E-MEXP-1703","E-MEXP-1703_6"
"E-MEXP-1703","E-MEXP-1703_7"
"E-MEXP-1703","E-MEXP-1703_8"
"E-MEXP-1703","E-MEXP-1703_9"
"E-MEXP-1948","E-MEXP-1948_1"
"E-MEXP-1948","E-MEXP-1948_2"
"E-MEXP-1948","E-MEXP-1948_3"
"E-MEXP-1948","E-MEXP-1948_4"
"E-MEXP-1948","E-MEXP-1948_5"
"E-MEXP-1948","E-MEXP-1948_6"
"E-MEXP-2270","E-MEXP-2270_1"
"E-MEXP-2270","E-MEXP-2270_10"
"E-MEXP-2270","E-MEXP-2270_11"
"E-MEXP-2270","E-MEXP-2270_12"
"E-MEXP-2270","E-MEXP-2270_13"
"E-MEXP-2270","E-MEXP-2270_14"
"E-MEXP-2270","E-MEXP-2270_15"
"E-MEXP-2270","E-MEXP-2270_16"
"E-MEXP-2270","E-MEXP-2270_17"
"E-MEXP-2270","E-MEXP-2270_18"
"E-MEXP-2270","E-MEXP-2270_19"
"E-MEXP-2270","E-MEXP-2270_2"
"E-MEXP-2270","E-MEXP-2270_20"
"E-MEXP-2270","E-MEXP-2270_21"
"E-MEXP-2270","E-MEXP-2270_22"
"E-MEXP-2270","E-MEXP-2270_23"
"E-MEXP-2270","E-MEXP-2270_24"
"E-MEXP-2270","E-MEXP-2270_25"
"E-MEXP-2270","E-MEXP-2270_26"
"E-MEXP-2270","E-MEXP-2270_27"
"E-MEXP-2270","E-MEXP-2270_28"
"E-MEXP-2270","E-MEXP-2270_29"
"E-MEXP-2270","E-MEXP-2270_3"
"E-MEXP-2270","E-MEXP-2270_30"
"E-MEXP-2270","E-MEXP-2270_31"
"E-MEXP-2270","E-MEXP-2270_32"
"E-MEXP-2270","E-MEXP-2270_4"
"E-MEXP-2270","E-MEXP-2270_5"
"E-MEXP-2270","E-MEXP-2270_6"
"E-MEXP-2270","E-MEXP-2270_7"
"E-MEXP-2270","E-MEXP-2270_8"
"E-MEXP-2270","E-MEXP-2270_9"
"E-MEXP-2350","E-MEXP-2350_1"
"E-MEXP-2350","E-MEXP-2350_2"
"E-MEXP-2350","E-MEXP-2350_3"
"E-MEXP-2350","E-MEXP-2350_4"
"E-MEXP-2350","E-MEXP-2350_5"
"E-MEXP-2378","E-MEXP-2378_1"
"E-MEXP-2378","E-MEXP-2378_10"
"E-MEXP-2378","E-MEXP-2378_11"
"E-MEXP-2378","E-MEXP-2378_12"
"E-MEXP-2378","E-MEXP-2378_13"
"E-MEXP-2378","E-MEXP-2378_14"
"E-MEXP-2378","E-MEXP-2378_15"
"E-MEXP-2378","E-MEXP-2378_16"
"E-MEXP-2378","E-MEXP-2378_17"
"E-MEXP-2378","E-MEXP-2378_18"
"E-MEXP-2378","E-MEXP-2378_2"
"E-MEXP-2378","E-MEXP-2378_3"
"E-MEXP-2378","E-MEXP-2378_4"
"E-MEXP-2378","E-MEXP-2378_5"
"E-MEXP-2378","E-MEXP-2378_6"
"E-MEXP-2378","E-MEXP-2378_7"
"E-MEXP-2378","E-MEXP-2378_8"
"E-MEXP-2378","E-MEXP-2378_9"
"E-MEXP-2714","E-MEXP-2714_1"
"E-MEXP-2714","E-MEXP-2714_10"
"E-MEXP-2714","E-MEXP-2714_11"
"E-MEXP-2714","E-MEXP-2714_12"
"E-MEXP-2714","E-MEXP-2714_2"
"E-MEXP-2714","E-MEXP-2714_3"
"E-MEXP-2714","E-MEXP-2714_4"
"E-MEXP-2714","E-MEXP-2714_5"
"E-MEXP-2714","E-MEXP-2714_6"
"E-MEXP-2714","E-MEXP-2714_7"
"E-MEXP-2714","E-MEXP-2714_8"
"E-MEXP-2714","E-MEXP-2714_9"
"E-MEXP-2912","E-MEXP-2912_1"
"E-MEXP-2912","E-MEXP-2912_10"
"E-MEXP-2912","E-MEXP-2912_11"
"E-MEXP-2912","E-MEXP-2912_12"
"E-MEXP-2912","E-MEXP-2912_13"
"E-MEXP-2912","E-MEXP-2912_14"
"E-MEXP-2912","E-MEXP-2912_15"
"E-MEXP-2912","E-MEXP-2912_16"
"E-MEXP-2912","E-MEXP-2912_17"
"E-MEXP-2912","E-MEXP-2912_18"
"E-MEXP-2912","E-MEXP-2912_19"
"E-MEXP-2912","E-MEXP-2912_20"
"E-MEXP-2912","E-MEXP-2912_21"
"E-MEXP-2912","E-MEXP-2912_22"
"E-MEXP-2912","E-MEXP-2912_23"
"E-MEXP-2912","E-MEXP-2912_24"
"E-MEXP-2912","E-MEXP-2912_25"
"E-MEXP-2912","E-MEXP-2912_26"
"E-MEXP-2912","E-MEXP-2912_27"
"E-MEXP-2912","E-MEXP-2912_28"
"E-MEXP-2912","E-MEXP-2912_29"
"E-MEXP-2912","E-MEXP-2912_30"
"E-MEXP-2912","E-MEXP-2912_4"
"E-MEXP-2912","E-MEXP-2912_5"
"E-MEXP-2912","E-MEXP-2912_7"
"E-MEXP-2912","E-MEXP-2912_8"
"E-MEXP-2912","E-MEXP-2912_9"
"E-MEXP-2965","E-MEXP-2965_1"
"E-MEXP-2965","E-MEXP-2965_2"
"E-MEXP-2965","E-MEXP-2965_3"
"E-MEXP-2965","E-MEXP-2965_4"
"E-MEXP-2965","E-MEXP-2965_5"
"E-MEXP-2965","E-MEXP-2965_6"
"E-MEXP-2965","E-MEXP-2965_7"
"E-MEXP-2965","E-MEXP-2965_8"
"E-MEXP-2965","E-MEXP-2965_9"
"E-MEXP-3127","E-MEXP-3127_1"
"E-MEXP-3127","E-MEXP-3127_2"
"E-MEXP-3127","E-MEXP-3127_3"
"E-MEXP-3127","E-MEXP-3127_4"
"E-MEXP-3127","E-MEXP-3127_5"
"E-MEXP-3127","E-MEXP-3127_6"
"E-MEXP-3127","E-MEXP-3127_7"
"E-MEXP-3127","E-MEXP-3127_8"
"E-MEXP-3127","E-MEXP-3127_9"
"E-MEXP-3283","E-MEXP-3283_1"
"E-MEXP-3283","E-MEXP-3283_2"
"E-MEXP-3283","E-MEXP-3283_3"
"E-MEXP-3283","E-MEXP-3283_4"
"E-MEXP-3283","E-MEXP-3283_6"
"E-MEXP-3283","E-MEXP-3283_7"
"E-MEXP-3283","E-MEXP-3283_8"
"E-MEXP-3397","E-MEXP-3397_1"
"E-MEXP-3397","E-MEXP-3397_10"
"E-MEXP-3397","E-MEXP-3397_11"
"E-MEXP-3397","E-MEXP-3397_12"
"E-MEXP-3397","E-MEXP-3397_2"
"E-MEXP-3397","E-MEXP-3397_3"
"E-MEXP-3397","E-MEXP-3397_4"
"E-MEXP-3397","E-MEXP-3397_5"
"E-MEXP-3397","E-MEXP-3397_6"
"E-MEXP-3397","E-MEXP-3397_7"
"E-MEXP-3397","E-MEXP-3397_8"
"E-MEXP-3397","E-MEXP-3397_9"
"E-MEXP-3404","E-MEXP-3404_1"
"E-MEXP-3404","E-MEXP-3404_2"
"E-MEXP-3404","E-MEXP-3404_3"
"E-MEXP-3404","E-MEXP-3404_4"
"E-MEXP-3713","E-MEXP-3713_1"
"E-MEXP-3713","E-MEXP-3713_10"
"E-MEXP-3713","E-MEXP-3713_11"
"E-MEXP-3713","E-MEXP-3713_12"
"E-MEXP-3713","E-MEXP-3713_13"
"E-MEXP-3713","E-MEXP-3713_14"
"E-MEXP-3713","E-MEXP-3713_15"
"E-MEXP-3713","E-MEXP-3713_16"
"E-MEXP-3713","E-MEXP-3713_17"
"E-MEXP-3713","E-MEXP-3713_18"
"E-MEXP-3713","E-MEXP-3713_2"
"E-MEXP-3713","E-MEXP-3713_3"
"E-MEXP-3713","E-MEXP-3713_4"
"E-MEXP-3713","E-MEXP-3713_5"
"E-MEXP-3713","E-MEXP-3713_6"
"E-MEXP-3713","E-MEXP-3713_7"
"E-MEXP-3713","E-MEXP-3713_8"
"E-MEXP-3713","E-MEXP-3713_9"
"E-MEXP-3733","E-MEXP-3733_1"
"E-MEXP-3733","E-MEXP-3733_10"
"E-MEXP-3733","E-MEXP-3733_11"
"E-MEXP-3733","E-MEXP-3733_12"
"E-MEXP-3733","E-MEXP-3733_13"
"E-MEXP-3733","E-MEXP-3733_14"
"E-MEXP-3733","E-MEXP-3733_15"
"E-MEXP-3733","E-MEXP-3733_16"
"E-MEXP-3733","E-MEXP-3733_17"
"E-MEXP-3733","E-MEXP-3733_18"
"E-MEXP-3733","E-MEXP-3733_2"
"E-MEXP-3733","E-MEXP-3733_3"
"E-MEXP-3733","E-MEXP-3733_4"
"E-MEXP-3733","E-MEXP-3733_5"
"E-MEXP-3733","E-MEXP-3733_6"
"E-MEXP-3733","E-MEXP-3733_7"
"E-MEXP-3733","E-MEXP-3733_8"
"E-MEXP-3733","E-MEXP-3733_9"
"E-MEXP-3827","E-MEXP-3827_1"
"E-MEXP-3827","E-MEXP-3827_10"
"E-MEXP-3827","E-MEXP-3827_11"
"E-MEXP-3827","E-MEXP-3827_12"
"E-MEXP-3827","E-MEXP-3827_2"
"E-MEXP-3827","E-MEXP-3827_3"
"E-MEXP-3827","E-MEXP-3827_4"
"E-MEXP-3827","E-MEXP-3827_5"
"E-MEXP-3827","E-MEXP-3827_6"
"E-MEXP-3827","E-MEXP-3827_7"
"E-MEXP-3827","E-MEXP-3827_8"
"E-MEXP-3827","E-MEXP-3827_9"
"E-MEXP-475","E-MEXP-475_1"
"E-MEXP-475","E-MEXP-475_10"
"E-MEXP-475","E-MEXP-475_11"
"E-MEXP-475","E-MEXP-475_12"
"E-MEXP-475","E-MEXP-475_13"
"E-MEXP-475","E-MEXP-475_14"
"E-MEXP-475","E-MEXP-475_15"
"E-MEXP-475","E-MEXP-475_16"
"E-MEXP-475","E-MEXP-475_17"
"E-MEXP-475","E-MEXP-475_18"
"E-MEXP-475","E-MEXP-475_2"
"E-MEXP-475","E-MEXP-475_20"
"E-MEXP-475","E-MEXP-475_21"
"E-MEXP-475","E-MEXP-475_22"
"E-MEXP-475","E-MEXP-475_23"
"E-MEXP-475","E-MEXP-475_3"
"E-MEXP-475","E-MEXP-475_4"
"E-MEXP-475","E-MEXP-475_5"
"E-MEXP-475","E-MEXP-475_6"
"E-MEXP-475","E-MEXP-475_7"
"E-MEXP-475","E-MEXP-475_8"
"E-MEXP-475","E-MEXP-475_9"
"E-MEXP-637","E-MEXP-637_1"
"E-MEXP-637","E-MEXP-637_10"
"E-MEXP-637","E-MEXP-637_11"
"E-MEXP-637","E-MEXP-637_2"
"E-MEXP-637","E-MEXP-637_3"
"E-MEXP-637","E-MEXP-637_4"
"E-MEXP-637","E-MEXP-637_5"
"E-MEXP-637","E-MEXP-637_6"
"E-MEXP-637","E-MEXP-637_7"
"E-MEXP-637","E-MEXP-637_8"
"E-MEXP-715","E-MEXP-715_1"
"E-MEXP-715","E-MEXP-715_10"
"E-MEXP-715","E-MEXP-715_11"
"E-MEXP-715","E-MEXP-715_12"
"E-MEXP-715","E-MEXP-715_13"
"E-MEXP-715","E-MEXP-715_14"
"E-MEXP-715","E-MEXP-715_15"
"E-MEXP-715","E-MEXP-715_16"
"E-MEXP-715","E-MEXP-715_2"
"E-MEXP-715","E-MEXP-715_3"
"E-MEXP-715","E-MEXP-715_4"
"E-MEXP-715","E-MEXP-715_5"
"E-MEXP-715","E-MEXP-715_6"
"E-MEXP-715","E-MEXP-715_7"
"E-MEXP-715","E-MEXP-715_8"
"E-MEXP-715","E-MEXP-715_9"
"E-MEXP-849","E-MEXP-849_1"
"E-MEXP-849","E-MEXP-849_10"
"E-MEXP-849","E-MEXP-849_11"
"E-MEXP-849","E-MEXP-849_12"
"E-MEXP-849","E-MEXP-849_13"
"E-MEXP-849","E-MEXP-849_14"
"E-MEXP-849","E-MEXP-849_15"
"E-MEXP-849","E-MEXP-849_16"
"E-MEXP-849","E-MEXP-849_17"
"E-MEXP-849","E-MEXP-849_18"
"E-MEXP-849","E-MEXP-849_19"
"E-MEXP-849","E-MEXP-849_2"
"E-MEXP-849","E-MEXP-849_20"
"E-MEXP-849","E-MEXP-849_21"
"E-MEXP-849","E-MEXP-849_22"
"E-MEXP-849","E-MEXP-849_23"
"E-MEXP-849","E-MEXP-849_24"
"E-MEXP-849","E-MEXP-849_25"
"E-MEXP-849","E-MEXP-849_26"
"E-MEXP-849","E-MEXP-849_27"
"E-MEXP-849","E-MEXP-849_3"
"E-MEXP-849","E-MEXP-849_4"
"E-MEXP-849","E-MEXP-849_5"
"E-MEXP-849","E-MEXP-849_6"
"E-MEXP-849","E-MEXP-849_7"
"E-MEXP-849","E-MEXP-849_8"
"E-MEXP-849","E-MEXP-849_9"
"E-MTAB-1354","E-MTAB-1354_1"
"E-MTAB-1354","E-MTAB-1354_10"
"E-MTAB-1354","E-MTAB-1354_100"
"E-MTAB-1354","E-MTAB-1354_101"
"E-MTAB-1354","E-MTAB-1354_102"
"E-MTAB-1354","E-MTAB-1354_103"
"E-MTAB-1354","E-MTAB-1354_104"
"E-MTAB-1354","E-MTAB-1354_105"
"E-MTAB-1354","E-MTAB-1354_106"
"E-MTAB-1354","E-MTAB-1354_107"
"E-MTAB-1354","E-MTAB-1354_108"
"E-MTAB-1354","E-MTAB-1354_109"
"E-MTAB-1354","E-MTAB-1354_110"
"E-MTAB-1354","E-MTAB-1354_111"
"E-MTAB-1354","E-MTAB-1354_112"
"E-MTAB-1354","E-MTAB-1354_113"
"E-MTAB-1354","E-MTAB-1354_114"
"E-MTAB-1354","E-MTAB-1354_115"
"E-MTAB-1354","E-MTAB-1354_116"
"E-MTAB-1354","E-MTAB-1354_117"
"E-MTAB-1354","E-MTAB-1354_118"
"E-MTAB-1354","E-MTAB-1354_119"
"E-MTAB-1354","E-MTAB-1354_12"
"E-MTAB-1354","E-MTAB-1354_120"
"E-MTAB-1354","E-MTAB-1354_121"
"E-MTAB-1354","E-MTAB-1354_122"
"E-MTAB-1354","E-MTAB-1354_123"
"E-MTAB-1354","E-MTAB-1354_124"
"E-MTAB-1354","E-MTAB-1354_125"
"E-MTAB-1354","E-MTAB-1354_126"
"E-MTAB-1354","E-MTAB-1354_127"
"E-MTAB-1354","E-MTAB-1354_128"
"E-MTAB-1354","E-MTAB-1354_129"
"E-MTAB-1354","E-MTAB-1354_13"
"E-MTAB-1354","E-MTAB-1354_130"
"E-MTAB-1354","E-MTAB-1354_131"
"E-MTAB-1354","E-MTAB-1354_132"
"E-MTAB-1354","E-MTAB-1354_133"
"E-MTAB-1354","E-MTAB-1354_134"
"E-MTAB-1354","E-MTAB-1354_135"
"E-MTAB-1354","E-MTAB-1354_136"
"E-MTAB-1354","E-MTAB-1354_137"
"E-MTAB-1354","E-MTAB-1354_138"
"E-MTAB-1354","E-MTAB-1354_139"
"E-MTAB-1354","E-MTAB-1354_14"
"E-MTAB-1354","E-MTAB-1354_140"
"E-MTAB-1354","E-MTAB-1354_141"
"E-MTAB-1354","E-MTAB-1354_142"
"E-MTAB-1354","E-MTAB-1354_143"
"E-MTAB-1354","E-MTAB-1354_144"
"E-MTAB-1354","E-MTAB-1354_145"
"E-MTAB-1354","E-MTAB-1354_146"
"E-MTAB-1354","E-MTAB-1354_147"
"E-MTAB-1354","E-MTAB-1354_148"
"E-MTAB-1354","E-MTAB-1354_149"
"E-MTAB-1354","E-MTAB-1354_15"
"E-MTAB-1354","E-MTAB-1354_150"
"E-MTAB-1354","E-MTAB-1354_151"
"E-MTAB-1354","E-MTAB-1354_152"
"E-MTAB-1354","E-MTAB-1354_153"
"E-MTAB-1354","E-MTAB-1354_154"
"E-MTAB-1354","E-MTAB-1354_155"
"E-MTAB-1354","E-MTAB-1354_156"
"E-MTAB-1354","E-MTAB-1354_16"
"E-MTAB-1354","E-MTAB-1354_17"
"E-MTAB-1354","E-MTAB-1354_18"
"E-MTAB-1354","E-MTAB-1354_19"
"E-MTAB-1354","E-MTAB-1354_2"
"E-MTAB-1354","E-MTAB-1354_20"
"E-MTAB-1354","E-MTAB-1354_21"
"E-MTAB-1354","E-MTAB-1354_22"
"E-MTAB-1354","E-MTAB-1354_23"
"E-MTAB-1354","E-MTAB-1354_24"
"E-MTAB-1354","E-MTAB-1354_25"
"E-MTAB-1354","E-MTAB-1354_26"
"E-MTAB-1354","E-MTAB-1354_27"
"E-MTAB-1354","E-MTAB-1354_28"
"E-MTAB-1354","E-MTAB-1354_29"
"E-MTAB-1354","E-MTAB-1354_3"
"E-MTAB-1354","E-MTAB-1354_30"
"E-MTAB-1354","E-MTAB-1354_31"
"E-MTAB-1354","E-MTAB-1354_32"
"E-MTAB-1354","E-MTAB-1354_33"
"E-MTAB-1354","E-MTAB-1354_34"
"E-MTAB-1354","E-MTAB-1354_35"
"E-MTAB-1354","E-MTAB-1354_36"
"E-MTAB-1354","E-MTAB-1354_37"
"E-MTAB-1354","E-MTAB-1354_38"
"E-MTAB-1354","E-MTAB-1354_39"
"E-MTAB-1354","E-MTAB-1354_4"
"E-MTAB-1354","E-MTAB-1354_40"
"E-MTAB-1354","E-MTAB-1354_41"
"E-MTAB-1354","E-MTAB-1354_42"
"E-MTAB-1354","E-MTAB-1354_43"
"E-MTAB-1354","E-MTAB-1354_44"
"E-MTAB-1354","E-MTAB-1354_45"
"E-MTAB-1354","E-MTAB-1354_46"
"E-MTAB-1354","E-MTAB-1354_47"
"E-MTAB-1354","E-MTAB-1354_48"
"E-MTAB-1354","E-MTAB-1354_49"
"E-MTAB-1354","E-MTAB-1354_5"
"E-MTAB-1354","E-MTAB-1354_50"
"E-MTAB-1354","E-MTAB-1354_51"
"E-MTAB-1354","E-MTAB-1354_52"
"E-MTAB-1354","E-MTAB-1354_53"
"E-MTAB-1354","E-MTAB-1354_54"
"E-MTAB-1354","E-MTAB-1354_55"
"E-MTAB-1354","E-MTAB-1354_56"
"E-MTAB-1354","E-MTAB-1354_57"
"E-MTAB-1354","E-MTAB-1354_58"
"E-MTAB-1354","E-MTAB-1354_59"
"E-MTAB-1354","E-MTAB-1354_6"
"E-MTAB-1354","E-MTAB-1354_60"
"E-MTAB-1354","E-MTAB-1354_61"
"E-MTAB-1354","E-MTAB-1354_62"
"E-MTAB-1354","E-MTAB-1354_63"
"E-MTAB-1354","E-MTAB-1354_64"
"E-MTAB-1354","E-MTAB-1354_65"
"E-MTAB-1354","E-MTAB-1354_66"
"E-MTAB-1354","E-MTAB-1354_67"
"E-MTAB-1354","E-MTAB-1354_68"
"E-MTAB-1354","E-MTAB-1354_69"
"E-MTAB-1354","E-MTAB-1354_7"
"E-MTAB-1354","E-MTAB-1354_70"
"E-MTAB-1354","E-MTAB-1354_71"
"E-MTAB-1354","E-MTAB-1354_72"
"E-MTAB-1354","E-MTAB-1354_73"
"E-MTAB-1354","E-MTAB-1354_74"
"E-MTAB-1354","E-MTAB-1354_75"
"E-MTAB-1354","E-MTAB-1354_76"
"E-MTAB-1354","E-MTAB-1354_77"
"E-MTAB-1354","E-MTAB-1354_78"
"E-MTAB-1354","E-MTAB-1354_79"
"E-MTAB-1354","E-MTAB-1354_8"
"E-MTAB-1354","E-MTAB-1354_80"
"E-MTAB-1354","E-MTAB-1354_81"
"E-MTAB-1354","E-MTAB-1354_82"
"E-MTAB-1354","E-MTAB-1354_83"
"E-MTAB-1354","E-MTAB-1354_84"
"E-MTAB-1354","E-MTAB-1354_85"
"E-MTAB-1354","E-MTAB-1354_86"
"E-MTAB-1354","E-MTAB-1354_87"
"E-MTAB-1354","E-MTAB-1354_88"
"E-MTAB-1354","E-MTAB-1354_89"
"E-MTAB-1354","E-MTAB-1354_9"
"E-MTAB-1354","E-MTAB-1354_90"
"E-MTAB-1354","E-MTAB-1354_91"
"E-MTAB-1354","E-MTAB-1354_92"
"E-MTAB-1354","E-MTAB-1354_93"
"E-MTAB-1354","E-MTAB-1354_94"
"E-MTAB-1354","E-MTAB-1354_95"
"E-MTAB-1354","E-MTAB-1354_96"
"E-MTAB-1354","E-MTAB-1354_97"
"E-MTAB-1354","E-MTAB-1354_98"
"E-MTAB-1354","E-MTAB-1354_99"
"E-MTAB-1596","E-MTAB-1596_1"
"E-MTAB-1596","E-MTAB-1596_2"
"E-MTAB-1596","E-MTAB-1596_3"
"E-MTAB-1596","E-MTAB-1596_4"
"E-MTAB-1596","E-MTAB-1596_5"
"E-MTAB-1596","E-MTAB-1596_6"
"E-MTAB-1597","E-MTAB-1597_1"
"E-MTAB-1597","E-MTAB-1597_2"
"E-MTAB-1597","E-MTAB-1597_3"
"E-MTAB-1597","E-MTAB-1597_4"
"E-MTAB-1597","E-MTAB-1597_5"
"E-MTAB-1597","E-MTAB-1597_6"
"E-MTAB-1597","E-MTAB-1597_7"
"E-MTAB-1597","E-MTAB-1597_8"
"E-MTAB-1601","E-MTAB-1601_1"
"E-MTAB-1601","E-MTAB-1601_2"
"E-MTAB-1601","E-MTAB-1601_3"
"E-MTAB-3451","E-MTAB-3451_1"
"E-MTAB-3451","E-MTAB-3451_10"
"E-MTAB-3451","E-MTAB-3451_11"
"E-MTAB-3451","E-MTAB-3451_12"
"E-MTAB-3451","E-MTAB-3451_13"
"E-MTAB-3451","E-MTAB-3451_14"
"E-MTAB-3451","E-MTAB-3451_16"
"E-MTAB-3451","E-MTAB-3451_2"
"E-MTAB-3451","E-MTAB-3451_3"
"E-MTAB-3451","E-MTAB-3451_4"
"E-MTAB-3451","E-MTAB-3451_5"
"E-MTAB-3451","E-MTAB-3451_6"
"E-MTAB-3451","E-MTAB-3451_7"
"E-MTAB-3451","E-MTAB-3451_8"
"E-MTAB-3451","E-MTAB-3451_9"
"E-MTAB-4782","E-MTAB-4782_1"
"E-MTAB-4782","E-MTAB-4782_10"
"E-MTAB-4782","E-MTAB-4782_11"
"E-MTAB-4782","E-MTAB-4782_12"
"E-MTAB-4782","E-MTAB-4782_13"
"E-MTAB-4782","E-MTAB-4782_14"
"E-MTAB-4782","E-MTAB-4782_15"
"E-MTAB-4782","E-MTAB-4782_16"
"E-MTAB-4782","E-MTAB-4782_17"
"E-MTAB-4782","E-MTAB-4782_18"
"E-MTAB-4782","E-MTAB-4782_19"
"E-MTAB-4782","E-MTAB-4782_2"
"E-MTAB-4782","E-MTAB-4782_20"
"E-MTAB-4782","E-MTAB-4782_21"
"E-MTAB-4782","E-MTAB-4782_22"
"E-MTAB-4782","E-MTAB-4782_23"
"E-MTAB-4782","E-MTAB-4782_24"
"E-MTAB-4782","E-MTAB-4782_3"
"E-MTAB-4782","E-MTAB-4782_4"
"E-MTAB-4782","E-MTAB-4782_5"
"E-MTAB-4782","E-MTAB-4782_6"
"E-MTAB-4782","E-MTAB-4782_7"
"E-MTAB-4782","E-MTAB-4782_8"
"E-MTAB-4782","E-MTAB-4782_9"
"E-MTAB-6135","E-MTAB-6135_1"
"E-MTAB-6135","E-MTAB-6135_10"
"E-MTAB-6135","E-MTAB-6135_11"
"E-MTAB-6135","E-MTAB-6135_12"
"E-MTAB-6135","E-MTAB-6135_2"
"E-MTAB-6135","E-MTAB-6135_6"
"E-MTAB-6135","E-MTAB-6135_7"
"E-MTAB-6135","E-MTAB-6135_9"
"E-TABM-729","E-TABM-729_1"
"E-TABM-729","E-TABM-729_2"
"E-TABM-729","E-TABM-729_3"
"E-TABM-729","E-TABM-729_4"
"E-TABM-729","E-TABM-729_5"
"E-TABM-729","E-TABM-729_6"
"GSE109611","GSE109611_GSM2947203"
"GSE109611","GSE109611_GSM2947204"
"GSE109611","GSE109611_GSM2947205"
"GSE109611","GSE109611_GSM2947206"
"GSE109611","GSE109611_GSM2947207"
"GSE109611","GSE109611_GSM2947208"
"GSE109611","GSE109611_GSM2947209"
"GSE109611","GSE109611_GSM2947210"
"GSE109611","GSE109611_GSM2947211"
"GSE109611","GSE109611_GSM2947212"
"GSE109611","GSE109611_GSM2947213"
"GSE109611","GSE109611_GSM2947214"
"GSE109611","GSE109611_GSM2947215"
"GSE109611","GSE109611_GSM2947216"
"GSE109611","GSE109611_GSM2947217"
"GSE109611","GSE109611_GSM2947218"
"GSE109611","GSE109611_GSM2947219"
"GSE109611","GSE109611_GSM2947220"
"GSE109611","GSE109611_GSM2947221"
"GSE109611","GSE109611_GSM2947222"
"GSE109611","GSE109611_GSM2947223"
"GSE109611","GSE109611_GSM2947224"
"GSE109611","GSE109611_GSM2947225"
"GSE109611","GSE109611_GSM2947226"
"GSE109611","GSE109611_GSM2947227"
"GSE109611","GSE109611_GSM2947228"
"GSE109611","GSE109611_GSM2947229"
"GSE109611","GSE109611_GSM2947230"
"GSE109611","GSE109611_GSM2947231"
"GSE11216","GSE11216_GSM282693"
"GSE11216","GSE11216_GSM282694"
"GSE11216","GSE11216_GSM282695"
"GSE11216","GSE11216_GSM282696"
"GSE11216","GSE11216_GSM282697"
"GSE11216","GSE11216_GSM282698"
"GSE11216","GSE11216_GSM282699"
"GSE11216","GSE11216_GSM282702"
"GSE11216","GSE11216_GSM282703"
"GSE11532","GSE11532_GSM290559"
"GSE11532","GSE11532_GSM290560"
"GSE12137","GSE12137_GSM305281"
"GSE12137","GSE12137_GSM305282"
"GSE12137","GSE12137_GSM305283"
"GSE12137","GSE12137_GSM305284"
"GSE12715","GSE12715_GSM318830"
"GSE12715","GSE12715_GSM318831"
"GSE12715","GSE12715_GSM318832"
"GSE12715","GSE12715_GSM318834"
"GSE12715","GSE12715_GSM318836"
"GSE12715","GSE12715_GSM318838"
"GSE12715","GSE12715_GSM318841"
"GSE12715","GSE12715_GSM318842"
"GSE12715","GSE12715_GSM318843"
"GSE12715","GSE12715_GSM318844"
"GSE12715","GSE12715_GSM318845"
"GSE12715","GSE12715_GSM318846"
"GSE12964","GSE12964_GSM325126"
"GSE12964","GSE12964_GSM325127"
"GSE12964","GSE12964_GSM325128"
"GSE12964","GSE12964_GSM325129"
"GSE12964","GSE12964_GSM325130"
"GSE12964","GSE12964_GSM325131"
"GSE13783","GSE13783_GSM346829"
"GSE13783","GSE13783_GSM346830"
"GSE13783","GSE13783_GSM346831"
"GSE13783","GSE13783_GSM346832"
"GSE13783","GSE13783_GSM346833"
"GSE13783","GSE13783_GSM346834"
"GSE13783","GSE13783_GSM346835"
"GSE13783","GSE13783_GSM346836"
"GSE13783","GSE13783_GSM346837"
"GSE13783","GSE13783_GSM346838"
"GSE13783","GSE13783_GSM346839"
"GSE13783","GSE13783_GSM346840"
"GSE13783","GSE13783_GSM346841"
"GSE13783","GSE13783_GSM346842"
"GSE13783","GSE13783_GSM346843"
"GSE13783","GSE13783_GSM346844"
"GSE13783","GSE13783_GSM346845"
"GSE13783","GSE13783_GSM346846"
"GSE13881","GSE13881_GSM349681"
"GSE13881","GSE13881_GSM349682"
"GSE13881","GSE13881_GSM349683"
"GSE13881","GSE13881_GSM349684"
"GSE13881","GSE13881_GSM349685"
"GSE13881","GSE13881_GSM349686"
"GSE14788","GSE14788_GSM344723"
"GSE14788","GSE14788_GSM344724"
"GSE14788","GSE14788_GSM344725"
"GSE14788","GSE14788_GSM344726"
"GSE14788","GSE14788_GSM344727"
"GSE14788","GSE14788_GSM344728"
"GSE1491","GSE1491_GSM25858"
"GSE1491","GSE1491_GSM25859"
"GSE1491","GSE1491_GSM25860"
"GSE1491","GSE1491_GSM25861"
"GSE1491","GSE1491_GSM25862"
"GSE1491","GSE1491_GSM25863"
"GSE1491","GSE1491_GSM25864"
"GSE1491","GSE1491_GSM25865"
"GSE1491","GSE1491_GSM25866"
"GSE1491","GSE1491_GSM25867"
"GSE1491","GSE1491_GSM25868"
"GSE1491","GSE1491_GSM25869"
"GSE1491","GSE1491_GSM25870"
"GSE1491","GSE1491_GSM25871"
"GSE1491","GSE1491_GSM25872"
"GSE1491","GSE1491_GSM25873"
"GSE1491","GSE1491_GSM25874"
"GSE1491","GSE1491_GSM25875"
"GSE1491","GSE1491_GSM25876"
"GSE1491","GSE1491_GSM25877"
"GSE1491","GSE1491_GSM25878"
"GSE15555","GSE15555_GSM389253"
"GSE15555","GSE15555_GSM389291"
"GSE15555","GSE15555_GSM389292"
"GSE15555","GSE15555_GSM389293"
"GSE15555","GSE15555_GSM389465"
"GSE15555","GSE15555_GSM389466"
"GSE15555","GSE15555_GSM389467"
"GSE15555","GSE15555_GSM389468"
"GSE15555","GSE15555_GSM389469"
"GSE15555","GSE15555_GSM389470"
"GSE15555","GSE15555_GSM389471"
"GSE16913","GSE16913_GSM424128"
"GSE16913","GSE16913_GSM424129"
"GSE16913","GSE16913_GSM424130"
"GSE16913","GSE16913_GSM424131"
"GSE16913","GSE16913_GSM424132"
"GSE16913","GSE16913_GSM424133"
"GSE16913","GSE16913_GSM424134"
"GSE16913","GSE16913_GSM424135"
"GSE17479","GSE17479_GSM435933"
"GSE17479","GSE17479_GSM435934"
"GSE17479","GSE17479_GSM435935"
"GSE17479","GSE17479_GSM435936"
"GSE17479","GSE17479_GSM435937"
"GSE17479","GSE17479_GSM435938"
"GSE17479","GSE17479_GSM435939"
"GSE17479","GSE17479_GSM435940"
"GSE17479","GSE17479_GSM435941"
"GSE17479","GSE17479_GSM435942"
"GSE17479","GSE17479_GSM435943"
"GSE17479","GSE17479_GSM435944"
"GSE17479","GSE17479_GSM435945"
"GSE17479","GSE17479_GSM435946"
"GSE17479","GSE17479_GSM435947"
"GSE17479","GSE17479_GSM435949"
"GSE17479","GSE17479_GSM435951"
"GSE17479","GSE17479_GSM435952"
"GSE17479","GSE17479_GSM435953"
"GSE17479","GSE17479_GSM435954"
"GSE17479","GSE17479_GSM435955"
"GSE17479","GSE17479_GSM435956"
"GSE17479","GSE17479_GSM435957"
"GSE17479","GSE17479_GSM435958"
"GSE17479","GSE17479_GSM435959"
"GSE17479","GSE17479_GSM435960"
"GSE17479","GSE17479_GSM435961"
"GSE17479","GSE17479_GSM435962"
"GSE17479","GSE17479_GSM435963"
"GSE17479","GSE17479_GSM435964"
"GSE17479","GSE17479_GSM435965"
"GSE17479","GSE17479_GSM435966"
"GSE17479","GSE17479_GSM435967"
"GSE17479","GSE17479_GSM435968"
"GSE17479","GSE17479_GSM435969"
"GSE17479","GSE17479_GSM435970"
"GSE17479","GSE17479_GSM435971"
"GSE17479","GSE17479_GSM435972"
"GSE17479","GSE17479_GSM435973"
"GSE17479","GSE17479_GSM435974"
"GSE17479","GSE17479_GSM435975"
"GSE17479","GSE17479_GSM435976"
"GSE17479","GSE17479_GSM435977"
"GSE17845","GSE17845_GSM445710"
"GSE17845","GSE17845_GSM445711"
"GSE17845","GSE17845_GSM445712"
"GSE17845","GSE17845_GSM445713"
"GSE17845","GSE17845_GSM445714"
"GSE17845","GSE17845_GSM445715"
"GSE17845","GSE17845_GSM445716"
"GSE17845","GSE17845_GSM445717"
"GSE17845","GSE17845_GSM445718"
"GSE17845","GSE17845_GSM445719"
"GSE17845","GSE17845_GSM445720"
"GSE17845","GSE17845_GSM445721"
"GSE17845","GSE17845_GSM445722"
"GSE17845","GSE17845_GSM445723"
"GSE17845","GSE17845_GSM445724"
"GSE17845","GSE17845_GSM445725"
"GSE17845","GSE17845_GSM445726"
"GSE17845","GSE17845_GSM445727"
"GSE18975","GSE18975_GSM469649"
"GSE18975","GSE18975_GSM469650"
"GSE18975","GSE18975_GSM469651"
"GSE18975","GSE18975_GSM469652"
"GSE18975","GSE18975_GSM469653"
"GSE18975","GSE18975_GSM469654"
"GSE18975","GSE18975_GSM469655"
"GSE18975","GSE18975_GSM469656"
"GSE18975","GSE18975_GSM469657"
"GSE18975","GSE18975_GSM469658"
"GSE18975","GSE18975_GSM469659"
"GSE18975","GSE18975_GSM469660"
"GSE18975","GSE18975_GSM469661"
"GSE18975","GSE18975_GSM469662"
"GSE18975","GSE18975_GSM469663"
"GSE18975","GSE18975_GSM469664"
"GSE18975","GSE18975_GSM469665"
"GSE18975","GSE18975_GSM469666"
"GSE18975","GSE18975_GSM469667"
"GSE18975","GSE18975_GSM469668"
"GSE18975","GSE18975_GSM469669"
"GSE18975","GSE18975_GSM469670"
"GSE18975","GSE18975_GSM469671"
"GSE18975","GSE18975_GSM469672"
"GSE18975","GSE18975_GSM469673"
"GSE18975","GSE18975_GSM469674"
"GSE18975","GSE18975_GSM469675"
"GSE18975","GSE18975_GSM469676"
"GSE18975","GSE18975_GSM469677"
"GSE18975","GSE18975_GSM469678"
"GSE18975","GSE18975_GSM469679"
"GSE18975","GSE18975_GSM469680"
"GSE18975","GSE18975_GSM469681"
"GSE18975","GSE18975_GSM469682"
"GSE18975","GSE18975_GSM469683"
"GSE18975","GSE18975_GSM469684"
"GSE18975","GSE18975_GSM469685"
"GSE18975","GSE18975_GSM469686"
"GSE18975","GSE18975_GSM469687"
"GSE18975","GSE18975_GSM469688"
"GSE18975","GSE18975_GSM469689"
"GSE18975","GSE18975_GSM469690"
"GSE18975","GSE18975_GSM469691"
"GSE18975","GSE18975_GSM469692"
"GSE18975","GSE18975_GSM469693"
"GSE18975","GSE18975_GSM469694"
"GSE18975","GSE18975_GSM469695"
"GSE18975","GSE18975_GSM469696"
"GSE18975","GSE18975_GSM469697"
"GSE18975","GSE18975_GSM469698"
"GSE18975","GSE18975_GSM469699"
"GSE18975","GSE18975_GSM469700"
"GSE18975","GSE18975_GSM469701"
"GSE18975","GSE18975_GSM469702"
"GSE18975","GSE18975_GSM469703"
"GSE18975","GSE18975_GSM469704"
"GSE18975","GSE18975_GSM469705"
"GSE18975","GSE18975_GSM469706"
"GSE18975","GSE18975_GSM469707"
"GSE18975","GSE18975_GSM469708"
"GSE18975","GSE18975_GSM469709"
"GSE18975","GSE18975_GSM469710"
"GSE18975","GSE18975_GSM469711"
"GSE18975","GSE18975_GSM469712"
"GSE18975","GSE18975_GSM469713"
"GSE18975","GSE18975_GSM469714"
"GSE18975","GSE18975_GSM469715"
"GSE18975","GSE18975_GSM469716"
"GSE18975","GSE18975_GSM469717"
"GSE18975","GSE18975_GSM469718"
"GSE18975","GSE18975_GSM469719"
"GSE18975","GSE18975_GSM469720"
"GSE18975","GSE18975_GSM469721"
"GSE18975","GSE18975_GSM469722"
"GSE18975","GSE18975_GSM469723"
"GSE18975","GSE18975_GSM469724"
"GSE18975","GSE18975_GSM469725"
"GSE18975","GSE18975_GSM469726"
"GSE18975","GSE18975_GSM469727"
"GSE18975","GSE18975_GSM469728"
"GSE18975","GSE18975_GSM469729"
"GSE18975","GSE18975_GSM469730"
"GSE18975","GSE18975_GSM469731"
"GSE18985","GSE18985_GSM469825"
"GSE18985","GSE18985_GSM469826"
"GSE18985","GSE18985_GSM469827"
"GSE18985","GSE18985_GSM469828"
"GSE18985","GSE18985_GSM469829"
"GSE18985","GSE18985_GSM469830"
"GSE18985","GSE18985_GSM469831"
"GSE18985","GSE18985_GSM469832"
"GSE18985","GSE18985_GSM469833"
"GSE18985","GSE18985_GSM469834"
"GSE18985","GSE18985_GSM469835"
"GSE18985","GSE18985_GSM469836"
"GSE18985","GSE18985_GSM469837"
"GSE18985","GSE18985_GSM469838"
"GSE18985","GSE18985_GSM469839"
"GSE18985","GSE18985_GSM469840"
"GSE18985","GSE18985_GSM469841"
"GSE18985","GSE18985_GSM469842"
"GSE18985","GSE18985_GSM469843"
"GSE18985","GSE18985_GSM469844"
"GSE18985","GSE18985_GSM469845"
"GSE19520","GSE19520_GSM486892"
"GSE19520","GSE19520_GSM486893"
"GSE19520","GSE19520_GSM486894"
"GSE19520","GSE19520_GSM486895"
"GSE19520","GSE19520_GSM486896"
"GSE19520","GSE19520_GSM486897"
"GSE19520","GSE19520_GSM486898"
"GSE19520","GSE19520_GSM486899"
"GSE19520","GSE19520_GSM486900"
"GSE19520","GSE19520_GSM486901"
"GSE19520","GSE19520_GSM486902"
"GSE19520","GSE19520_GSM486903"
"GSE19520","GSE19520_GSM486904"
"GSE19520","GSE19520_GSM486905"
"GSE19520","GSE19520_GSM486906"
"GSE19520","GSE19520_GSM486907"
"GSE19520","GSE19520_GSM486908"
"GSE19520","GSE19520_GSM486909"
"GSE19520","GSE19520_GSM486910"
"GSE19520","GSE19520_GSM486911"
"GSE19520","GSE19520_GSM486912"
"GSE19520","GSE19520_GSM486913"
"GSE19520","GSE19520_GSM486914"
"GSE19520","GSE19520_GSM486915"
"GSE19520","GSE19520_GSM486916"
"GSE19520","GSE19520_GSM486917"
"GSE19520","GSE19520_GSM486918"
"GSE19520","GSE19520_GSM486919"
"GSE19520","GSE19520_GSM486920"
"GSE19520","GSE19520_GSM486921"
"GSE19520","GSE19520_GSM486922"
"GSE19520","GSE19520_GSM486923"
"GSE19520","GSE19520_GSM486924"
"GSE19520","GSE19520_GSM486925"
"GSE19520","GSE19520_GSM486926"
"GSE19520","GSE19520_GSM486927"
"GSE19520","GSE19520_GSM486928"
"GSE19520","GSE19520_GSM486929"
"GSE19520","GSE19520_GSM486930"
"GSE19520","GSE19520_GSM486931"
"GSE19520","GSE19520_GSM486932"
"GSE19520","GSE19520_GSM486933"
"GSE19520","GSE19520_GSM486934"
"GSE19520","GSE19520_GSM486935"
"GSE19520","GSE19520_GSM486936"
"GSE19520","GSE19520_GSM486937"
"GSE19520","GSE19520_GSM486938"
"GSE19520","GSE19520_GSM486939"
"GSE20223","GSE20223_GSM507031"
"GSE20223","GSE20223_GSM507032"
"GSE20223","GSE20223_GSM507033"
"GSE20223","GSE20223_GSM507034"
"GSE20223","GSE20223_GSM507035"
"GSE20223","GSE20223_GSM507036"
"GSE20225","GSE20225_GSM507043"
"GSE20225","GSE20225_GSM507044"
"GSE20225","GSE20225_GSM507045"
"GSE20225","GSE20225_GSM507046"
"GSE20231","GSE20231_GSM507114"
"GSE20231","GSE20231_GSM507115"
"GSE20231","GSE20231_GSM507116"
"GSE20231","GSE20231_GSM507117"
"GSE20231","GSE20231_GSM507118"
"GSE20231","GSE20231_GSM507119"
"GSE20231","GSE20231_GSM507120"
"GSE20231","GSE20231_GSM507121"
"GSE20231","GSE20231_GSM507122"
"GSE20231","GSE20231_GSM507123"
"GSE20231","GSE20231_GSM507124"
"GSE20231","GSE20231_GSM507125"
"GSE20231","GSE20231_GSM507126"
"GSE20231","GSE20231_GSM507127"
"GSE20232","GSE20232_GSM507128"
"GSE20232","GSE20232_GSM507129"
"GSE20232","GSE20232_GSM507131"
"GSE20232","GSE20232_GSM507132"
"GSE20232","GSE20232_GSM507133"
"GSE20232","GSE20232_GSM507134"
"GSE20232","GSE20232_GSM507135"
"GSE20232","GSE20232_GSM507137"
"GSE20232","GSE20232_GSM507138"
"GSE20232","GSE20232_GSM507139"
"GSE20233","GSE20233_GSM507140"
"GSE20233","GSE20233_GSM507141"
"GSE20233","GSE20233_GSM507142"
"GSE20233","GSE20233_GSM507143"
"GSE20233","GSE20233_GSM507144"
"GSE20233","GSE20233_GSM507145"
"GSE20756","GSE20756_GSM520748"
"GSE20756","GSE20756_GSM520749"
"GSE20756","GSE20756_GSM520750"
"GSE20756","GSE20756_GSM520751"
"GSE20756","GSE20756_GSM520752"
"GSE20756","GSE20756_GSM520753"
"GSE20756","GSE20756_GSM520754"
"GSE20756","GSE20756_GSM520755"
"GSE20756","GSE20756_GSM520756"
"GSE20756","GSE20756_GSM520757"
"GSE20756","GSE20756_GSM520758"
"GSE20756","GSE20756_GSM520759"
"GSE20756","GSE20756_GSM520760"
"GSE20756","GSE20756_GSM520761"
"GSE20756","GSE20756_GSM520762"
"GSE20756","GSE20756_GSM520763"
"GSE21765","GSE21765_GSM542489"
"GSE21765","GSE21765_GSM542490"
"GSE21765","GSE21765_GSM542491"
"GSE21765","GSE21765_GSM542492"
"GSE21765","GSE21765_GSM542493"
"GSE21765","GSE21765_GSM542494"
"GSE23301","GSE23301_GSM571891"
"GSE23301","GSE23301_GSM571892"
"GSE23301","GSE23301_GSM571893"
"GSE23301","GSE23301_GSM571894"
"GSE23301","GSE23301_GSM571895"
"GSE23301","GSE23301_GSM571896"
"GSE23301","GSE23301_GSM604750"
"GSE23301","GSE23301_GSM604751"
"GSE23301","GSE23301_GSM604752"
"GSE23301","GSE23301_GSM604753"
"GSE23301","GSE23301_GSM604754"
"GSE23301","GSE23301_GSM604755"
"GSE23329","GSE23329_GSM572630"
"GSE23329","GSE23329_GSM572631"
"GSE23329","GSE23329_GSM572632"
"GSE23329","GSE23329_GSM572633"
"GSE23329","GSE23329_GSM572634"
"GSE23329","GSE23329_GSM572635"
"GSE23329","GSE23329_GSM572636"
"GSE23329","GSE23329_GSM572637"
"GSE23329","GSE23329_GSM572638"
"GSE23329","GSE23329_GSM572639"
"GSE23329","GSE23329_GSM572640"
"GSE23329","GSE23329_GSM572641"
"GSE23329","GSE23329_GSM572642"
"GSE23329","GSE23329_GSM572643"
"GSE23329","GSE23329_GSM572644"
"GSE23329","GSE23329_GSM572645"
"GSE23329","GSE23329_GSM572646"
"GSE23330","GSE23330_GSM572647"
"GSE23330","GSE23330_GSM572648"
"GSE23330","GSE23330_GSM572649"
"GSE23330","GSE23330_GSM572650"
"GSE23330","GSE23330_GSM572651"
"GSE23330","GSE23330_GSM572652"
"GSE23330","GSE23330_GSM572653"
"GSE23330","GSE23330_GSM572654"
"GSE23330","GSE23330_GSM572655"
"GSE23330","GSE23330_GSM572656"
"GSE24052","GSE24052_GSM591834"
"GSE24052","GSE24052_GSM591835"
"GSE24052","GSE24052_GSM591836"
"GSE24052","GSE24052_GSM591837"
"GSE24052","GSE24052_GSM591838"
"GSE24052","GSE24052_GSM591839"
"GSE24763","GSE24763_GSM609886"
"GSE24763","GSE24763_GSM609887"
"GSE24763","GSE24763_GSM609888"
"GSE24763","GSE24763_GSM609889"
"GSE24763","GSE24763_GSM609890"
"GSE24763","GSE24763_GSM609891"
"GSE25134","GSE25134_GSM617572"
"GSE25134","GSE25134_GSM617573"
"GSE25134","GSE25134_GSM617574"
"GSE25134","GSE25134_GSM617575"
"GSE25134","GSE25134_GSM617576"
"GSE25134","GSE25134_GSM617577"
"GSE25134","GSE25134_GSM617578"
"GSE25134","GSE25134_GSM617579"
"GSE25134","GSE25134_GSM617580"
"GSE25396","GSE25396_GSM830737"
"GSE25396","GSE25396_GSM830738"
"GSE25396","GSE25396_GSM830739"
"GSE26297","GSE26297_GSM645690"
"GSE26297","GSE26297_GSM645691"
"GSE26297","GSE26297_GSM645692"
"GSE26297","GSE26297_GSM645693"
"GSE26297","GSE26297_GSM645694"
"GSE26297","GSE26297_GSM645695"
"GSE26297","GSE26297_GSM645696"
"GSE26297","GSE26297_GSM645697"
"GSE26297","GSE26297_GSM645698"
"GSE26297","GSE26297_GSM645699"
"GSE26297","GSE26297_GSM645700"
"GSE26297","GSE26297_GSM645701"
"GSE26297","GSE26297_GSM645702"
"GSE26297","GSE26297_GSM645703"
"GSE26297","GSE26297_GSM645704"
"GSE26297","GSE26297_GSM645705"
"GSE26297","GSE26297_GSM645706"
"GSE26297","GSE26297_GSM645707"
"GSE26297","GSE26297_GSM645708"
"GSE26297","GSE26297_GSM645709"
"GSE26848","GSE26848_GSM660707"
"GSE26848","GSE26848_GSM660708"
"GSE26848","GSE26848_GSM660709"
"GSE26848","GSE26848_GSM660710"
"GSE26848","GSE26848_GSM660711"
"GSE26848","GSE26848_GSM660712"
"GSE26848","GSE26848_GSM660713"
"GSE26848","GSE26848_GSM660714"
"GSE26848","GSE26848_GSM660715"
"GSE26848","GSE26848_GSM660716"
"GSE26848","GSE26848_GSM660717"
"GSE26848","GSE26848_GSM660718"
"GSE27077","GSE27077_GSM668177"
"GSE27077","GSE27077_GSM668178"
"GSE27077","GSE27077_GSM668179"
"GSE27077","GSE27077_GSM668180"
"GSE27077","GSE27077_GSM668181"
"GSE27077","GSE27077_GSM668182"
"GSE2847","GSE2847_GSM62687"
"GSE2847","GSE2847_GSM62688"
"GSE2847","GSE2847_GSM62690"
"GSE2847","GSE2847_GSM62691"
"GSE2847","GSE2847_GSM62692"
"GSE2848","GSE2848_GSM62694"
"GSE2848","GSE2848_GSM62695"
"GSE2848","GSE2848_GSM62696"
"GSE2848","GSE2848_GSM62697"
"GSE2848","GSE2848_GSM62698"
"GSE2848","GSE2848_GSM62699"
"GSE2848","GSE2848_GSM62701"
"GSE2848","GSE2848_GSM62702"
"GSE2848","GSE2848_GSM62703"
"GSE2848","GSE2848_GSM62704"
"GSE2848","GSE2848_GSM62705"
"GSE28800","GSE28800_GSM713249"
"GSE28800","GSE28800_GSM713250"
"GSE28800","GSE28800_GSM713251"
"GSE28800","GSE28800_GSM713252"
"GSE28800","GSE28800_GSM713253"
"GSE28800","GSE28800_GSM713254"
"GSE28800","GSE28800_GSM713255"
"GSE28800","GSE28800_GSM713256"
"GSE28800","GSE28800_GSM713257"
"GSE28800","GSE28800_GSM713258"
"GSE28800","GSE28800_GSM713259"
"GSE28800","GSE28800_GSM713260"
"GSE29699","GSE29699_GSM736722"
"GSE29699","GSE29699_GSM736723"
"GSE29699","GSE29699_GSM736724"
"GSE29699","GSE29699_GSM736725"
"GSE29699","GSE29699_GSM736726"
"GSE29699","GSE29699_GSM736727"
"GSE30092","GSE30092_GSM744702"
"GSE30092","GSE30092_GSM744703"
"GSE30092","GSE30092_GSM744704"
"GSE30092","GSE30092_GSM744705"
"GSE30092","GSE30092_GSM744706"
"GSE30092","GSE30092_GSM744707"
"GSE30092","GSE30092_GSM744708"
"GSE30092","GSE30092_GSM744709"
"GSE30092","GSE30092_GSM744710"
"GSE30092","GSE30092_GSM744711"
"GSE30092","GSE30092_GSM744712"
"GSE30092","GSE30092_GSM744713"
"GSE30093","GSE30093_GSM744714"
"GSE30093","GSE30093_GSM744715"
"GSE30093","GSE30093_GSM744716"
"GSE30093","GSE30093_GSM744717"
"GSE30093","GSE30093_GSM744718"
"GSE30093","GSE30093_GSM744719"
"GSE30093","GSE30093_GSM744720"
"GSE30093","GSE30093_GSM744721"
"GSE30093","GSE30093_GSM744722"
"GSE30093","GSE30093_GSM744723"
"GSE30093","GSE30093_GSM744724"
"GSE30093","GSE30093_GSM744725"
"GSE32193","GSE32193_GSM797716"
"GSE32193","GSE32193_GSM797717"
"GSE32193","GSE32193_GSM797718"
"GSE32193","GSE32193_GSM797719"
"GSE32193","GSE32193_GSM797720"
"GSE32193","GSE32193_GSM797721"
"GSE32193","GSE32193_GSM797722"
"GSE32193","GSE32193_GSM797723"
"GSE32193","GSE32193_GSM797724"
"GSE32193","GSE32193_GSM797725"
"GSE32193","GSE32193_GSM797726"
"GSE32193","GSE32193_GSM797727"
"GSE32193","GSE32193_GSM797728"
"GSE32193","GSE32193_GSM797729"
"GSE32193","GSE32193_GSM797730"
"GSE32193","GSE32193_GSM797731"
"GSE32193","GSE32193_GSM797732"
"GSE32193","GSE32193_GSM797733"
"GSE33344","GSE33344_GSM824796"
"GSE33344","GSE33344_GSM824799"
"GSE33344","GSE33344_GSM824800"
"GSE33344","GSE33344_GSM824801"
"GSE33344","GSE33344_GSM824802"
"GSE33344","GSE33344_GSM824803"
"GSE33344","GSE33344_GSM824804"
"GSE33344","GSE33344_GSM824805"
"GSE33344","GSE33344_GSM824806"
"GSE33344","GSE33344_GSM824807"
"GSE33412","GSE33412_GSM826542"
"GSE33412","GSE33412_GSM826543"
"GSE33412","GSE33412_GSM826544"
"GSE33412","GSE33412_GSM826545"
"GSE33412","GSE33412_GSM826546"
"GSE33412","GSE33412_GSM826547"
"GSE33412","GSE33412_GSM826548"
"GSE33412","GSE33412_GSM826549"
"GSE33412","GSE33412_GSM826550"
"GSE33412","GSE33412_GSM826551"
"GSE33412","GSE33412_GSM826552"
"GSE33412","GSE33412_GSM826553"
"GSE3350","GSE3350_GSM75508"
"GSE3350","GSE3350_GSM75509"
"GSE3350","GSE3350_GSM75510"
"GSE3350","GSE3350_GSM75511"
"GSE3350","GSE3350_GSM75512"
"GSE3350","GSE3350_GSM75513"
"GSE3350","GSE3350_GSM75514"
"GSE3350","GSE3350_GSM75515"
"GSE3350","GSE3350_GSM75516"
"GSE3350","GSE3350_GSM75517"
"GSE3350","GSE3350_GSM75518"
"GSE3350","GSE3350_GSM75519"
"GSE3350","GSE3350_GSM75520"
"GSE3350","GSE3350_GSM75521"
"GSE35544","GSE35544_GSM870357"
"GSE35544","GSE35544_GSM870358"
"GSE35544","GSE35544_GSM870359"
"GSE35544","GSE35544_GSM870360"
"GSE35544","GSE35544_GSM870361"
"GSE35544","GSE35544_GSM870362"
"GSE35544","GSE35544_GSM870363"
"GSE35544","GSE35544_GSM870364"
"GSE35544","GSE35544_GSM870365"
"GSE35544","GSE35544_GSM870366"
"GSE35544","GSE35544_GSM870367"
"GSE35544","GSE35544_GSM870368"
"GSE35580","GSE35580_GSM871242"
"GSE35580","GSE35580_GSM871243"
"GSE35580","GSE35580_GSM871244"
"GSE35580","GSE35580_GSM871245"
"GSE35580","GSE35580_GSM871246"
"GSE35580","GSE35580_GSM871247"
"GSE35580","GSE35580_GSM871248"
"GSE35580","GSE35580_GSM871249"
"GSE35580","GSE35580_GSM871250"
"GSE35580","GSE35580_GSM871251"
"GSE35580","GSE35580_GSM871252"
"GSE35580","GSE35580_GSM871253"
"GSE35580","GSE35580_GSM871254"
"GSE35580","GSE35580_GSM871255"
"GSE35580","GSE35580_GSM871256"
"GSE35580","GSE35580_GSM871257"
"GSE35580","GSE35580_GSM871258"
"GSE35580","GSE35580_GSM871259"
"GSE35580","GSE35580_GSM871260"
"GSE35580","GSE35580_GSM871261"
"GSE35580","GSE35580_GSM871262"
"GSE35580","GSE35580_GSM871263"
"GSE35580","GSE35580_GSM871264"
"GSE35580","GSE35580_GSM871265"
"GSE35580","GSE35580_GSM871266"
"GSE35580","GSE35580_GSM871267"
"GSE35580","GSE35580_GSM871268"
"GSE35580","GSE35580_GSM871269"
"GSE35580","GSE35580_GSM871270"
"GSE35580","GSE35580_GSM871271"
"GSE39384","GSE39384_GSM967151"
"GSE41963","GSE41963_GSM1028227"
"GSE41963","GSE41963_GSM1028228"
"GSE41963","GSE41963_GSM1028229"
"GSE41963","GSE41963_GSM1028231"
"GSE41963","GSE41963_GSM1028232"
"GSE41963","GSE41963_GSM1028233"
"GSE41963","GSE41963_GSM1028234"
"GSE41963","GSE41963_GSM1028235"
"GSE41963","GSE41963_GSM1028236"
"GSE41963","GSE41963_GSM1028237"
"GSE41963","GSE41963_GSM1028238"
"GSE41963","GSE41963_GSM1028239"
"GSE41963","GSE41963_GSM1028240"
"GSE41963","GSE41963_GSM1028241"
"GSE41963","GSE41963_GSM1028242"
"GSE42007","GSE42007_GSM1030558"
"GSE42007","GSE42007_GSM1030559"
"GSE42007","GSE42007_GSM1030560"
"GSE42007","GSE42007_GSM1030561"
"GSE42007","GSE42007_GSM1030562"
"GSE42007","GSE42007_GSM1030563"
"GSE42007","GSE42007_GSM1030564"
"GSE42007","GSE42007_GSM1030565"
"GSE42007","GSE42007_GSM1030566"
"GSE42007","GSE42007_GSM1030567"
"GSE42007","GSE42007_GSM1030568"
"GSE42007","GSE42007_GSM1030569"
"GSE42007","GSE42007_GSM1030570"
"GSE42007","GSE42007_GSM1030571"
"GSE42007","GSE42007_GSM1030572"
"GSE42007","GSE42007_GSM1030573"
"GSE42007","GSE42007_GSM1030574"
"GSE42007","GSE42007_GSM1030576"
"GSE42007","GSE42007_GSM1030577"
"GSE42007","GSE42007_GSM1030578"
"GSE42007","GSE42007_GSM1030579"
"GSE42007","GSE42007_GSM1030580"
"GSE42007","GSE42007_GSM1030581"
"GSE42007","GSE42007_GSM1030582"
"GSE42007","GSE42007_GSM1030583"
"GSE42007","GSE42007_GSM1030584"
"GSE42007","GSE42007_GSM1030585"
"GSE42007","GSE42007_GSM1030586"
"GSE42007","GSE42007_GSM1030587"
"GSE42007","GSE42007_GSM1030588"
"GSE42007","GSE42007_GSM1030589"
"GSE42007","GSE42007_GSM1030590"
"GSE42007","GSE42007_GSM1030591"
"GSE42007","GSE42007_GSM1030592"
"GSE42007","GSE42007_GSM1030593"
"GSE42007","GSE42007_GSM1030594"
"GSE42007","GSE42007_GSM1030595"
"GSE42007","GSE42007_GSM1030596"
"GSE42007","GSE42007_GSM1030597"
"GSE42007","GSE42007_GSM1030598"
"GSE42007","GSE42007_GSM1030599"
"GSE42007","GSE42007_GSM1030600"
"GSE42007","GSE42007_GSM1030601"
"GSE42007","GSE42007_GSM1030602"
"GSE42007","GSE42007_GSM1030603"
"GSE42007","GSE42007_GSM1030604"
"GSE42007","GSE42007_GSM1030605"
"GSE42896","GSE42896_GSM1053024"
"GSE42896","GSE42896_GSM1053025"
"GSE42896","GSE42896_GSM1053026"
"GSE42896","GSE42896_GSM1053027"
"GSE42896","GSE42896_GSM1053028"
"GSE42896","GSE42896_GSM1053029"
"GSE42896","GSE42896_GSM1053030"
"GSE42896","GSE42896_GSM1053031"
"GSE42896","GSE42896_GSM1053032"
"GSE42896","GSE42896_GSM1053033"
"GSE42896","GSE42896_GSM1053034"
"GSE42896","GSE42896_GSM1053035"
"GSE42896","GSE42896_GSM1053036"
"GSE42896","GSE42896_GSM1053037"
"GSE42896","GSE42896_GSM1053038"
"GSE44922","GSE44922_GSM1093937"
"GSE44922","GSE44922_GSM1093938"
"GSE44922","GSE44922_GSM1093939"
"GSE44922","GSE44922_GSM1093940"
"GSE46456","GSE46456_GSM1130596"
"GSE46456","GSE46456_GSM1130597"
"GSE46456","GSE46456_GSM1130598"
"GSE46456","GSE46456_GSM1130599"
"GSE46456","GSE46456_GSM1130600"
"GSE46456","GSE46456_GSM1130601"
"GSE46456","GSE46456_GSM1130602"
"GSE46456","GSE46456_GSM1130603"
"GSE46456","GSE46456_GSM1130604"
"GSE46456","GSE46456_GSM1130605"
"GSE46456","GSE46456_GSM1130606"
"GSE46456","GSE46456_GSM1130607"
"GSE52013","GSE52013_GSM1257538"
"GSE52013","GSE52013_GSM1257539"
"GSE52013","GSE52013_GSM1257540"
"GSE52013","GSE52013_GSM1257541"
"GSE52013","GSE52013_GSM1257542"
"GSE52013","GSE52013_GSM1257543"
"GSE54870","GSE54870_GSM1325417"
"GSE54870","GSE54870_GSM1325418"
"GSE54870","GSE54870_GSM1325419"
"GSE54870","GSE54870_GSM1325420"
"GSE54870","GSE54870_GSM1325421"
"GSE54870","GSE54870_GSM1325422"
"GSE54870","GSE54870_GSM1325423"
"GSE54870","GSE54870_GSM1325424"
"GSE5521","GSE5521_GSM128688"
"GSE5521","GSE5521_GSM128689"
"GSE5521","GSE5521_GSM128690"
"GSE5521","GSE5521_GSM128691"
"GSE5698","GSE5698_GSM133285"
"GSE5698","GSE5698_GSM133286"
"GSE5698","GSE5698_GSM133287"
"GSE5698","GSE5698_GSM133288"
"GSE5698","GSE5698_GSM133289"
"GSE5698","GSE5698_GSM133290"
"GSE5698","GSE5698_GSM133291"
"GSE5698","GSE5698_GSM133292"
"GSE5698","GSE5698_GSM133293"
"GSE5698","GSE5698_GSM133294"
"GSE5698","GSE5698_GSM133295"
"GSE5698","GSE5698_GSM133296"
"GSE5701","GSE5701_GSM133312"
"GSE5701","GSE5701_GSM133314"
"GSE5701","GSE5701_GSM133315"
"GSE5701","GSE5701_GSM133316"
"GSE5701","GSE5701_GSM133318"
"GSE5701","GSE5701_GSM133320"
"GSE5701","GSE5701_GSM133321"
"GSE5701","GSE5701_GSM133322"
"GSE57449","GSE57449_GSM1382941"
"GSE57449","GSE57449_GSM1382942"
"GSE57449","GSE57449_GSM1382943"
"GSE57449","GSE57449_GSM1382944"
"GSE57449","GSE57449_GSM1382945"
"GSE57449","GSE57449_GSM1382946"
"GSE59426","GSE59426_GSM1436781"
"GSE59426","GSE59426_GSM1436782"
"GSE59426","GSE59426_GSM1436783"
"GSE59426","GSE59426_GSM1436784"
"GSE59426","GSE59426_GSM1436785"
"GSE59426","GSE59426_GSM1436786"
"GSE59426","GSE59426_GSM1436787"
"GSE59426","GSE59426_GSM1436788"
"GSE59426","GSE59426_GSM1436789"
"GSE59426","GSE59426_GSM1436790"
"GSE59426","GSE59426_GSM1436791"
"GSE59426","GSE59426_GSM1436792"
"GSE59741","GSE59741_GSM1445577"
"GSE59741","GSE59741_GSM1445578"
"GSE59741","GSE59741_GSM1445580"
"GSE59741","GSE59741_GSM1445581"
"GSE59741","GSE59741_GSM1445583"
"GSE59741","GSE59741_GSM1445584"
"GSE59741","GSE59741_GSM1445585"
"GSE61104","GSE61104_GSM1496617"
"GSE61104","GSE61104_GSM1496618"
"GSE61104","GSE61104_GSM1496619"
"GSE61104","GSE61104_GSM1496620"
"GSE61104","GSE61104_GSM1496621"
"GSE61104","GSE61104_GSM1496622"
"GSE61104","GSE61104_GSM1496623"
"GSE61104","GSE61104_GSM1496624"
"GSE61344","GSE61344_GSM1502723"
"GSE61344","GSE61344_GSM1502724"
"GSE61344","GSE61344_GSM1502725"
"GSE61344","GSE61344_GSM1502726"
"GSE61344","GSE61344_GSM1502727"
"GSE61344","GSE61344_GSM1502728"
"GSE61344","GSE61344_GSM1502729"
"GSE61344","GSE61344_GSM1502730"
"GSE61344","GSE61344_GSM1502731"
"GSE61344","GSE61344_GSM1502732"
"GSE61344","GSE61344_GSM1502733"
"GSE61344","GSE61344_GSM1502734"
"GSE61344","GSE61344_GSM1502735"
"GSE61344","GSE61344_GSM1502736"
"GSE61344","GSE61344_GSM1502737"
"GSE61344","GSE61344_GSM1502738"
"GSE61344","GSE61344_GSM1502739"
"GSE61344","GSE61344_GSM1502740"
"GSE61344","GSE61344_GSM1502741"
"GSE61344","GSE61344_GSM1502742"
"GSE61344","GSE61344_GSM1502743"
"GSE61408","GSE61408_GSM1504041"
"GSE61408","GSE61408_GSM1504042"
"GSE61408","GSE61408_GSM1504043"
"GSE61408","GSE61408_GSM1504044"
"GSE61408","GSE61408_GSM1504045"
"GSE61408","GSE61408_GSM1504046"
"GSE61408","GSE61408_GSM1504049"
"GSE61408","GSE61408_GSM1504050"
"GSE61408","GSE61408_GSM1504051"
"GSE61408","GSE61408_GSM1504052"
"GSE61408","GSE61408_GSM1504053"
"GSE61408","GSE61408_GSM1504054"
"GSE61408","GSE61408_GSM1504055"
"GSE61408","GSE61408_GSM1504056"
"GSE61408","GSE61408_GSM1504057"
"GSE61408","GSE61408_GSM1504058"
"GSE61408","GSE61408_GSM1504059"
"GSE61408","GSE61408_GSM1504060"
"GSE61408","GSE61408_GSM1504061"
"GSE61408","GSE61408_GSM1504063"
"GSE61408","GSE61408_GSM1504064"
"GSE6148","GSE6148_GSM142591"
"GSE6148","GSE6148_GSM142592"
"GSE6148","GSE6148_GSM142593"
"GSE6148","GSE6148_GSM142594"
"GSE6148","GSE6148_GSM142596"
"GSE6150","GSE6150_GSM142605"
"GSE6150","GSE6150_GSM142606"
"GSE6150","GSE6150_GSM142608"
"GSE6150","GSE6150_GSM142609"
"GSE6150","GSE6150_GSM142610"
"GSE6150","GSE6150_GSM142611"
"GSE6150","GSE6150_GSM142612"
"GSE6150","GSE6150_GSM142613"
"GSE6150","GSE6150_GSM142614"
"GSE6150","GSE6150_GSM142615"
"GSE6150","GSE6150_GSM142616"
"GSE6150","GSE6150_GSM142617"
"GSE6150","GSE6150_GSM142618"
"GSE6150","GSE6150_GSM142619"
"GSE6150","GSE6150_GSM142620"
"GSE6150","GSE6150_GSM142621"
"GSE6150","GSE6150_GSM142622"
"GSE6168","GSE6168_GSM142770"
"GSE6168","GSE6168_GSM142771"
"GSE6171","GSE6171_GSM142784"
"GSE6171","GSE6171_GSM142785"
"GSE6171","GSE6171_GSM142786"
"GSE6171","GSE6171_GSM142787"
"GSE627","GSE627_GSM9571"
"GSE627","GSE627_GSM9572"
"GSE627","GSE627_GSM9573"
"GSE627","GSE627_GSM9574"
"GSE627","GSE627_GSM9575"
"GSE627","GSE627_GSM9576"
"GSE627","GSE627_GSM9577"
"GSE627","GSE627_GSM9578"
"GSE627","GSE627_GSM9579"
"GSE627","GSE627_GSM9580"
"GSE627","GSE627_GSM9581"
"GSE627","GSE627_GSM9582"
"GSE627","GSE627_GSM9583"
"GSE627","GSE627_GSM9584"
"GSE627","GSE627_GSM9585"
"GSE627","GSE627_GSM9586"
"GSE627","GSE627_GSM9587"
"GSE627","GSE627_GSM9588"
"GSE627","GSE627_GSM9589"
"GSE627","GSE627_GSM9590"
"GSE627","GSE627_GSM9591"
"GSE627","GSE627_GSM9592"
"GSE627","GSE627_GSM9593"
"GSE627","GSE627_GSM9594"
"GSE629","GSE629_GSM9595"
"GSE629","GSE629_GSM9596"
"GSE629","GSE629_GSM9597"
"GSE629","GSE629_GSM9598"
"GSE629","GSE629_GSM9599"
"GSE629","GSE629_GSM9600"
"GSE629","GSE629_GSM9601"
"GSE629","GSE629_GSM9602"
"GSE629","GSE629_GSM9603"
"GSE629","GSE629_GSM9605"
"GSE629","GSE629_GSM9606"
"GSE629","GSE629_GSM9607"
"GSE629","GSE629_GSM9608"
"GSE629","GSE629_GSM9609"
"GSE629","GSE629_GSM9610"
"GSE629","GSE629_GSM9612"
"GSE629","GSE629_GSM9613"
"GSE629","GSE629_GSM9614"
"GSE629","GSE629_GSM9615"
"GSE629","GSE629_GSM9616"
"GSE629","GSE629_GSM9617"
"GSE629","GSE629_GSM9618"
"GSE629","GSE629_GSM9619"
"GSE631","GSE631_GSM9620"
"GSE631","GSE631_GSM9624"
"GSE631","GSE631_GSM9625"
"GSE631","GSE631_GSM9626"
"GSE631","GSE631_GSM9627"
"GSE631","GSE631_GSM9628"
"GSE631","GSE631_GSM9629"
"GSE631","GSE631_GSM9630"
"GSE631","GSE631_GSM9631"
"GSE631","GSE631_GSM9632"
"GSE631","GSE631_GSM9633"
"GSE631","GSE631_GSM9634"
"GSE6638","GSE6638_GSM153922"
"GSE6638","GSE6638_GSM153923"
"GSE6638","GSE6638_GSM153924"
"GSE6638","GSE6638_GSM153925"
"GSE6638","GSE6638_GSM153926"
"GSE6638","GSE6638_GSM153927"
"GSE6638","GSE6638_GSM153928"
"GSE6638","GSE6638_GSM153929"
"GSE67144","GSE67144_GSM1640224"
"GSE67144","GSE67144_GSM1640225"
"GSE67144","GSE67144_GSM1640226"
"GSE67144","GSE67144_GSM1640227"
"GSE67144","GSE67144_GSM1640228"
"GSE67144","GSE67144_GSM1640229"
"GSE67144","GSE67144_GSM1640230"
"GSE67144","GSE67144_GSM1640231"
"GSE67144","GSE67144_GSM1640232"
"GSE67144","GSE67144_GSM1640233"
"GSE67144","GSE67144_GSM1640234"
"GSE67144","GSE67144_GSM1640235"
"GSE67144","GSE67144_GSM1640236"
"GSE6832","GSE6832_GSM157382"
"GSE6832","GSE6832_GSM157383"
"GSE6832","GSE6832_GSM157384"
"GSE6832","GSE6832_GSM157385"
"GSE6832","GSE6832_GSM157386"
"GSE6832","GSE6832_GSM157387"
"GSE6832","GSE6832_GSM157388"
"GSE6832","GSE6832_GSM157389"
"GSE6832","GSE6832_GSM157390"
"GSE6832","GSE6832_GSM157391"
"GSE6832","GSE6832_GSM157392"
"GSE6832","GSE6832_GSM157393"
"GSE69828","GSE69828_GSM1709718"
"GSE69828","GSE69828_GSM1709719"
"GSE69828","GSE69828_GSM1709720"
"GSE69828","GSE69828_GSM1709721"
"GSE69828","GSE69828_GSM1709722"
"GSE69828","GSE69828_GSM1709723"
"GSE69828","GSE69828_GSM1709724"
"GSE69828","GSE69828_GSM1709725"
"GSE69828","GSE69828_GSM1709726"
"GSE69828","GSE69828_GSM1709727"
"GSE69828","GSE69828_GSM1709728"
"GSE69828","GSE69828_GSM1709729"
"GSE69828","GSE69828_GSM1709730"
"GSE69828","GSE69828_GSM1709731"
"GSE69828","GSE69828_GSM1709732"
"GSE69828","GSE69828_GSM1709733"
"GSE70843","GSE70843_GSM1820342"
"GSE70843","GSE70843_GSM1820343"
"GSE70843","GSE70843_GSM1820344"
"GSE70843","GSE70843_GSM1820345"
"GSE70843","GSE70843_GSM1820346"
"GSE70843","GSE70843_GSM1820347"
"GSE70843","GSE70843_GSM1820348"
"GSE70843","GSE70843_GSM1820349"
"GSE70843","GSE70843_GSM1820350"
"GSE70843","GSE70843_GSM1820351"
"GSE70843","GSE70843_GSM1820352"
"GSE70843","GSE70843_GSM1820353"
"GSE70843","GSE70843_GSM1820354"
"GSE70843","GSE70843_GSM1820355"
"GSE70843","GSE70843_GSM1820356"
"GSE7112","GSE7112_GSM170896"
"GSE7112","GSE7112_GSM170897"
"GSE7112","GSE7112_GSM170899"
"GSE7112","GSE7112_GSM170911"
"GSE7112","GSE7112_GSM170923"
"GSE7112","GSE7112_GSM170930"
"GSE7112","GSE7112_GSM170931"
"GSE7112","GSE7112_GSM170940"
"GSE71737","GSE71737_GSM1844364"
"GSE71737","GSE71737_GSM1844365"
"GSE71737","GSE71737_GSM1844366"
"GSE71737","GSE71737_GSM1844367"
"GSE71737","GSE71737_GSM1844368"
"GSE71737","GSE71737_GSM1844369"
"GSE71737","GSE71737_GSM1844370"
"GSE71737","GSE71737_GSM1844371"
"GSE71737","GSE71737_GSM1844372"
"GSE71737","GSE71737_GSM1844373"
"GSE71737","GSE71737_GSM1844374"
"GSE71737","GSE71737_GSM1844375"
"GSE71737","GSE71737_GSM1844376"
"GSE71737","GSE71737_GSM1844377"
"GSE71737","GSE71737_GSM1844378"
"GSE71737","GSE71737_GSM1844379"
"GSE71737","GSE71737_GSM1844380"
"GSE71737","GSE71737_GSM1844381"
"GSE71737","GSE71737_GSM1844382"
"GSE71737","GSE71737_GSM1844383"
"GSE71737","GSE71737_GSM1844384"
"GSE71737","GSE71737_GSM1844385"
"GSE71737","GSE71737_GSM1844386"
"GSE71737","GSE71737_GSM1844387"
"GSE71737","GSE71737_GSM1844388"
"GSE71737","GSE71737_GSM1844389"
"GSE71737","GSE71737_GSM1844390"
"GSE71737","GSE71737_GSM1844391"
"GSE71737","GSE71737_GSM1844392"
"GSE71737","GSE71737_GSM1844393"
"GSE71737","GSE71737_GSM1844394"
"GSE71737","GSE71737_GSM1844395"
"GSE71737","GSE71737_GSM1844396"
"GSE71737","GSE71737_GSM1844397"
"GSE71737","GSE71737_GSM1844398"
"GSE71737","GSE71737_GSM1844399"
"GSE71737","GSE71737_GSM1844400"
"GSE71737","GSE71737_GSM1844401"
"GSE71737","GSE71737_GSM1844402"
"GSE71737","GSE71737_GSM1844403"
"GSE71737","GSE71737_GSM1844404"
"GSE71737","GSE71737_GSM1844406"
"GSE71737","GSE71737_GSM1844407"
"GSE71737","GSE71737_GSM1844408"
"GSE71737","GSE71737_GSM1844409"
"GSE71737","GSE71737_GSM1844410"
"GSE71737","GSE71737_GSM1844411"
"GSE71737","GSE71737_GSM1844412"
"GSE71737","GSE71737_GSM1844413"
"GSE71737","GSE71737_GSM1844414"
"GSE71737","GSE71737_GSM1844415"
"GSE71737","GSE71737_GSM1844416"
"GSE71737","GSE71737_GSM1844417"
"GSE71737","GSE71737_GSM1844418"
"GSE71737","GSE71737_GSM1844420"
"GSE71737","GSE71737_GSM1844422"
"GSE71737","GSE71737_GSM1844423"
"GSE71737","GSE71737_GSM1844424"
"GSE71737","GSE71737_GSM1844425"
"GSE71737","GSE71737_GSM1844426"
"GSE71737","GSE71737_GSM1844427"
"GSE7353","GSE7353_GSM177119"
"GSE7353","GSE7353_GSM177120"
"GSE7353","GSE7353_GSM177121"
"GSE7353","GSE7353_GSM177122"
"GSE7353","GSE7353_GSM177123"
"GSE7353","GSE7353_GSM177124"
"GSE7353","GSE7353_GSM177125"
"GSE7353","GSE7353_GSM177126"
"GSE7353","GSE7353_GSM177127"
"GSE7353","GSE7353_GSM177128"
"GSE7353","GSE7353_GSM177129"
"GSE7353","GSE7353_GSM177130"
"GSE7432","GSE7432_GSM179958"
"GSE7432","GSE7432_GSM179959"
"GSE7432","GSE7432_GSM179960"
"GSE7432","GSE7432_GSM179961"
"GSE7432","GSE7432_GSM179963"
"GSE7432","GSE7432_GSM179967"
"GSE7432","GSE7432_GSM179969"
"GSE7432","GSE7432_GSM179970"
"GSE7432","GSE7432_GSM179971"
"GSE7432","GSE7432_GSM179972"
"GSE7432","GSE7432_GSM179973"
"GSE7432","GSE7432_GSM179974"
"GSE7432","GSE7432_GSM179975"
"GSE7432","GSE7432_GSM179976"
"GSE7432","GSE7432_GSM179977"
"GSE7432","GSE7432_GSM179978"
"GSE84446","GSE84446_GSM2236316"
"GSE84446","GSE84446_GSM2236317"
"GSE84446","GSE84446_GSM2236318"
"GSE84446","GSE84446_GSM2236319"
"GSE84446","GSE84446_GSM2236320"
"GSE84446","GSE84446_GSM2236321"
"GSE84446","GSE84446_GSM2236322"
"GSE84446","GSE84446_GSM2236323"
"GSE84446","GSE84446_GSM2236324"
"GSE84446","GSE84446_GSM2236325"
"GSE84446","GSE84446_GSM2236326"
"GSE84446","GSE84446_GSM2236327"
"GSE84446","GSE84446_GSM2236328"
"GSE84446","GSE84446_GSM2236329"
"GSE84446","GSE84446_GSM2236330"
"GSE84446","GSE84446_GSM2236331"
"GSE84446","GSE84446_GSM2236332"
"GSE84446","GSE84446_GSM2236333"
"GSE84446","GSE84446_GSM2236334"
"GSE84446","GSE84446_GSM2236335"
"GSE84446","GSE84446_GSM2236336"
"GSE84446","GSE84446_GSM2236337"
"GSE84446","GSE84446_GSM2236338"
"GSE84446","GSE84446_GSM2236339"
"GSE84446","GSE84446_GSM2236340"
"GSE84446","GSE84446_GSM2236341"
"GSE84446","GSE84446_GSM2236342"
"GSE84446","GSE84446_GSM2236343"
"GSE84446","GSE84446_GSM2236344"
"GSE84446","GSE84446_GSM2236345"
"GSE84446","GSE84446_GSM2236346"
"GSE84446","GSE84446_GSM2236347"
"GSE84446","GSE84446_GSM2236348"
"GSE84446","GSE84446_GSM2236349"
"GSE84446","GSE84446_GSM2236350"
"GSE84446","GSE84446_GSM2236351"
"GSE84446","GSE84446_GSM2236352"
"GSE84446","GSE84446_GSM2236353"
"GSE84446","GSE84446_GSM2236354"
"GSE84446","GSE84446_GSM2236355"
"GSE84446","GSE84446_GSM2236356"
"GSE84446","GSE84446_GSM2236357"
"GSE84446","GSE84446_GSM2236358"
"GSE84446","GSE84446_GSM2236359"
"GSE84446","GSE84446_GSM2236360"
"GSE84446","GSE84446_GSM2236361"
"GSE84446","GSE84446_GSM2236362"
"GSE84446","GSE84446_GSM2236363"
"GSE8739","GSE8739_GSM216888"
"GSE8739","GSE8739_GSM216893"
"GSE8739","GSE8739_GSM216895"
"GSE8739","GSE8739_GSM216896"
"GSE8739","GSE8739_GSM216899"
"GSE8739","GSE8739_GSM216901"
"GSE8739","GSE8739_GSM216904"
"GSE8739","GSE8739_GSM216906"
"GSE8955","GSE8955_GSM226899"
"GSE8955","GSE8955_GSM226900"
"GSE8955","GSE8955_GSM226901"
"GSE8955","GSE8955_GSM226902"
"GSE8955","GSE8955_GSM226903"
"GSE8955","GSE8955_GSM226904"
"GSE8955","GSE8955_GSM226905"
"GSE8955","GSE8955_GSM226906"
"GSE8955","GSE8955_GSM226907"
"GSE8955","GSE8955_GSM226908"
"GSE8955","GSE8955_GSM226909"
"GSE8955","GSE8955_GSM226910"
"GSE8955","GSE8955_GSM226911"
"GSE8955","GSE8955_GSM226912"
"GSE8955","GSE8955_GSM226914"
"GSE8955","GSE8955_GSM226915"
"GSE8955","GSE8955_GSM226916"
"GSE8955","GSE8955_GSM226918"
"GSE8955","GSE8955_GSM226919"
"GSE8955","GSE8955_GSM226920"
"GSE115420","GSE115420_GSM3177904"
"GSE115420","GSE115420_GSM3177905"
"GSE115420","GSE115420_GSM3177906"
"GSE115420","GSE115420_GSM3177907"
"GSE115420","GSE115420_GSM3177908"
"GSE115420","GSE115420_GSM3177909"
"GSE115420","GSE115420_GSM3177910"
"GSE115420","GSE115420_GSM3177911"
"GSE115420","GSE115420_GSM3177912"
"GSE115420","GSE115420_GSM3177913"
"GSE115420","GSE115420_GSM3177914"
"GSE115420","GSE115420_GSM3177915"
"GSE115420","GSE115420_GSM3177916"
"GSE115420","GSE115420_GSM3177917"
"GSE115420","GSE115420_GSM3177918"
"GSE115420","GSE115420_GSM3177919"
