"E-ATMX-13","E-ATMX-13_1"
"E-ATMX-13","E-ATMX-13_10"
"E-ATMX-13","E-ATMX-13_11"
"E-ATMX-13","E-ATMX-13_12"
"E-ATMX-13","E-ATMX-13_13"
"E-ATMX-13","E-ATMX-13_14"
"E-ATMX-13","E-ATMX-13_2"
"E-ATMX-13","E-ATMX-13_3"
"E-ATMX-13","E-ATMX-13_4"
"E-ATMX-13","E-ATMX-13_5"
"E-ATMX-13","E-ATMX-13_6"
"E-ATMX-13","E-ATMX-13_7"
"E-ATMX-13","E-ATMX-13_8"
"E-ATMX-13","E-ATMX-13_9"
"E-ATMX-30","E-ATMX-30_10"
"E-ATMX-30","E-ATMX-30_11"
"E-ATMX-30","E-ATMX-30_12"
"E-ATMX-30","E-ATMX-30_4"
"E-ATMX-30","E-ATMX-30_5"
"E-ATMX-30","E-ATMX-30_6"
"E-ATMX-30","E-ATMX-30_7"
"E-ATMX-30","E-ATMX-30_8"
"E-ATMX-30","E-ATMX-30_9"
"E-ATMX-32","E-ATMX-32_1"
"E-ATMX-32","E-ATMX-32_10"
"E-ATMX-32","E-ATMX-32_11"
"E-ATMX-32","E-ATMX-32_12"
"E-ATMX-32","E-ATMX-32_13"
"E-ATMX-32","E-ATMX-32_14"
"E-ATMX-32","E-ATMX-32_2"
"E-ATMX-32","E-ATMX-32_3"
"E-ATMX-32","E-ATMX-32_4"
"E-ATMX-32","E-ATMX-32_5"
"E-ATMX-32","E-ATMX-32_6"
"E-ATMX-32","E-ATMX-32_7"
"E-ATMX-32","E-ATMX-32_8"
"E-ATMX-32","E-ATMX-32_9"
"E-ATMX-35","E-ATMX-35_7"
"E-ATMX-35","E-ATMX-35_8"
"E-ATMX-35","E-ATMX-35_9"
"E-MEXP-1409","E-MEXP-1409_1"
"E-MEXP-1409","E-MEXP-1409_2"
"E-MEXP-1409","E-MEXP-1409_3"
"E-MEXP-1409","E-MEXP-1409_4"
"E-MEXP-1410","E-MEXP-1410_1"
"E-MEXP-1410","E-MEXP-1410_2"
"E-MEXP-1410","E-MEXP-1410_3"
"E-MEXP-1410","E-MEXP-1410_4"
"E-MEXP-1411","E-MEXP-1411_1"
"E-MEXP-1411","E-MEXP-1411_2"
"E-MEXP-1411","E-MEXP-1411_3"
"E-MEXP-1411","E-MEXP-1411_4"
"E-MEXP-1607","E-MEXP-1607_1"
"E-MEXP-1607","E-MEXP-1607_2"
"E-MEXP-1607","E-MEXP-1607_3"
"E-MEXP-1607","E-MEXP-1607_4"
"E-MEXP-1607","E-MEXP-1607_5"
"E-MEXP-1607","E-MEXP-1607_6"
"E-MEXP-1607","E-MEXP-1607_7"
"E-MEXP-1607","E-MEXP-1607_8"
"E-MEXP-1607","E-MEXP-1607_9"
"E-MEXP-1797","E-MEXP-1797_1"
"E-MEXP-1797","E-MEXP-1797_10"
"E-MEXP-1797","E-MEXP-1797_11"
"E-MEXP-1797","E-MEXP-1797_12"
"E-MEXP-1797","E-MEXP-1797_13"
"E-MEXP-1797","E-MEXP-1797_14"
"E-MEXP-1797","E-MEXP-1797_16"
"E-MEXP-1797","E-MEXP-1797_17"
"E-MEXP-1797","E-MEXP-1797_2"
"E-MEXP-1797","E-MEXP-1797_3"
"E-MEXP-1797","E-MEXP-1797_4"
"E-MEXP-1797","E-MEXP-1797_5"
"E-MEXP-1797","E-MEXP-1797_6"
"E-MEXP-1797","E-MEXP-1797_7"
"E-MEXP-1797","E-MEXP-1797_8"
"E-MEXP-1797","E-MEXP-1797_9"
"E-MEXP-2358","E-MEXP-2358_1"
"E-MEXP-2358","E-MEXP-2358_2"
"E-MEXP-2358","E-MEXP-2358_3"
"E-MEXP-2358","E-MEXP-2358_4"
"E-MEXP-2358","E-MEXP-2358_5"
"E-MEXP-2358","E-MEXP-2358_6"
"E-MEXP-2569","E-MEXP-2569_1"
"E-MEXP-2569","E-MEXP-2569_2"
"E-MEXP-2569","E-MEXP-2569_3"
"E-MEXP-2569","E-MEXP-2569_4"
"E-MEXP-2569","E-MEXP-2569_5"
"E-MEXP-2569","E-MEXP-2569_6"
"E-MEXP-2569","E-MEXP-2569_7"
"E-MEXP-2569","E-MEXP-2569_8"
"E-MEXP-2569","E-MEXP-2569_9"
"E-MEXP-3602","E-MEXP-3602_1"
"E-MEXP-3602","E-MEXP-3602_2"
"E-MEXP-3602","E-MEXP-3602_3"
"E-MEXP-3602","E-MEXP-3602_4"
"E-MEXP-3602","E-MEXP-3602_5"
"E-MEXP-3602","E-MEXP-3602_6"
"E-MEXP-3602","E-MEXP-3602_7"
"E-MEXP-3602","E-MEXP-3602_8"
"E-MEXP-3602","E-MEXP-3602_9"
"E-MEXP-3713","E-MEXP-3713_1"
"E-MEXP-3713","E-MEXP-3713_10"
"E-MEXP-3713","E-MEXP-3713_11"
"E-MEXP-3713","E-MEXP-3713_12"
"E-MEXP-3713","E-MEXP-3713_13"
"E-MEXP-3713","E-MEXP-3713_14"
"E-MEXP-3713","E-MEXP-3713_15"
"E-MEXP-3713","E-MEXP-3713_16"
"E-MEXP-3713","E-MEXP-3713_17"
"E-MEXP-3713","E-MEXP-3713_18"
"E-MEXP-3713","E-MEXP-3713_2"
"E-MEXP-3713","E-MEXP-3713_3"
"E-MEXP-3713","E-MEXP-3713_4"
"E-MEXP-3713","E-MEXP-3713_5"
"E-MEXP-3713","E-MEXP-3713_6"
"E-MEXP-3713","E-MEXP-3713_7"
"E-MEXP-3713","E-MEXP-3713_8"
"E-MEXP-3713","E-MEXP-3713_9"
"E-MEXP-3733","E-MEXP-3733_1"
"E-MEXP-3733","E-MEXP-3733_10"
"E-MEXP-3733","E-MEXP-3733_11"
"E-MEXP-3733","E-MEXP-3733_12"
"E-MEXP-3733","E-MEXP-3733_13"
"E-MEXP-3733","E-MEXP-3733_14"
"E-MEXP-3733","E-MEXP-3733_15"
"E-MEXP-3733","E-MEXP-3733_16"
"E-MEXP-3733","E-MEXP-3733_17"
"E-MEXP-3733","E-MEXP-3733_18"
"E-MEXP-3733","E-MEXP-3733_2"
"E-MEXP-3733","E-MEXP-3733_3"
"E-MEXP-3733","E-MEXP-3733_4"
"E-MEXP-3733","E-MEXP-3733_5"
"E-MEXP-3733","E-MEXP-3733_6"
"E-MEXP-3733","E-MEXP-3733_7"
"E-MEXP-3733","E-MEXP-3733_8"
"E-MEXP-3733","E-MEXP-3733_9"
"E-MEXP-3867","E-MEXP-3867_1"
"E-MEXP-3867","E-MEXP-3867_2"
"E-MEXP-3867","E-MEXP-3867_3"
"E-MEXP-3867","E-MEXP-3867_4"
"E-MEXP-3867","E-MEXP-3867_5"
"E-MEXP-3867","E-MEXP-3867_6"
"E-MEXP-883","E-MEXP-883_1"
"E-MEXP-883","E-MEXP-883_10"
"E-MEXP-883","E-MEXP-883_11"
"E-MEXP-883","E-MEXP-883_12"
"E-MEXP-883","E-MEXP-883_2"
"E-MEXP-883","E-MEXP-883_3"
"E-MEXP-883","E-MEXP-883_4"
"E-MEXP-883","E-MEXP-883_5"
"E-MEXP-883","E-MEXP-883_6"
"E-MEXP-883","E-MEXP-883_7"
"E-MEXP-883","E-MEXP-883_8"
"E-MEXP-883","E-MEXP-883_9"
"E-MTAB-1264","E-MTAB-1264_31"
"E-MTAB-1264","E-MTAB-1264_32"
"E-MTAB-1264","E-MTAB-1264_33"
"E-MTAB-1264","E-MTAB-1264_34"
"E-MTAB-1264","E-MTAB-1264_35"
"E-MTAB-1264","E-MTAB-1264_36"
"E-MTAB-1344","E-MTAB-1344_1"
"E-MTAB-1344","E-MTAB-1344_10"
"E-MTAB-1344","E-MTAB-1344_11"
"E-MTAB-1344","E-MTAB-1344_12"
"E-MTAB-1344","E-MTAB-1344_13"
"E-MTAB-1344","E-MTAB-1344_14"
"E-MTAB-1344","E-MTAB-1344_15"
"E-MTAB-1344","E-MTAB-1344_16"
"E-MTAB-1344","E-MTAB-1344_17"
"E-MTAB-1344","E-MTAB-1344_18"
"E-MTAB-1344","E-MTAB-1344_19"
"E-MTAB-1344","E-MTAB-1344_2"
"E-MTAB-1344","E-MTAB-1344_20"
"E-MTAB-1344","E-MTAB-1344_21"
"E-MTAB-1344","E-MTAB-1344_22"
"E-MTAB-1344","E-MTAB-1344_23"
"E-MTAB-1344","E-MTAB-1344_24"
"E-MTAB-1344","E-MTAB-1344_3"
"E-MTAB-1344","E-MTAB-1344_4"
"E-MTAB-1344","E-MTAB-1344_5"
"E-MTAB-1344","E-MTAB-1344_6"
"E-MTAB-1344","E-MTAB-1344_7"
"E-MTAB-1344","E-MTAB-1344_8"
"E-MTAB-1344","E-MTAB-1344_9"
"E-MTAB-2287","E-MTAB-2287_1"
"E-MTAB-2287","E-MTAB-2287_2"
"E-MTAB-2287","E-MTAB-2287_3"
"E-MTAB-2287","E-MTAB-2287_4"
"E-MTAB-2287","E-MTAB-2287_5"
"E-MTAB-2287","E-MTAB-2287_6"
"E-MTAB-3558","E-MTAB-3558_1"
"E-MTAB-3558","E-MTAB-3558_2"
"E-MTAB-3558","E-MTAB-3558_3"
"E-MTAB-3558","E-MTAB-3558_4"
"E-MTAB-3558","E-MTAB-3558_5"
"E-MTAB-3558","E-MTAB-3558_6"
"E-MTAB-3914","E-MTAB-3914_1"
"E-MTAB-3914","E-MTAB-3914_2"
"E-MTAB-3914","E-MTAB-3914_3"
"E-MTAB-3914","E-MTAB-3914_4"
"E-MTAB-3914","E-MTAB-3914_5"
"E-MTAB-3914","E-MTAB-3914_6"
"E-TABM-17","E-TABM-17_163"
"E-TABM-17","E-TABM-17_164"
"E-TABM-17","E-TABM-17_165"
"E-TABM-17","E-TABM-17_166"
"E-TABM-17","E-TABM-17_167"
"E-TABM-17","E-TABM-17_168"
"E-TABM-17","E-TABM-17_70"
"E-TABM-17","E-TABM-17_71"
"E-TABM-17","E-TABM-17_72"
"E-TABM-729","E-TABM-729_1"
"E-TABM-729","E-TABM-729_2"
"E-TABM-729","E-TABM-729_3"
"E-TABM-729","E-TABM-729_4"
"E-TABM-729","E-TABM-729_5"
"E-TABM-729","E-TABM-729_6"
"GSE10568","GSE10568_GSM266817"
"GSE10568","GSE10568_GSM266818"
"GSE10568","GSE10568_GSM266819"
"GSE10568","GSE10568_GSM266820"
"GSE10568","GSE10568_GSM266821"
"GSE10568","GSE10568_GSM266822"
"GSE10646","GSE10646_GSM268008"
"GSE10646","GSE10646_GSM268010"
"GSE10646","GSE10646_GSM269475"
"GSE10646","GSE10646_GSM269477"
"GSE10646","GSE10646_GSM269478"
"GSE10646","GSE10646_GSM269482"
"GSE10646","GSE10646_GSM269483"
"GSE10646","GSE10646_GSM269484"
"GSE10646","GSE10646_GSM269485"
"GSE10646","GSE10646_GSM269486"
"GSE10646","GSE10646_GSM269487"
"GSE10646","GSE10646_GSM269488"
"GSE10646","GSE10646_GSM269489"
"GSE10646","GSE10646_GSM269490"
"GSE10646","GSE10646_GSM269491"
"GSE10646","GSE10646_GSM269492"
"GSE10646","GSE10646_GSM269493"
"GSE10646","GSE10646_GSM269494"
"GSE10646","GSE10646_GSM269495"
"GSE10646","GSE10646_GSM269496"
"GSE10646","GSE10646_GSM269497"
"GSE10646","GSE10646_GSM269498"
"GSE10646","GSE10646_GSM269499"
"GSE10719","GSE10719_GSM270814"
"GSE10719","GSE10719_GSM270853"
"GSE10719","GSE10719_GSM270865"
"GSE10719","GSE10719_GSM270866"
"GSE10719","GSE10719_GSM270868"
"GSE10719","GSE10719_GSM270870"
"GSE10801","GSE10801_GSM272107"
"GSE10801","GSE10801_GSM272108"
"GSE10801","GSE10801_GSM272109"
"GSE10801","GSE10801_GSM272110"
"GSE10801","GSE10801_GSM272111"
"GSE10801","GSE10801_GSM272112"
"GSE14420","GSE14420_GSM360225"
"GSE14420","GSE14420_GSM360226"
"GSE14420","GSE14420_GSM360227"
"GSE14420","GSE14420_GSM360228"
"GSE14420","GSE14420_GSM360229"
"GSE14420","GSE14420_GSM360230"
"GSE14420","GSE14420_GSM360231"
"GSE14420","GSE14420_GSM360232"
"GSE14420","GSE14420_GSM360233"
"GSE14420","GSE14420_GSM360234"
"GSE14420","GSE14420_GSM360235"
"GSE14420","GSE14420_GSM360236"
"GSE16913","GSE16913_GSM424128"
"GSE16913","GSE16913_GSM424129"
"GSE16913","GSE16913_GSM424130"
"GSE16913","GSE16913_GSM424131"
"GSE16913","GSE16913_GSM424132"
"GSE16913","GSE16913_GSM424133"
"GSE16913","GSE16913_GSM424134"
"GSE16913","GSE16913_GSM424135"
"GSE17496","GSE17496_GSM436174"
"GSE17496","GSE17496_GSM436175"
"GSE17496","GSE17496_GSM436176"
"GSE17496","GSE17496_GSM436177"
"GSE17496","GSE17496_GSM436178"
"GSE17496","GSE17496_GSM436179"
"GSE17496","GSE17496_GSM436180"
"GSE17496","GSE17496_GSM436181"
"GSE17496","GSE17496_GSM436182"
"GSE17675","GSE17675_GSM441062"
"GSE17675","GSE17675_GSM441063"
"GSE17675","GSE17675_GSM441064"
"GSE17675","GSE17675_GSM441065"
"GSE17824","GSE17824_GSM444737"
"GSE17824","GSE17824_GSM444738"
"GSE17824","GSE17824_GSM444739"
"GSE17824","GSE17824_GSM444740"
"GSE17824","GSE17824_GSM444741"
"GSE17824","GSE17824_GSM444742"
"GSE17824","GSE17824_GSM444743"
"GSE17824","GSE17824_GSM444744"
"GSE17824","GSE17824_GSM444745"
"GSE17824","GSE17824_GSM444746"
"GSE17824","GSE17824_GSM444747"
"GSE17824","GSE17824_GSM444748"
"GSE17824","GSE17824_GSM444749"
"GSE17824","GSE17824_GSM444750"
"GSE17824","GSE17824_GSM444751"
"GSE17824","GSE17824_GSM444752"
"GSE18667","GSE18667_GSM463691"
"GSE18667","GSE18667_GSM463692"
"GSE18667","GSE18667_GSM463693"
"GSE18667","GSE18667_GSM463694"
"GSE18667","GSE18667_GSM463695"
"GSE18667","GSE18667_GSM463696"
"GSE18667","GSE18667_GSM463697"
"GSE18667","GSE18667_GSM463698"
"GSE18667","GSE18667_GSM463699"
"GSE18667","GSE18667_GSM463700"
"GSE18667","GSE18667_GSM463701"
"GSE18667","GSE18667_GSM463702"
"GSE18928","GSE18928_GSM468786"
"GSE18928","GSE18928_GSM468787"
"GSE18928","GSE18928_GSM468788"
"GSE18928","GSE18928_GSM468789"
"GSE18960","GSE18960_GSM469413"
"GSE18960","GSE18960_GSM469414"
"GSE18960","GSE18960_GSM469415"
"GSE18960","GSE18960_GSM469416"
"GSE18960","GSE18960_GSM469417"
"GSE18960","GSE18960_GSM469418"
"GSE18979","GSE18979_GSM469781"
"GSE18979","GSE18979_GSM469782"
"GSE18979","GSE18979_GSM469783"
"GSE18979","GSE18979_GSM469784"
"GSE18979","GSE18979_GSM469785"
"GSE18979","GSE18979_GSM469786"
"GSE18981","GSE18981_GSM469793"
"GSE18981","GSE18981_GSM469794"
"GSE18981","GSE18981_GSM469795"
"GSE18981","GSE18981_GSM469796"
"GSE18981","GSE18981_GSM469797"
"GSE18981","GSE18981_GSM469798"
"GSE18988","GSE18988_GSM469854"
"GSE18988","GSE18988_GSM469855"
"GSE18988","GSE18988_GSM469856"
"GSE18988","GSE18988_GSM469857"
"GSE18988","GSE18988_GSM469858"
"GSE18988","GSE18988_GSM469859"
"GSE18988","GSE18988_GSM469860"
"GSE18988","GSE18988_GSM469861"
"GSE18988","GSE18988_GSM469862"
"GSE19258","GSE19258_GSM477857"
"GSE19258","GSE19258_GSM477858"
"GSE19258","GSE19258_GSM477859"
"GSE19258","GSE19258_GSM477860"
"GSE19258","GSE19258_GSM477861"
"GSE19258","GSE19258_GSM477862"
"GSE19258","GSE19258_GSM477863"
"GSE19258","GSE19258_GSM477864"
"GSE19258","GSE19258_GSM477865"
"GSE19258","GSE19258_GSM477866"
"GSE19258","GSE19258_GSM477867"
"GSE19258","GSE19258_GSM477868"
"GSE19258","GSE19258_GSM477869"
"GSE19258","GSE19258_GSM477870"
"GSE19258","GSE19258_GSM477871"
"GSE19258","GSE19258_GSM477872"
"GSE19265","GSE19265_GSM477957"
"GSE19265","GSE19265_GSM477958"
"GSE19265","GSE19265_GSM477959"
"GSE19265","GSE19265_GSM477960"
"GSE19265","GSE19265_GSM477961"
"GSE19265","GSE19265_GSM477962"
"GSE19265","GSE19265_GSM477963"
"GSE19265","GSE19265_GSM477964"
"GSE19265","GSE19265_GSM477965"
"GSE19265","GSE19265_GSM477966"
"GSE19273","GSE19273_GSM478124"
"GSE19273","GSE19273_GSM478125"
"GSE19273","GSE19273_GSM478126"
"GSE19273","GSE19273_GSM478127"
"GSE19273","GSE19273_GSM478128"
"GSE19273","GSE19273_GSM478129"
"GSE19273","GSE19273_GSM478130"
"GSE19273","GSE19273_GSM478131"
"GSE19273","GSE19273_GSM478132"
"GSE19273","GSE19273_GSM478133"
"GSE19273","GSE19273_GSM478134"
"GSE19273","GSE19273_GSM478135"
"GSE19273","GSE19273_GSM478136"
"GSE19273","GSE19273_GSM478137"
"GSE19273","GSE19273_GSM478138"
"GSE19273","GSE19273_GSM478139"
"GSE19273","GSE19273_GSM478140"
"GSE19273","GSE19273_GSM478141"
"GSE19273","GSE19273_GSM478142"
"GSE19273","GSE19273_GSM478143"
"GSE19273","GSE19273_GSM478144"
"GSE19273","GSE19273_GSM478145"
"GSE19273","GSE19273_GSM478146"
"GSE19273","GSE19273_GSM478147"
"GSE19273","GSE19273_GSM478148"
"GSE19273","GSE19273_GSM478149"
"GSE19273","GSE19273_GSM478150"
"GSE19341","GSE19341_GSM480402"
"GSE19341","GSE19341_GSM480403"
"GSE19341","GSE19341_GSM480404"
"GSE19341","GSE19341_GSM480405"
"GSE19341","GSE19341_GSM480406"
"GSE19341","GSE19341_GSM480407"
"GSE20009","GSE20009_GSM499712"
"GSE20009","GSE20009_GSM499713"
"GSE20009","GSE20009_GSM499714"
"GSE20009","GSE20009_GSM499715"
"GSE20009","GSE20009_GSM499716"
"GSE20228","GSE20228_GSM507069"
"GSE20228","GSE20228_GSM507070"
"GSE20228","GSE20228_GSM507071"
"GSE20228","GSE20228_GSM507072"
"GSE20228","GSE20228_GSM507073"
"GSE20228","GSE20228_GSM507074"
"GSE20454","GSE20454_GSM513064"
"GSE20454","GSE20454_GSM513070"
"GSE20454","GSE20454_GSM513071"
"GSE20454","GSE20454_GSM513072"
"GSE20454","GSE20454_GSM513074"
"GSE20454","GSE20454_GSM513075"
"GSE20454","GSE20454_GSM513076"
"GSE20586","GSE20586_GSM517073"
"GSE20586","GSE20586_GSM517074"
"GSE20586","GSE20586_GSM517075"
"GSE20586","GSE20586_GSM517076"
"GSE20586","GSE20586_GSM517077"
"GSE20586","GSE20586_GSM517078"
"GSE20586","GSE20586_GSM517079"
"GSE20586","GSE20586_GSM517080"
"GSE20586","GSE20586_GSM517081"
"GSE20586","GSE20586_GSM517082"
"GSE20586","GSE20586_GSM517083"
"GSE20586","GSE20586_GSM517084"
"GSE20586","GSE20586_GSM517085"
"GSE20586","GSE20586_GSM517086"
"GSE20586","GSE20586_GSM517087"
"GSE20586","GSE20586_GSM517088"
"GSE20586","GSE20586_GSM517089"
"GSE20586","GSE20586_GSM517090"
"GSE2268","GSE2268_GSM38668"
"GSE2268","GSE2268_GSM38669"
"GSE2268","GSE2268_GSM38670"
"GSE2268","GSE2268_GSM38671"
"GSE23301","GSE23301_GSM571891"
"GSE23301","GSE23301_GSM571892"
"GSE23301","GSE23301_GSM571893"
"GSE23301","GSE23301_GSM571894"
"GSE23301","GSE23301_GSM571895"
"GSE23301","GSE23301_GSM571896"
"GSE23301","GSE23301_GSM604750"
"GSE23301","GSE23301_GSM604751"
"GSE23301","GSE23301_GSM604752"
"GSE23301","GSE23301_GSM604753"
"GSE23301","GSE23301_GSM604754"
"GSE23301","GSE23301_GSM604755"
"GSE23555","GSE23555_GSM577717"
"GSE23555","GSE23555_GSM577718"
"GSE23555","GSE23555_GSM577719"
"GSE23555","GSE23555_GSM577723"
"GSE23555","GSE23555_GSM577724"
"GSE23555","GSE23555_GSM577725"
"GSE23555","GSE23555_GSM577726"
"GSE23555","GSE23555_GSM577727"
"GSE23820","GSE23820_GSM587318"
"GSE23820","GSE23820_GSM587319"
"GSE23820","GSE23820_GSM587320"
"GSE23820","GSE23820_GSM587321"
"GSE23820","GSE23820_GSM587322"
"GSE23820","GSE23820_GSM587323"
"GSE26297","GSE26297_GSM645690"
"GSE26297","GSE26297_GSM645691"
"GSE26297","GSE26297_GSM645692"
"GSE26297","GSE26297_GSM645693"
"GSE26297","GSE26297_GSM645694"
"GSE26297","GSE26297_GSM645695"
"GSE26297","GSE26297_GSM645696"
"GSE26297","GSE26297_GSM645697"
"GSE26297","GSE26297_GSM645698"
"GSE26297","GSE26297_GSM645699"
"GSE26297","GSE26297_GSM645700"
"GSE26297","GSE26297_GSM645701"
"GSE26297","GSE26297_GSM645702"
"GSE26297","GSE26297_GSM645703"
"GSE26297","GSE26297_GSM645704"
"GSE26297","GSE26297_GSM645705"
"GSE26297","GSE26297_GSM645706"
"GSE26297","GSE26297_GSM645707"
"GSE26297","GSE26297_GSM645708"
"GSE26297","GSE26297_GSM645709"
"GSE27077","GSE27077_GSM668177"
"GSE27077","GSE27077_GSM668178"
"GSE27077","GSE27077_GSM668179"
"GSE27077","GSE27077_GSM668180"
"GSE27077","GSE27077_GSM668181"
"GSE27077","GSE27077_GSM668182"
"GSE28600","GSE28600_GSM707767"
"GSE28600","GSE28600_GSM707768"
"GSE28600","GSE28600_GSM707769"
"GSE28600","GSE28600_GSM707770"
"GSE28600","GSE28600_GSM707772"
"GSE28600","GSE28600_GSM707773"
"GSE28600","GSE28600_GSM707774"
"GSE28600","GSE28600_GSM707775"
"GSE28600","GSE28600_GSM707776"
"GSE28600","GSE28600_GSM707777"
"GSE28600","GSE28600_GSM707778"
"GSE28600","GSE28600_GSM707779"
"GSE28600","GSE28600_GSM707780"
"GSE28600","GSE28600_GSM707781"
"GSE28600","GSE28600_GSM707782"
"GSE28600","GSE28600_GSM707783"
"GSE28600","GSE28600_GSM707784"
"GSE28600","GSE28600_GSM707785"
"GSE28600","GSE28600_GSM707786"
"GSE28600","GSE28600_GSM707787"
"GSE28600","GSE28600_GSM707788"
"GSE28600","GSE28600_GSM707789"
"GSE28600","GSE28600_GSM707790"
"GSE28600","GSE28600_GSM707791"
"GSE28600","GSE28600_GSM707792"
"GSE30093","GSE30093_GSM744714"
"GSE30093","GSE30093_GSM744715"
"GSE30093","GSE30093_GSM744716"
"GSE30093","GSE30093_GSM744717"
"GSE30093","GSE30093_GSM744718"
"GSE30093","GSE30093_GSM744719"
"GSE30093","GSE30093_GSM744720"
"GSE30093","GSE30093_GSM744721"
"GSE30093","GSE30093_GSM744722"
"GSE30093","GSE30093_GSM744723"
"GSE30093","GSE30093_GSM744724"
"GSE30093","GSE30093_GSM744725"
"GSE31837","GSE31837_GSM789666"
"GSE31837","GSE31837_GSM789667"
"GSE31837","GSE31837_GSM789668"
"GSE31837","GSE31837_GSM789669"
"GSE31837","GSE31837_GSM789670"
"GSE31837","GSE31837_GSM789671"
"GSE31837","GSE31837_GSM789672"
"GSE31837","GSE31837_GSM789673"
"GSE31837","GSE31837_GSM789674"
"GSE31837","GSE31837_GSM789675"
"GSE31837","GSE31837_GSM789676"
"GSE31837","GSE31837_GSM789677"
"GSE31837","GSE31837_GSM789678"
"GSE31837","GSE31837_GSM789679"
"GSE31837","GSE31837_GSM789680"
"GSE31837","GSE31837_GSM789681"
"GSE31837","GSE31837_GSM789682"
"GSE31837","GSE31837_GSM789683"
"GSE31837","GSE31837_GSM789684"
"GSE31837","GSE31837_GSM789685"
"GSE31837","GSE31837_GSM789686"
"GSE32671","GSE32671_GSM810983"
"GSE32671","GSE32671_GSM810984"
"GSE32671","GSE32671_GSM810986"
"GSE32671","GSE32671_GSM810987"
"GSE32671","GSE32671_GSM810988"
"GSE36360","GSE36360_GSM889567"
"GSE36360","GSE36360_GSM889568"
"GSE36360","GSE36360_GSM889569"
"GSE36360","GSE36360_GSM889570"
"GSE36360","GSE36360_GSM889571"
"GSE36360","GSE36360_GSM889572"
"GSE36360","GSE36360_GSM889573"
"GSE36360","GSE36360_GSM889574"
"GSE36360","GSE36360_GSM889575"
"GSE36360","GSE36360_GSM889576"
"GSE36360","GSE36360_GSM889577"
"GSE36360","GSE36360_GSM889578"
"GSE36360","GSE36360_GSM889580"
"GSE36360","GSE36360_GSM889581"
"GSE36360","GSE36360_GSM889582"
"GSE36360","GSE36360_GSM889583"
"GSE36360","GSE36360_GSM889584"
"GSE36479","GSE36479_GSM894476"
"GSE36479","GSE36479_GSM894477"
"GSE36479","GSE36479_GSM894478"
"GSE431","GSE431_GSM6544"
"GSE431","GSE431_GSM6571"
"GSE431","GSE431_GSM6572"
"GSE431","GSE431_GSM6574"
"GSE431","GSE431_GSM6575"
"GSE431","GSE431_GSM6577"
"GSE431","GSE431_GSM6578"
"GSE431","GSE431_GSM6579"
"GSE431","GSE431_GSM6582"
"GSE431","GSE431_GSM6583"
"GSE47092","GSE47092_GSM1144675"
"GSE47092","GSE47092_GSM1144676"
"GSE47092","GSE47092_GSM1144677"
"GSE47092","GSE47092_GSM1144678"
"GSE47092","GSE47092_GSM1144679"
"GSE47092","GSE47092_GSM1144680"
"GSE47092","GSE47092_GSM1144681"
"GSE47092","GSE47092_GSM1144682"
"GSE47092","GSE47092_GSM1144683"
"GSE5521","GSE5521_GSM128688"
"GSE5521","GSE5521_GSM128689"
"GSE5521","GSE5521_GSM128690"
"GSE5521","GSE5521_GSM128691"
"GSE5523","GSE5523_GSM128704"
"GSE5523","GSE5523_GSM128705"
"GSE5523","GSE5523_GSM128706"
"GSE5523","GSE5523_GSM128707"
"GSE5523","GSE5523_GSM128708"
"GSE5523","GSE5523_GSM128709"
"GSE5523","GSE5523_GSM128710"
"GSE5523","GSE5523_GSM128711"
"GSE5525","GSE5525_GSM128715"
"GSE5525","GSE5525_GSM128716"
"GSE5525","GSE5525_GSM128717"
"GSE5525","GSE5525_GSM128718"
"GSE5525","GSE5525_GSM128719"
"GSE5525","GSE5525_GSM128720"
"GSE5525","GSE5525_GSM128721"
"GSE5525","GSE5525_GSM128722"
"GSE5525","GSE5525_GSM128723"
"GSE5525","GSE5525_GSM128724"
"GSE5525","GSE5525_GSM128725"
"GSE5525","GSE5525_GSM128726"
"GSE5525","GSE5525_GSM128727"
"GSE5525","GSE5525_GSM128728"
"GSE5539","GSE5539_GSM128877"
"GSE5539","GSE5539_GSM128878"
"GSE5539","GSE5539_GSM128879"
"GSE5539","GSE5539_GSM128880"
"GSE5539","GSE5539_GSM128881"
"GSE5539","GSE5539_GSM128882"
"GSE5618","GSE5618_GSM131217"
"GSE5618","GSE5618_GSM131218"
"GSE5618","GSE5618_GSM131219"
"GSE5618","GSE5618_GSM131220"
"GSE5629","GSE5629_GSM131474"
"GSE5629","GSE5629_GSM131475"
"GSE5629","GSE5629_GSM131476"
"GSE5629","GSE5629_GSM131477"
"GSE5629","GSE5629_GSM131478"
"GSE5629","GSE5629_GSM131479"
"GSE5629","GSE5629_GSM131480"
"GSE5629","GSE5629_GSM131481"
"GSE5629","GSE5629_GSM131482"
"GSE5640","GSE5640_GSM131841"
"GSE5640","GSE5640_GSM131842"
"GSE56659","GSE56659_GSM1366455"
"GSE56659","GSE56659_GSM1366456"
"GSE56659","GSE56659_GSM1366457"
"GSE56659","GSE56659_GSM1366458"
"GSE56659","GSE56659_GSM1366459"
"GSE56659","GSE56659_GSM1366460"
"GSE5698","GSE5698_GSM133285"
"GSE5698","GSE5698_GSM133286"
"GSE5698","GSE5698_GSM133287"
"GSE5698","GSE5698_GSM133288"
"GSE5698","GSE5698_GSM133289"
"GSE5698","GSE5698_GSM133290"
"GSE5698","GSE5698_GSM133291"
"GSE5698","GSE5698_GSM133292"
"GSE5698","GSE5698_GSM133293"
"GSE5698","GSE5698_GSM133294"
"GSE5698","GSE5698_GSM133295"
"GSE5698","GSE5698_GSM133296"
"GSE5699","GSE5699_GSM133297"
"GSE5699","GSE5699_GSM133298"
"GSE5699","GSE5699_GSM133299"
"GSE5699","GSE5699_GSM133300"
"GSE5699","GSE5699_GSM133301"
"GSE5699","GSE5699_GSM133302"
"GSE5710","GSE5710_GSM133400"
"GSE5710","GSE5710_GSM133401"
"GSE5710","GSE5710_GSM133402"
"GSE5722","GSE5722_GSM133705"
"GSE5722","GSE5722_GSM133706"
"GSE5722","GSE5722_GSM133707"
"GSE5722","GSE5722_GSM133708"
"GSE5722","GSE5722_GSM133709"
"GSE5722","GSE5722_GSM133710"
"GSE5728","GSE5728_GSM133739"
"GSE5728","GSE5728_GSM133740"
"GSE5728","GSE5728_GSM133741"
"GSE5728","GSE5728_GSM133742"
"GSE5728","GSE5728_GSM133743"
"GSE5728","GSE5728_GSM133744"
"GSE5728","GSE5728_GSM133745"
"GSE5728","GSE5728_GSM133746"
"GSE5735","GSE5735_GSM133808"
"GSE5735","GSE5735_GSM133810"
"GSE5735","GSE5735_GSM133811"
"GSE5735","GSE5735_GSM133812"
"GSE5735","GSE5735_GSM133813"
"GSE5735","GSE5735_GSM133814"
"GSE5735","GSE5735_GSM133815"
"GSE5747","GSE5747_GSM133945"
"GSE5747","GSE5747_GSM133947"
"GSE5747","GSE5747_GSM133949"
"GSE5747","GSE5747_GSM133950"
"GSE5747","GSE5747_GSM133951"
"GSE5747","GSE5747_GSM133952"
"GSE5747","GSE5747_GSM133953"
"GSE5748","GSE5748_GSM133957"
"GSE5748","GSE5748_GSM133958"
"GSE5748","GSE5748_GSM133959"
"GSE5748","GSE5748_GSM133960"
"GSE5748","GSE5748_GSM133961"
"GSE5748","GSE5748_GSM133962"
"GSE5748","GSE5748_GSM133963"
"GSE5748","GSE5748_GSM133964"
"GSE5748","GSE5748_GSM133965"
"GSE5748","GSE5748_GSM133966"
"GSE5748","GSE5748_GSM133967"
"GSE5750","GSE5750_GSM134202"
"GSE5750","GSE5750_GSM134204"
"GSE5750","GSE5750_GSM134206"
"GSE5752","GSE5752_GSM134340"
"GSE5752","GSE5752_GSM134341"
"GSE5752","GSE5752_GSM134342"
"GSE5752","GSE5752_GSM134343"
"GSE5752","GSE5752_GSM134344"
"GSE5752","GSE5752_GSM134345"
"GSE5752","GSE5752_GSM134346"
"GSE5752","GSE5752_GSM134347"
"GSE5752","GSE5752_GSM134348"
"GSE5752","GSE5752_GSM134349"
"GSE5752","GSE5752_GSM134350"
"GSE5752","GSE5752_GSM134351"
"GSE5752","GSE5752_GSM134352"
"GSE5752","GSE5752_GSM134353"
"GSE5752","GSE5752_GSM134354"
"GSE5752","GSE5752_GSM134355"
"GSE5752","GSE5752_GSM134357"
"GSE5753","GSE5753_GSM134358"
"GSE5753","GSE5753_GSM134359"
"GSE5753","GSE5753_GSM134360"
"GSE5753","GSE5753_GSM134361"
"GSE5753","GSE5753_GSM134362"
"GSE5753","GSE5753_GSM134363"
"GSE5753","GSE5753_GSM134364"
"GSE5753","GSE5753_GSM134365"
"GSE5753","GSE5753_GSM134366"
"GSE5753","GSE5753_GSM134367"
"GSE5753","GSE5753_GSM134369"
"GSE5753","GSE5753_GSM134370"
"GSE5753","GSE5753_GSM134371"
"GSE5753","GSE5753_GSM134373"
"GSE5753","GSE5753_GSM134374"
"GSE5753","GSE5753_GSM134375"
"GSE5754","GSE5754_GSM134376"
"GSE5754","GSE5754_GSM134377"
"GSE5754","GSE5754_GSM134378"
"GSE5754","GSE5754_GSM134379"
"GSE5754","GSE5754_GSM134380"
"GSE5754","GSE5754_GSM134381"
"GSE5754","GSE5754_GSM134382"
"GSE5754","GSE5754_GSM134383"
"GSE5754","GSE5754_GSM134384"
"GSE5754","GSE5754_GSM134385"
"GSE5754","GSE5754_GSM134386"
"GSE5754","GSE5754_GSM134387"
"GSE5754","GSE5754_GSM134388"
"GSE5754","GSE5754_GSM134389"
"GSE5754","GSE5754_GSM134390"
"GSE5754","GSE5754_GSM134391"
"GSE5754","GSE5754_GSM134392"
"GSE5755","GSE5755_GSM134394"
"GSE5755","GSE5755_GSM134395"
"GSE5755","GSE5755_GSM134396"
"GSE5755","GSE5755_GSM134397"
"GSE5755","GSE5755_GSM134398"
"GSE5755","GSE5755_GSM134399"
"GSE5755","GSE5755_GSM134400"
"GSE5755","GSE5755_GSM134401"
"GSE5755","GSE5755_GSM134402"
"GSE5755","GSE5755_GSM134403"
"GSE5755","GSE5755_GSM134404"
"GSE5755","GSE5755_GSM134405"
"GSE5755","GSE5755_GSM134406"
"GSE5755","GSE5755_GSM134408"
"GSE5755","GSE5755_GSM134409"
"GSE5755","GSE5755_GSM134410"
"GSE5755","GSE5755_GSM134411"
"GSE5756","GSE5756_GSM134412"
"GSE5756","GSE5756_GSM134413"
"GSE5756","GSE5756_GSM134414"
"GSE5756","GSE5756_GSM134415"
"GSE5756","GSE5756_GSM134416"
"GSE5756","GSE5756_GSM134417"
"GSE5756","GSE5756_GSM134418"
"GSE5756","GSE5756_GSM134419"
"GSE5756","GSE5756_GSM134421"
"GSE5756","GSE5756_GSM134422"
"GSE5756","GSE5756_GSM134423"
"GSE5756","GSE5756_GSM134424"
"GSE5756","GSE5756_GSM134425"
"GSE5756","GSE5756_GSM134426"
"GSE5756","GSE5756_GSM134427"
"GSE5756","GSE5756_GSM134428"
"GSE5756","GSE5756_GSM134429"
"GSE5757","GSE5757_GSM134430"
"GSE5757","GSE5757_GSM134431"
"GSE5757","GSE5757_GSM134432"
"GSE5757","GSE5757_GSM134433"
"GSE5757","GSE5757_GSM134434"
"GSE5757","GSE5757_GSM134435"
"GSE5757","GSE5757_GSM134436"
"GSE5757","GSE5757_GSM134437"
"GSE5757","GSE5757_GSM134438"
"GSE5757","GSE5757_GSM134439"
"GSE5757","GSE5757_GSM134440"
"GSE5757","GSE5757_GSM134441"
"GSE5757","GSE5757_GSM134443"
"GSE5757","GSE5757_GSM134444"
"GSE5757","GSE5757_GSM134445"
"GSE5757","GSE5757_GSM134446"
"GSE5757","GSE5757_GSM134447"
"GSE5758","GSE5758_GSM134448"
"GSE5758","GSE5758_GSM134449"
"GSE5758","GSE5758_GSM134450"
"GSE5758","GSE5758_GSM134451"
"GSE5758","GSE5758_GSM134452"
"GSE5758","GSE5758_GSM134454"
"GSE5758","GSE5758_GSM134455"
"GSE5758","GSE5758_GSM134456"
"GSE5758","GSE5758_GSM134457"
"GSE5758","GSE5758_GSM134458"
"GSE5758","GSE5758_GSM134459"
"GSE5758","GSE5758_GSM134462"
"GSE5758","GSE5758_GSM134463"
"GSE5758","GSE5758_GSM134464"
"GSE5758","GSE5758_GSM134465"
"GSE57751","GSE57751_GSM1388047"
"GSE57751","GSE57751_GSM1388048"
"GSE57751","GSE57751_GSM1388049"
"GSE57751","GSE57751_GSM1388050"
"GSE57751","GSE57751_GSM1388051"
"GSE57751","GSE57751_GSM1388052"
"GSE57751","GSE57751_GSM1388053"
"GSE57751","GSE57751_GSM1388054"
"GSE57751","GSE57751_GSM1388055"
"GSE57751","GSE57751_GSM1388056"
"GSE57751","GSE57751_GSM1388057"
"GSE57751","GSE57751_GSM1388058"
"GSE6148","GSE6148_GSM142591"
"GSE6148","GSE6148_GSM142592"
"GSE6148","GSE6148_GSM142593"
"GSE6148","GSE6148_GSM142594"
"GSE6148","GSE6148_GSM142596"
"GSE6150","GSE6150_GSM142605"
"GSE6150","GSE6150_GSM142606"
"GSE6150","GSE6150_GSM142608"
"GSE6150","GSE6150_GSM142609"
"GSE6150","GSE6150_GSM142610"
"GSE6150","GSE6150_GSM142611"
"GSE6150","GSE6150_GSM142612"
"GSE6150","GSE6150_GSM142613"
"GSE6150","GSE6150_GSM142614"
"GSE6150","GSE6150_GSM142615"
"GSE6150","GSE6150_GSM142616"
"GSE6150","GSE6150_GSM142617"
"GSE6150","GSE6150_GSM142618"
"GSE6150","GSE6150_GSM142619"
"GSE6150","GSE6150_GSM142620"
"GSE6150","GSE6150_GSM142621"
"GSE6150","GSE6150_GSM142622"
"GSE6166","GSE6166_GSM142756"
"GSE6166","GSE6166_GSM142757"
"GSE6166","GSE6166_GSM142758"
"GSE6166","GSE6166_GSM142759"
"GSE6166","GSE6166_GSM142760"
"GSE6166","GSE6166_GSM142761"
"GSE6166","GSE6166_GSM142762"
"GSE6166","GSE6166_GSM142763"
"GSE6168","GSE6168_GSM142770"
"GSE6168","GSE6168_GSM142771"
"GSE6171","GSE6171_GSM142784"
"GSE6171","GSE6171_GSM142785"
"GSE6171","GSE6171_GSM142786"
"GSE6171","GSE6171_GSM142787"
"GSE6178","GSE6178_GSM142882"
"GSE6178","GSE6178_GSM142884"
"GSE6178","GSE6178_GSM142885"
"GSE6181","GSE6181_GSM142902"
"GSE6181","GSE6181_GSM142903"
"GSE6181","GSE6181_GSM142904"
"GSE6181","GSE6181_GSM142905"
"GSE6181","GSE6181_GSM142906"
"GSE6181","GSE6181_GSM142907"
"GSE64352","GSE64352_GSM1569054"
"GSE64352","GSE64352_GSM1569055"
"GSE64352","GSE64352_GSM1569056"
"GSE64352","GSE64352_GSM1569057"
"GSE64352","GSE64352_GSM1569058"
"GSE64352","GSE64352_GSM1569059"
"GSE65415","GSE65415_GSM1595804"
"GSE65415","GSE65415_GSM1595805"
"GSE65415","GSE65415_GSM1595806"
"GSE65415","GSE65415_GSM1595807"
"GSE65415","GSE65415_GSM1595808"
"GSE65415","GSE65415_GSM1595809"
"GSE6583","GSE6583_GSM152134"
"GSE6583","GSE6583_GSM152135"
"GSE6583","GSE6583_GSM152136"
"GSE6583","GSE6583_GSM152137"
"GSE6583","GSE6583_GSM152138"
"GSE6583","GSE6583_GSM152139"
"GSE6583","GSE6583_GSM152140"
"GSE6583","GSE6583_GSM152141"
"GSE6583","GSE6583_GSM152142"
"GSE6583","GSE6583_GSM152143"
"GSE6583","GSE6583_GSM152144"
"GSE6583","GSE6583_GSM152145"
"GSE67768","GSE67768_GSM1655503"
"GSE67768","GSE67768_GSM1655504"
"GSE67768","GSE67768_GSM1655505"
"GSE67768","GSE67768_GSM1655506"
"GSE67768","GSE67768_GSM1655507"
"GSE67768","GSE67768_GSM1655508"
"GSE67768","GSE67768_GSM1655509"
"GSE67768","GSE67768_GSM1655510"
"GSE67768","GSE67768_GSM1655511"
"GSE67768","GSE67768_GSM1655512"
"GSE6827","GSE6827_GSM157341"
"GSE6827","GSE6827_GSM157342"
"GSE6827","GSE6827_GSM157343"
"GSE6827","GSE6827_GSM157344"
"GSE6827","GSE6827_GSM157345"
"GSE6827","GSE6827_GSM157346"
"GSE73146","GSE73146_GSM1887741"
"GSE73146","GSE73146_GSM1887742"
"GSE73146","GSE73146_GSM1887743"
"GSE73146","GSE73146_GSM1887744"
"GSE73146","GSE73146_GSM1887745"
"GSE73146","GSE73146_GSM1887747"
"GSE73146","GSE73146_GSM1887749"
"GSE73146","GSE73146_GSM1887751"
"GSE73146","GSE73146_GSM1887754"
"GSE73146","GSE73146_GSM1887759"
"GSE73146","GSE73146_GSM1887767"
"GSE81477","GSE81477_GSM2154642"
"GSE81477","GSE81477_GSM2154643"
"GSE81477","GSE81477_GSM2154644"
"GSE81477","GSE81477_GSM2154645"
"GSE81477","GSE81477_GSM2154646"
"GSE81477","GSE81477_GSM2154647"
"GSE81477","GSE81477_GSM2154648"
"GSE81477","GSE81477_GSM2154649"
"GSE81477","GSE81477_GSM2154650"
"GSE81477","GSE81477_GSM2154651"
"GSE81477","GSE81477_GSM2154652"
"GSE81477","GSE81477_GSM2154653"
"GSE81477","GSE81477_GSM2154654"
"GSE81477","GSE81477_GSM2154655"
"GSE81477","GSE81477_GSM2154656"
"GSE81477","GSE81477_GSM2154657"
"GSE81477","GSE81477_GSM2154658"
"GSE81477","GSE81477_GSM2154659"
"GSE81477","GSE81477_GSM2154660"
"GSE81477","GSE81477_GSM2154661"
"GSE82274","GSE82274_GSM2187851"
"GSE82274","GSE82274_GSM2187852"
"GSE82274","GSE82274_GSM2187853"
"GSE82274","GSE82274_GSM2187854"
"GSE82274","GSE82274_GSM2187855"
"GSE82274","GSE82274_GSM2187856"
"GSE92631","GSE92631_GSM2433783"
"GSE92631","GSE92631_GSM2433784"
"GSE92631","GSE92631_GSM2433785"
"GSE92631","GSE92631_GSM2433786"
"GSE92631","GSE92631_GSM2433787"
"GSE92631","GSE92631_GSM2433788"
"GSE94348","GSE94348_GSM2473592"
"GSE94348","GSE94348_GSM2473593"
"GSE94348","GSE94348_GSM2473594"
"GSE94348","GSE94348_GSM2473595"
"GSE94348","GSE94348_GSM2473596"
"GSE94348","GSE94348_GSM2473597"
"GSE94348","GSE94348_GSM2473598"
"GSE94348","GSE94348_GSM2473599"
"GSE94348","GSE94348_GSM2473600"
"NASC-30","NASC-30_Swidzinski_1-10_Control_Rep1_ATH1"
"NASC-30","NASC-30_Swidzinski_1-11_Control_Rep2_ATH1"
"NASC-30","NASC-30_Swidzinski_1-12_Heat_Rep1_ATH1"
"NASC-30","NASC-30_Swidzinski_1-13_Heat_Rep2_ATH1"
"NASC-30","NASC-30_Swidzinski_1-14_Senescence_Rep1_ATH1"
"NASC-30","NASC-30_Swidzinski_1-15_Senescence_Rep2_ATH1"
