"E-ATMX-31","E-ATMX-31_4"
"E-ATMX-31","E-ATMX-31_5"
"E-ATMX-31","E-ATMX-31_6"
"E-ATMX-5","E-ATMX-5_1"
"E-ATMX-5","E-ATMX-5_2"
"E-MEXP-1876","E-MEXP-1876_1"
"E-MEXP-1876","E-MEXP-1876_2"
"E-MEXP-1876","E-MEXP-1876_3"
"E-MEXP-1876","E-MEXP-1876_4"
"E-MEXP-1876","E-MEXP-1876_5"
"E-MEXP-1876","E-MEXP-1876_6"
"E-MEXP-2140","E-MEXP-2140_1"
"E-MEXP-2140","E-MEXP-2140_10"
"E-MEXP-2140","E-MEXP-2140_11"
"E-MEXP-2140","E-MEXP-2140_12"
"E-MEXP-2140","E-MEXP-2140_2"
"E-MEXP-2140","E-MEXP-2140_3"
"E-MEXP-2140","E-MEXP-2140_4"
"E-MEXP-2140","E-MEXP-2140_5"
"E-MEXP-2140","E-MEXP-2140_6"
"E-MEXP-2140","E-MEXP-2140_7"
"E-MEXP-2140","E-MEXP-2140_8"
"E-MEXP-2140","E-MEXP-2140_9"
"E-MEXP-2208","E-MEXP-2208_1"
"E-MEXP-2208","E-MEXP-2208_2"
"E-MEXP-2208","E-MEXP-2208_3"
"E-MEXP-2208","E-MEXP-2208_4"
"E-MEXP-2208","E-MEXP-2208_5"
"E-MEXP-2208","E-MEXP-2208_6"
"E-MEXP-2483","E-MEXP-2483_5"
"E-MEXP-2483","E-MEXP-2483_6"
"E-MEXP-2483","E-MEXP-2483_7"
"E-MEXP-2483","E-MEXP-2483_8"
"E-MEXP-254","E-MEXP-254_1"
"E-MEXP-254","E-MEXP-254_10"
"E-MEXP-254","E-MEXP-254_11"
"E-MEXP-254","E-MEXP-254_12"
"E-MEXP-254","E-MEXP-254_2"
"E-MEXP-254","E-MEXP-254_3"
"E-MEXP-254","E-MEXP-254_4"
"E-MEXP-254","E-MEXP-254_5"
"E-MEXP-254","E-MEXP-254_6"
"E-MEXP-254","E-MEXP-254_7"
"E-MEXP-254","E-MEXP-254_8"
"E-MEXP-254","E-MEXP-254_9"
"E-MEXP-2601","E-MEXP-2601_1"
"E-MEXP-2601","E-MEXP-2601_10"
"E-MEXP-2601","E-MEXP-2601_11"
"E-MEXP-2601","E-MEXP-2601_12"
"E-MEXP-2601","E-MEXP-2601_2"
"E-MEXP-2601","E-MEXP-2601_3"
"E-MEXP-2601","E-MEXP-2601_4"
"E-MEXP-2601","E-MEXP-2601_5"
"E-MEXP-2601","E-MEXP-2601_6"
"E-MEXP-2601","E-MEXP-2601_7"
"E-MEXP-2601","E-MEXP-2601_8"
"E-MEXP-2601","E-MEXP-2601_9"
"E-MEXP-2608","E-MEXP-2608_1"
"E-MEXP-2608","E-MEXP-2608_13"
"E-MEXP-2608","E-MEXP-2608_14"
"E-MEXP-2608","E-MEXP-2608_15"
"E-MEXP-2608","E-MEXP-2608_16"
"E-MEXP-2608","E-MEXP-2608_17"
"E-MEXP-2608","E-MEXP-2608_18"
"E-MEXP-2608","E-MEXP-2608_2"
"E-MEXP-2608","E-MEXP-2608_3"
"E-MEXP-2608","E-MEXP-2608_4"
"E-MEXP-2608","E-MEXP-2608_5"
"E-MEXP-2608","E-MEXP-2608_6"
"E-MEXP-2608","E-MEXP-2608_8"
"E-MEXP-2912","E-MEXP-2912_1"
"E-MEXP-2912","E-MEXP-2912_10"
"E-MEXP-2912","E-MEXP-2912_11"
"E-MEXP-2912","E-MEXP-2912_12"
"E-MEXP-2912","E-MEXP-2912_13"
"E-MEXP-2912","E-MEXP-2912_14"
"E-MEXP-2912","E-MEXP-2912_15"
"E-MEXP-2912","E-MEXP-2912_16"
"E-MEXP-2912","E-MEXP-2912_17"
"E-MEXP-2912","E-MEXP-2912_18"
"E-MEXP-2912","E-MEXP-2912_19"
"E-MEXP-2912","E-MEXP-2912_20"
"E-MEXP-2912","E-MEXP-2912_21"
"E-MEXP-2912","E-MEXP-2912_22"
"E-MEXP-2912","E-MEXP-2912_23"
"E-MEXP-2912","E-MEXP-2912_24"
"E-MEXP-2912","E-MEXP-2912_25"
"E-MEXP-2912","E-MEXP-2912_26"
"E-MEXP-2912","E-MEXP-2912_27"
"E-MEXP-2912","E-MEXP-2912_28"
"E-MEXP-2912","E-MEXP-2912_29"
"E-MEXP-2912","E-MEXP-2912_30"
"E-MEXP-2912","E-MEXP-2912_4"
"E-MEXP-2912","E-MEXP-2912_5"
"E-MEXP-2912","E-MEXP-2912_7"
"E-MEXP-2912","E-MEXP-2912_8"
"E-MEXP-2912","E-MEXP-2912_9"
"E-MEXP-3048","E-MEXP-3048_1"
"E-MEXP-3048","E-MEXP-3048_10"
"E-MEXP-3048","E-MEXP-3048_11"
"E-MEXP-3048","E-MEXP-3048_12"
"E-MEXP-3048","E-MEXP-3048_2"
"E-MEXP-3048","E-MEXP-3048_3"
"E-MEXP-3048","E-MEXP-3048_4"
"E-MEXP-3048","E-MEXP-3048_5"
"E-MEXP-3048","E-MEXP-3048_6"
"E-MEXP-3048","E-MEXP-3048_7"
"E-MEXP-3048","E-MEXP-3048_8"
"E-MEXP-3048","E-MEXP-3048_9"
"E-MEXP-3053","E-MEXP-3053_1"
"E-MEXP-3053","E-MEXP-3053_10"
"E-MEXP-3053","E-MEXP-3053_11"
"E-MEXP-3053","E-MEXP-3053_12"
"E-MEXP-3053","E-MEXP-3053_2"
"E-MEXP-3053","E-MEXP-3053_3"
"E-MEXP-3053","E-MEXP-3053_4"
"E-MEXP-3053","E-MEXP-3053_5"
"E-MEXP-3053","E-MEXP-3053_6"
"E-MEXP-3053","E-MEXP-3053_7"
"E-MEXP-3053","E-MEXP-3053_8"
"E-MEXP-3053","E-MEXP-3053_9"
"E-MEXP-3283","E-MEXP-3283_1"
"E-MEXP-3283","E-MEXP-3283_2"
"E-MEXP-3283","E-MEXP-3283_3"
"E-MEXP-3283","E-MEXP-3283_4"
"E-MEXP-3283","E-MEXP-3283_6"
"E-MEXP-3283","E-MEXP-3283_7"
"E-MEXP-3283","E-MEXP-3283_8"
"E-MEXP-3649","E-MEXP-3649_1"
"E-MEXP-3649","E-MEXP-3649_2"
"E-MEXP-3649","E-MEXP-3649_3"
"E-MEXP-3649","E-MEXP-3649_4"
"E-MEXP-635","E-MEXP-635_2"
"E-MEXP-635","E-MEXP-635_3"
"E-MEXP-635","E-MEXP-635_4"
"E-MEXP-635","E-MEXP-635_5"
"E-MEXP-635","E-MEXP-635_6"
"E-MEXP-722","E-MEXP-722_1"
"E-MEXP-722","E-MEXP-722_10"
"E-MEXP-722","E-MEXP-722_11"
"E-MEXP-722","E-MEXP-722_12"
"E-MEXP-722","E-MEXP-722_2"
"E-MEXP-722","E-MEXP-722_3"
"E-MEXP-722","E-MEXP-722_4"
"E-MEXP-722","E-MEXP-722_5"
"E-MEXP-722","E-MEXP-722_6"
"E-MEXP-722","E-MEXP-722_7"
"E-MEXP-722","E-MEXP-722_8"
"E-MEXP-722","E-MEXP-722_9"
"E-MEXP-791","E-MEXP-791_10"
"E-MEXP-791","E-MEXP-791_11"
"E-MEXP-791","E-MEXP-791_12"
"E-MEXP-791","E-MEXP-791_7"
"E-MEXP-791","E-MEXP-791_8"
"E-MEXP-791","E-MEXP-791_9"
"E-MEXP-828","E-MEXP-828_1"
"E-MEXP-828","E-MEXP-828_10"
"E-MEXP-828","E-MEXP-828_11"
"E-MEXP-828","E-MEXP-828_12"
"E-MEXP-828","E-MEXP-828_13"
"E-MEXP-828","E-MEXP-828_14"
"E-MEXP-828","E-MEXP-828_15"
"E-MEXP-828","E-MEXP-828_16"
"E-MEXP-828","E-MEXP-828_17"
"E-MEXP-828","E-MEXP-828_18"
"E-MEXP-828","E-MEXP-828_19"
"E-MEXP-828","E-MEXP-828_2"
"E-MEXP-828","E-MEXP-828_20"
"E-MEXP-828","E-MEXP-828_21"
"E-MEXP-828","E-MEXP-828_22"
"E-MEXP-828","E-MEXP-828_23"
"E-MEXP-828","E-MEXP-828_24"
"E-MEXP-828","E-MEXP-828_25"
"E-MEXP-828","E-MEXP-828_26"
"E-MEXP-828","E-MEXP-828_27"
"E-MEXP-828","E-MEXP-828_28"
"E-MEXP-828","E-MEXP-828_29"
"E-MEXP-828","E-MEXP-828_3"
"E-MEXP-828","E-MEXP-828_30"
"E-MEXP-828","E-MEXP-828_31"
"E-MEXP-828","E-MEXP-828_32"
"E-MEXP-828","E-MEXP-828_33"
"E-MEXP-828","E-MEXP-828_34"
"E-MEXP-828","E-MEXP-828_4"
"E-MEXP-828","E-MEXP-828_5"
"E-MEXP-828","E-MEXP-828_6"
"E-MEXP-828","E-MEXP-828_7"
"E-MEXP-828","E-MEXP-828_8"
"E-MEXP-828","E-MEXP-828_9"
"E-MTAB-1264","E-MTAB-1264_11"
"E-MTAB-1264","E-MTAB-1264_12"
"E-MTAB-1264","E-MTAB-1264_13"
"E-MTAB-1264","E-MTAB-1264_14"
"E-MTAB-1264","E-MTAB-1264_15"
"E-MTAB-1264","E-MTAB-1264_16"
"E-MTAB-1264","E-MTAB-1264_17"
"E-MTAB-1264","E-MTAB-1264_18"
"E-MTAB-1264","E-MTAB-1264_19"
"E-MTAB-1264","E-MTAB-1264_20"
"E-MTAB-1354","E-MTAB-1354_1"
"E-MTAB-1354","E-MTAB-1354_10"
"E-MTAB-1354","E-MTAB-1354_100"
"E-MTAB-1354","E-MTAB-1354_101"
"E-MTAB-1354","E-MTAB-1354_102"
"E-MTAB-1354","E-MTAB-1354_103"
"E-MTAB-1354","E-MTAB-1354_104"
"E-MTAB-1354","E-MTAB-1354_105"
"E-MTAB-1354","E-MTAB-1354_106"
"E-MTAB-1354","E-MTAB-1354_107"
"E-MTAB-1354","E-MTAB-1354_108"
"E-MTAB-1354","E-MTAB-1354_109"
"E-MTAB-1354","E-MTAB-1354_110"
"E-MTAB-1354","E-MTAB-1354_111"
"E-MTAB-1354","E-MTAB-1354_112"
"E-MTAB-1354","E-MTAB-1354_113"
"E-MTAB-1354","E-MTAB-1354_114"
"E-MTAB-1354","E-MTAB-1354_115"
"E-MTAB-1354","E-MTAB-1354_116"
"E-MTAB-1354","E-MTAB-1354_117"
"E-MTAB-1354","E-MTAB-1354_118"
"E-MTAB-1354","E-MTAB-1354_119"
"E-MTAB-1354","E-MTAB-1354_12"
"E-MTAB-1354","E-MTAB-1354_120"
"E-MTAB-1354","E-MTAB-1354_121"
"E-MTAB-1354","E-MTAB-1354_122"
"E-MTAB-1354","E-MTAB-1354_123"
"E-MTAB-1354","E-MTAB-1354_124"
"E-MTAB-1354","E-MTAB-1354_125"
"E-MTAB-1354","E-MTAB-1354_126"
"E-MTAB-1354","E-MTAB-1354_127"
"E-MTAB-1354","E-MTAB-1354_128"
"E-MTAB-1354","E-MTAB-1354_129"
"E-MTAB-1354","E-MTAB-1354_13"
"E-MTAB-1354","E-MTAB-1354_130"
"E-MTAB-1354","E-MTAB-1354_131"
"E-MTAB-1354","E-MTAB-1354_132"
"E-MTAB-1354","E-MTAB-1354_133"
"E-MTAB-1354","E-MTAB-1354_134"
"E-MTAB-1354","E-MTAB-1354_135"
"E-MTAB-1354","E-MTAB-1354_136"
"E-MTAB-1354","E-MTAB-1354_137"
"E-MTAB-1354","E-MTAB-1354_138"
"E-MTAB-1354","E-MTAB-1354_139"
"E-MTAB-1354","E-MTAB-1354_14"
"E-MTAB-1354","E-MTAB-1354_140"
"E-MTAB-1354","E-MTAB-1354_141"
"E-MTAB-1354","E-MTAB-1354_142"
"E-MTAB-1354","E-MTAB-1354_143"
"E-MTAB-1354","E-MTAB-1354_144"
"E-MTAB-1354","E-MTAB-1354_145"
"E-MTAB-1354","E-MTAB-1354_146"
"E-MTAB-1354","E-MTAB-1354_147"
"E-MTAB-1354","E-MTAB-1354_148"
"E-MTAB-1354","E-MTAB-1354_149"
"E-MTAB-1354","E-MTAB-1354_15"
"E-MTAB-1354","E-MTAB-1354_150"
"E-MTAB-1354","E-MTAB-1354_151"
"E-MTAB-1354","E-MTAB-1354_152"
"E-MTAB-1354","E-MTAB-1354_153"
"E-MTAB-1354","E-MTAB-1354_154"
"E-MTAB-1354","E-MTAB-1354_155"
"E-MTAB-1354","E-MTAB-1354_156"
"E-MTAB-1354","E-MTAB-1354_16"
"E-MTAB-1354","E-MTAB-1354_17"
"E-MTAB-1354","E-MTAB-1354_18"
"E-MTAB-1354","E-MTAB-1354_19"
"E-MTAB-1354","E-MTAB-1354_2"
"E-MTAB-1354","E-MTAB-1354_20"
"E-MTAB-1354","E-MTAB-1354_21"
"E-MTAB-1354","E-MTAB-1354_22"
"E-MTAB-1354","E-MTAB-1354_23"
"E-MTAB-1354","E-MTAB-1354_24"
"E-MTAB-1354","E-MTAB-1354_25"
"E-MTAB-1354","E-MTAB-1354_26"
"E-MTAB-1354","E-MTAB-1354_27"
"E-MTAB-1354","E-MTAB-1354_28"
"E-MTAB-1354","E-MTAB-1354_29"
"E-MTAB-1354","E-MTAB-1354_3"
"E-MTAB-1354","E-MTAB-1354_30"
"E-MTAB-1354","E-MTAB-1354_31"
"E-MTAB-1354","E-MTAB-1354_32"
"E-MTAB-1354","E-MTAB-1354_33"
"E-MTAB-1354","E-MTAB-1354_34"
"E-MTAB-1354","E-MTAB-1354_35"
"E-MTAB-1354","E-MTAB-1354_36"
"E-MTAB-1354","E-MTAB-1354_37"
"E-MTAB-1354","E-MTAB-1354_38"
"E-MTAB-1354","E-MTAB-1354_39"
"E-MTAB-1354","E-MTAB-1354_4"
"E-MTAB-1354","E-MTAB-1354_40"
"E-MTAB-1354","E-MTAB-1354_41"
"E-MTAB-1354","E-MTAB-1354_42"
"E-MTAB-1354","E-MTAB-1354_43"
"E-MTAB-1354","E-MTAB-1354_44"
"E-MTAB-1354","E-MTAB-1354_45"
"E-MTAB-1354","E-MTAB-1354_46"
"E-MTAB-1354","E-MTAB-1354_47"
"E-MTAB-1354","E-MTAB-1354_48"
"E-MTAB-1354","E-MTAB-1354_49"
"E-MTAB-1354","E-MTAB-1354_5"
"E-MTAB-1354","E-MTAB-1354_50"
"E-MTAB-1354","E-MTAB-1354_51"
"E-MTAB-1354","E-MTAB-1354_52"
"E-MTAB-1354","E-MTAB-1354_53"
"E-MTAB-1354","E-MTAB-1354_54"
"E-MTAB-1354","E-MTAB-1354_55"
"E-MTAB-1354","E-MTAB-1354_56"
"E-MTAB-1354","E-MTAB-1354_57"
"E-MTAB-1354","E-MTAB-1354_58"
"E-MTAB-1354","E-MTAB-1354_59"
"E-MTAB-1354","E-MTAB-1354_6"
"E-MTAB-1354","E-MTAB-1354_60"
"E-MTAB-1354","E-MTAB-1354_61"
"E-MTAB-1354","E-MTAB-1354_62"
"E-MTAB-1354","E-MTAB-1354_63"
"E-MTAB-1354","E-MTAB-1354_64"
"E-MTAB-1354","E-MTAB-1354_65"
"E-MTAB-1354","E-MTAB-1354_66"
"E-MTAB-1354","E-MTAB-1354_67"
"E-MTAB-1354","E-MTAB-1354_68"
"E-MTAB-1354","E-MTAB-1354_69"
"E-MTAB-1354","E-MTAB-1354_7"
"E-MTAB-1354","E-MTAB-1354_70"
"E-MTAB-1354","E-MTAB-1354_71"
"E-MTAB-1354","E-MTAB-1354_72"
"E-MTAB-1354","E-MTAB-1354_73"
"E-MTAB-1354","E-MTAB-1354_74"
"E-MTAB-1354","E-MTAB-1354_75"
"E-MTAB-1354","E-MTAB-1354_76"
"E-MTAB-1354","E-MTAB-1354_77"
"E-MTAB-1354","E-MTAB-1354_78"
"E-MTAB-1354","E-MTAB-1354_79"
"E-MTAB-1354","E-MTAB-1354_8"
"E-MTAB-1354","E-MTAB-1354_80"
"E-MTAB-1354","E-MTAB-1354_81"
"E-MTAB-1354","E-MTAB-1354_82"
"E-MTAB-1354","E-MTAB-1354_83"
"E-MTAB-1354","E-MTAB-1354_84"
"E-MTAB-1354","E-MTAB-1354_85"
"E-MTAB-1354","E-MTAB-1354_86"
"E-MTAB-1354","E-MTAB-1354_87"
"E-MTAB-1354","E-MTAB-1354_88"
"E-MTAB-1354","E-MTAB-1354_89"
"E-MTAB-1354","E-MTAB-1354_9"
"E-MTAB-1354","E-MTAB-1354_90"
"E-MTAB-1354","E-MTAB-1354_91"
"E-MTAB-1354","E-MTAB-1354_92"
"E-MTAB-1354","E-MTAB-1354_93"
"E-MTAB-1354","E-MTAB-1354_94"
"E-MTAB-1354","E-MTAB-1354_95"
"E-MTAB-1354","E-MTAB-1354_96"
"E-MTAB-1354","E-MTAB-1354_97"
"E-MTAB-1354","E-MTAB-1354_98"
"E-MTAB-1354","E-MTAB-1354_99"
"E-MTAB-1582","E-MTAB-1582_1"
"E-MTAB-1582","E-MTAB-1582_2"
"E-MTAB-1582","E-MTAB-1582_3"
"E-MTAB-1582","E-MTAB-1582_4"
"E-MTAB-1582","E-MTAB-1582_5"
"E-MTAB-1582","E-MTAB-1582_6"
"E-MTAB-2565","E-MTAB-2565_1"
"E-MTAB-2565","E-MTAB-2565_10"
"E-MTAB-2565","E-MTAB-2565_11"
"E-MTAB-2565","E-MTAB-2565_12"
"E-MTAB-2565","E-MTAB-2565_13"
"E-MTAB-2565","E-MTAB-2565_14"
"E-MTAB-2565","E-MTAB-2565_15"
"E-MTAB-2565","E-MTAB-2565_16"
"E-MTAB-2565","E-MTAB-2565_17"
"E-MTAB-2565","E-MTAB-2565_18"
"E-MTAB-2565","E-MTAB-2565_19"
"E-MTAB-2565","E-MTAB-2565_2"
"E-MTAB-2565","E-MTAB-2565_20"
"E-MTAB-2565","E-MTAB-2565_21"
"E-MTAB-2565","E-MTAB-2565_22"
"E-MTAB-2565","E-MTAB-2565_23"
"E-MTAB-2565","E-MTAB-2565_24"
"E-MTAB-2565","E-MTAB-2565_25"
"E-MTAB-2565","E-MTAB-2565_26"
"E-MTAB-2565","E-MTAB-2565_27"
"E-MTAB-2565","E-MTAB-2565_28"
"E-MTAB-2565","E-MTAB-2565_29"
"E-MTAB-2565","E-MTAB-2565_3"
"E-MTAB-2565","E-MTAB-2565_30"
"E-MTAB-2565","E-MTAB-2565_31"
"E-MTAB-2565","E-MTAB-2565_32"
"E-MTAB-2565","E-MTAB-2565_33"
"E-MTAB-2565","E-MTAB-2565_34"
"E-MTAB-2565","E-MTAB-2565_35"
"E-MTAB-2565","E-MTAB-2565_36"
"E-MTAB-2565","E-MTAB-2565_37"
"E-MTAB-2565","E-MTAB-2565_38"
"E-MTAB-2565","E-MTAB-2565_39"
"E-MTAB-2565","E-MTAB-2565_4"
"E-MTAB-2565","E-MTAB-2565_40"
"E-MTAB-2565","E-MTAB-2565_41"
"E-MTAB-2565","E-MTAB-2565_42"
"E-MTAB-2565","E-MTAB-2565_43"
"E-MTAB-2565","E-MTAB-2565_44"
"E-MTAB-2565","E-MTAB-2565_45"
"E-MTAB-2565","E-MTAB-2565_46"
"E-MTAB-2565","E-MTAB-2565_47"
"E-MTAB-2565","E-MTAB-2565_48"
"E-MTAB-2565","E-MTAB-2565_49"
"E-MTAB-2565","E-MTAB-2565_5"
"E-MTAB-2565","E-MTAB-2565_50"
"E-MTAB-2565","E-MTAB-2565_51"
"E-MTAB-2565","E-MTAB-2565_52"
"E-MTAB-2565","E-MTAB-2565_54"
"E-MTAB-2565","E-MTAB-2565_55"
"E-MTAB-2565","E-MTAB-2565_56"
"E-MTAB-2565","E-MTAB-2565_57"
"E-MTAB-2565","E-MTAB-2565_58"
"E-MTAB-2565","E-MTAB-2565_59"
"E-MTAB-2565","E-MTAB-2565_6"
"E-MTAB-2565","E-MTAB-2565_60"
"E-MTAB-2565","E-MTAB-2565_61"
"E-MTAB-2565","E-MTAB-2565_62"
"E-MTAB-2565","E-MTAB-2565_63"
"E-MTAB-2565","E-MTAB-2565_64"
"E-MTAB-2565","E-MTAB-2565_65"
"E-MTAB-2565","E-MTAB-2565_66"
"E-MTAB-2565","E-MTAB-2565_67"
"E-MTAB-2565","E-MTAB-2565_68"
"E-MTAB-2565","E-MTAB-2565_69"
"E-MTAB-2565","E-MTAB-2565_7"
"E-MTAB-2565","E-MTAB-2565_70"
"E-MTAB-2565","E-MTAB-2565_71"
"E-MTAB-2565","E-MTAB-2565_72"
"E-MTAB-2565","E-MTAB-2565_8"
"E-MTAB-2565","E-MTAB-2565_9"
"E-MTAB-2853","E-MTAB-2853_1"
"E-MTAB-2853","E-MTAB-2853_10"
"E-MTAB-2853","E-MTAB-2853_11"
"E-MTAB-2853","E-MTAB-2853_12"
"E-MTAB-2853","E-MTAB-2853_2"
"E-MTAB-2853","E-MTAB-2853_3"
"E-MTAB-2853","E-MTAB-2853_4"
"E-MTAB-2853","E-MTAB-2853_5"
"E-MTAB-2853","E-MTAB-2853_6"
"E-MTAB-2853","E-MTAB-2853_7"
"E-MTAB-2853","E-MTAB-2853_8"
"E-MTAB-2853","E-MTAB-2853_9"
"E-MTAB-3400","E-MTAB-3400_1"
"E-MTAB-3400","E-MTAB-3400_10"
"E-MTAB-3400","E-MTAB-3400_11"
"E-MTAB-3400","E-MTAB-3400_12"
"E-MTAB-3400","E-MTAB-3400_2"
"E-MTAB-3400","E-MTAB-3400_3"
"E-MTAB-3400","E-MTAB-3400_4"
"E-MTAB-3400","E-MTAB-3400_5"
"E-MTAB-3400","E-MTAB-3400_6"
"E-MTAB-3400","E-MTAB-3400_7"
"E-MTAB-3400","E-MTAB-3400_8"
"E-MTAB-3400","E-MTAB-3400_9"
"E-MTAB-3402","E-MTAB-3402_1"
"E-MTAB-3402","E-MTAB-3402_2"
"E-MTAB-3402","E-MTAB-3402_3"
"E-MTAB-3402","E-MTAB-3402_4"
"E-MTAB-3402","E-MTAB-3402_5"
"E-MTAB-3402","E-MTAB-3402_6"
"E-MTAB-3402","E-MTAB-3402_7"
"E-MTAB-3402","E-MTAB-3402_8"
"E-MTAB-3451","E-MTAB-3451_1"
"E-MTAB-3451","E-MTAB-3451_10"
"E-MTAB-3451","E-MTAB-3451_11"
"E-MTAB-3451","E-MTAB-3451_12"
"E-MTAB-3451","E-MTAB-3451_13"
"E-MTAB-3451","E-MTAB-3451_14"
"E-MTAB-3451","E-MTAB-3451_16"
"E-MTAB-3451","E-MTAB-3451_2"
"E-MTAB-3451","E-MTAB-3451_3"
"E-MTAB-3451","E-MTAB-3451_4"
"E-MTAB-3451","E-MTAB-3451_5"
"E-MTAB-3451","E-MTAB-3451_6"
"E-MTAB-3451","E-MTAB-3451_7"
"E-MTAB-3451","E-MTAB-3451_8"
"E-MTAB-3451","E-MTAB-3451_9"
"E-MTAB-4129","E-MTAB-4129_1"
"E-MTAB-4129","E-MTAB-4129_2"
"E-MTAB-4129","E-MTAB-4129_3"
"E-MTAB-4129","E-MTAB-4129_4"
"E-MTAB-4129","E-MTAB-4129_5"
"E-MTAB-4129","E-MTAB-4129_6"
"E-MTAB-4130","E-MTAB-4130_1"
"E-MTAB-4130","E-MTAB-4130_10"
"E-MTAB-4130","E-MTAB-4130_11"
"E-MTAB-4130","E-MTAB-4130_12"
"E-MTAB-4130","E-MTAB-4130_2"
"E-MTAB-4130","E-MTAB-4130_3"
"E-MTAB-4130","E-MTAB-4130_4"
"E-MTAB-4130","E-MTAB-4130_5"
"E-MTAB-4130","E-MTAB-4130_6"
"E-MTAB-4130","E-MTAB-4130_7"
"E-MTAB-4130","E-MTAB-4130_8"
"E-MTAB-4130","E-MTAB-4130_9"
"E-MTAB-5607","E-MTAB-5607_1"
"E-MTAB-5607","E-MTAB-5607_2"
"E-MTAB-5607","E-MTAB-5607_3"
"E-MTAB-5607","E-MTAB-5607_4"
"E-MTAB-5607","E-MTAB-5607_5"
"E-MTAB-5607","E-MTAB-5607_6"
"E-MTAB-5610","E-MTAB-5610_1"
"E-MTAB-5610","E-MTAB-5610_2"
"E-MTAB-5610","E-MTAB-5610_3"
"E-MTAB-5610","E-MTAB-5610_4"
"E-MTAB-5610","E-MTAB-5610_5"
"E-MTAB-5610","E-MTAB-5610_6"
"E-TABM-17","E-TABM-17_16"
"E-TABM-17","E-TABM-17_17"
"E-TABM-17","E-TABM-17_18"
"E-TABM-17","E-TABM-17_215"
"E-TABM-17","E-TABM-17_216"
"E-TABM-17","E-TABM-17_22"
"E-TABM-17","E-TABM-17_226"
"E-TABM-17","E-TABM-17_227"
"E-TABM-17","E-TABM-17_228"
"E-TABM-17","E-TABM-17_229"
"E-TABM-17","E-TABM-17_23"
"E-TABM-17","E-TABM-17_230"
"E-TABM-17","E-TABM-17_231"
"E-TABM-17","E-TABM-17_24"
"E-TABM-17","E-TABM-17_55"
"E-TABM-17","E-TABM-17_56"
"E-TABM-17","E-TABM-17_57"
"E-TABM-17","E-TABM-17_58"
"E-TABM-17","E-TABM-17_59"
"E-TABM-17","E-TABM-17_60"
"E-TABM-821","E-TABM-821_1"
"E-TABM-821","E-TABM-821_2"
"E-TABM-821","E-TABM-821_3"
"E-TABM-821","E-TABM-821_4"
"GSE100903","GSE100903_GSM2695897"
"GSE100903","GSE100903_GSM2695898"
"GSE100903","GSE100903_GSM2695899"
"GSE100903","GSE100903_GSM2695900"
"GSE100903","GSE100903_GSM2695901"
"GSE100903","GSE100903_GSM2695902"
"GSE100903","GSE100903_GSM2695903"
"GSE100903","GSE100903_GSM2695904"
"GSE100903","GSE100903_GSM2695905"
"GSE100903","GSE100903_GSM2695906"
"GSE100903","GSE100903_GSM2695907"
"GSE100903","GSE100903_GSM2695908"
"GSE100903","GSE100903_GSM2695909"
"GSE100903","GSE100903_GSM2695910"
"GSE100903","GSE100903_GSM2695911"
"GSE10248","GSE10248_GSM258792"
"GSE10248","GSE10248_GSM258793"
"GSE10248","GSE10248_GSM258794"
"GSE10248","GSE10248_GSM258795"
"GSE10248","GSE10248_GSM258796"
"GSE10248","GSE10248_GSM258797"
"GSE102691","GSE102691_GSM2743071"
"GSE102691","GSE102691_GSM2743072"
"GSE102691","GSE102691_GSM2743073"
"GSE102691","GSE102691_GSM2743074"
"GSE102691","GSE102691_GSM2743075"
"GSE102691","GSE102691_GSM2743077"
"GSE102691","GSE102691_GSM2743078"
"GSE10323","GSE10323_GSM260880"
"GSE10323","GSE10323_GSM260881"
"GSE10323","GSE10323_GSM260882"
"GSE10323","GSE10323_GSM260883"
"GSE103917","GSE103917_GSM2786139"
"GSE103917","GSE103917_GSM2786140"
"GSE103917","GSE103917_GSM2786141"
"GSE103917","GSE103917_GSM2786142"
"GSE103917","GSE103917_GSM2786143"
"GSE103917","GSE103917_GSM2786144"
"GSE103917","GSE103917_GSM2786145"
"GSE103917","GSE103917_GSM2786146"
"GSE103917","GSE103917_GSM2786147"
"GSE103917","GSE103917_GSM2786148"
"GSE103917","GSE103917_GSM2786149"
"GSE103917","GSE103917_GSM2786150"
"GSE103917","GSE103917_GSM2786151"
"GSE103917","GSE103917_GSM2786152"
"GSE103917","GSE103917_GSM2786153"
"GSE103917","GSE103917_GSM2786154"
"GSE103917","GSE103917_GSM2786155"
"GSE103917","GSE103917_GSM2786156"
"GSE10496","GSE10496_GSM265411"
"GSE10496","GSE10496_GSM265412"
"GSE10496","GSE10496_GSM265413"
"GSE10496","GSE10496_GSM265415"
"GSE10496","GSE10496_GSM265416"
"GSE10497","GSE10497_GSM265418"
"GSE10497","GSE10497_GSM265419"
"GSE10497","GSE10497_GSM265420"
"GSE10497","GSE10497_GSM265421"
"GSE10497","GSE10497_GSM265423"
"GSE10497","GSE10497_GSM265424"
"GSE10497","GSE10497_GSM265425"
"GSE10497","GSE10497_GSM265426"
"GSE10497","GSE10497_GSM265427"
"GSE10497","GSE10497_GSM265428"
"GSE10497","GSE10497_GSM265429"
"GSE10497","GSE10497_GSM265430"
"GSE10497","GSE10497_GSM265431"
"GSE10497","GSE10497_GSM265432"
"GSE10497","GSE10497_GSM265433"
"GSE10501","GSE10501_GSM266662"
"GSE10501","GSE10501_GSM266663"
"GSE10501","GSE10501_GSM266664"
"GSE10501","GSE10501_GSM266665"
"GSE10501","GSE10501_GSM266666"
"GSE10501","GSE10501_GSM266667"
"GSE10501","GSE10501_GSM266668"
"GSE10501","GSE10501_GSM266669"
"GSE10501","GSE10501_GSM266670"
"GSE10501","GSE10501_GSM266671"
"GSE10501","GSE10501_GSM266672"
"GSE10501","GSE10501_GSM266673"
"GSE10501","GSE10501_GSM266674"
"GSE10501","GSE10501_GSM266675"
"GSE10501","GSE10501_GSM266676"
"GSE10501","GSE10501_GSM266677"
"GSE10502","GSE10502_GSM265461"
"GSE10502","GSE10502_GSM265463"
"GSE10502","GSE10502_GSM265464"
"GSE10502","GSE10502_GSM265465"
"GSE10502","GSE10502_GSM265466"
"GSE10502","GSE10502_GSM265467"
"GSE10502","GSE10502_GSM265468"
"GSE10502","GSE10502_GSM265469"
"GSE10502","GSE10502_GSM265470"
"GSE10502","GSE10502_GSM265471"
"GSE10502","GSE10502_GSM265472"
"GSE10502","GSE10502_GSM265473"
"GSE10502","GSE10502_GSM265474"
"GSE11532","GSE11532_GSM290561"
"GSE11532","GSE11532_GSM290562"
"GSE11558","GSE11558_GSM290753"
"GSE11558","GSE11558_GSM290755"
"GSE11558","GSE11558_GSM290756"
"GSE11558","GSE11558_GSM290757"
"GSE11558","GSE11558_GSM290758"
"GSE11558","GSE11558_GSM290759"
"GSE11558","GSE11558_GSM290760"
"GSE11558","GSE11558_GSM290761"
"GSE11558","GSE11558_GSM290762"
"GSE11558","GSE11558_GSM290825"
"GSE11558","GSE11558_GSM290828"
"GSE11558","GSE11558_GSM291019"
"GSE11558","GSE11558_GSM291020"
"GSE11558","GSE11558_GSM291021"
"GSE11558","GSE11558_GSM291023"
"GSE11558","GSE11558_GSM291024"
"GSE11558","GSE11558_GSM291098"
"GSE11558","GSE11558_GSM291099"
"GSE11558","GSE11558_GSM291101"
"GSE11558","GSE11558_GSM291108"
"GSE11558","GSE11558_GSM291112"
"GSE11558","GSE11558_GSM291113"
"GSE11558","GSE11558_GSM291114"
"GSE11558","GSE11558_GSM291119"
"GSE11558","GSE11558_GSM291124"
"GSE13783","GSE13783_GSM346829"
"GSE13783","GSE13783_GSM346830"
"GSE13783","GSE13783_GSM346831"
"GSE13783","GSE13783_GSM346832"
"GSE13783","GSE13783_GSM346833"
"GSE13783","GSE13783_GSM346834"
"GSE13783","GSE13783_GSM346835"
"GSE13783","GSE13783_GSM346836"
"GSE13783","GSE13783_GSM346837"
"GSE13783","GSE13783_GSM346838"
"GSE13783","GSE13783_GSM346839"
"GSE13783","GSE13783_GSM346840"
"GSE13783","GSE13783_GSM346841"
"GSE13783","GSE13783_GSM346842"
"GSE13783","GSE13783_GSM346843"
"GSE13783","GSE13783_GSM346844"
"GSE13783","GSE13783_GSM346845"
"GSE13783","GSE13783_GSM346846"
"GSE14493","GSE14493_GSM361976"
"GSE14493","GSE14493_GSM361977"
"GSE14493","GSE14493_GSM361978"
"GSE14493","GSE14493_GSM361979"
"GSE14493","GSE14493_GSM361980"
"GSE14493","GSE14493_GSM361981"
"GSE14493","GSE14493_GSM361982"
"GSE14493","GSE14493_GSM361983"
"GSE14493","GSE14493_GSM361984"
"GSE14493","GSE14493_GSM361985"
"GSE14493","GSE14493_GSM361986"
"GSE14493","GSE14493_GSM361987"
"GSE14493","GSE14493_GSM361988"
"GSE14493","GSE14493_GSM361989"
"GSE14493","GSE14493_GSM361990"
"GSE14493","GSE14493_GSM361991"
"GSE14493","GSE14493_GSM361992"
"GSE14493","GSE14493_GSM361993"
"GSE14493","GSE14493_GSM361994"
"GSE14493","GSE14493_GSM361995"
"GSE14502","GSE14502_GSM362168"
"GSE14502","GSE14502_GSM362169"
"GSE14502","GSE14502_GSM362170"
"GSE14502","GSE14502_GSM362171"
"GSE14502","GSE14502_GSM362172"
"GSE14502","GSE14502_GSM362173"
"GSE14502","GSE14502_GSM362174"
"GSE14502","GSE14502_GSM362175"
"GSE14502","GSE14502_GSM362176"
"GSE14502","GSE14502_GSM362177"
"GSE14502","GSE14502_GSM362178"
"GSE14502","GSE14502_GSM362179"
"GSE14502","GSE14502_GSM362180"
"GSE14502","GSE14502_GSM362181"
"GSE14502","GSE14502_GSM362182"
"GSE14502","GSE14502_GSM362183"
"GSE14502","GSE14502_GSM362184"
"GSE14502","GSE14502_GSM362185"
"GSE14502","GSE14502_GSM362186"
"GSE14502","GSE14502_GSM362187"
"GSE14502","GSE14502_GSM362188"
"GSE14502","GSE14502_GSM362189"
"GSE14502","GSE14502_GSM362191"
"GSE14502","GSE14502_GSM362192"
"GSE14502","GSE14502_GSM362193"
"GSE14502","GSE14502_GSM362194"
"GSE14502","GSE14502_GSM362195"
"GSE14502","GSE14502_GSM362196"
"GSE14502","GSE14502_GSM362197"
"GSE14502","GSE14502_GSM362198"
"GSE14502","GSE14502_GSM362199"
"GSE14502","GSE14502_GSM362200"
"GSE14502","GSE14502_GSM362201"
"GSE14502","GSE14502_GSM362202"
"GSE14502","GSE14502_GSM362203"
"GSE14502","GSE14502_GSM362204"
"GSE14502","GSE14502_GSM362205"
"GSE14502","GSE14502_GSM362206"
"GSE14502","GSE14502_GSM362207"
"GSE14502","GSE14502_GSM362208"
"GSE14502","GSE14502_GSM362209"
"GSE14502","GSE14502_GSM362210"
"GSE14502","GSE14502_GSM362211"
"GSE14502","GSE14502_GSM362212"
"GSE14502","GSE14502_GSM362213"
"GSE14502","GSE14502_GSM362214"
"GSE15165","GSE15165_GSM378737"
"GSE15165","GSE15165_GSM378738"
"GSE15189","GSE15189_GSM379242"
"GSE15189","GSE15189_GSM379243"
"GSE15189","GSE15189_GSM379244"
"GSE15189","GSE15189_GSM379245"
"GSE15189","GSE15189_GSM379246"
"GSE15189","GSE15189_GSM379247"
"GSE15189","GSE15189_GSM379248"
"GSE15189","GSE15189_GSM379249"
"GSE15189","GSE15189_GSM379250"
"GSE15189","GSE15189_GSM379251"
"GSE15189","GSE15189_GSM379252"
"GSE15189","GSE15189_GSM379253"
"GSE15189","GSE15189_GSM379254"
"GSE15189","GSE15189_GSM379255"
"GSE15189","GSE15189_GSM379256"
"GSE15189","GSE15189_GSM379257"
"GSE15189","GSE15189_GSM379258"
"GSE15189","GSE15189_GSM379259"
"GSE15189","GSE15189_GSM379260"
"GSE15189","GSE15189_GSM379261"
"GSE15189","GSE15189_GSM379262"
"GSE15189","GSE15189_GSM379263"
"GSE15649","GSE15649_GSM391660"
"GSE15649","GSE15649_GSM391661"
"GSE15649","GSE15649_GSM391662"
"GSE15649","GSE15649_GSM391663"
"GSE15649","GSE15649_GSM391664"
"GSE15649","GSE15649_GSM391665"
"GSE15649","GSE15649_GSM391666"
"GSE15649","GSE15649_GSM391667"
"GSE15876","GSE15876_GSM398673"
"GSE15876","GSE15876_GSM398674"
"GSE15876","GSE15876_GSM398675"
"GSE15876","GSE15876_GSM398676"
"GSE15876","GSE15876_GSM398677"
"GSE15876","GSE15876_GSM398678"
"GSE15876","GSE15876_GSM398679"
"GSE15876","GSE15876_GSM398680"
"GSE15876","GSE15876_GSM398681"
"GSE15876","GSE15876_GSM398682"
"GSE15876","GSE15876_GSM398683"
"GSE15876","GSE15876_GSM398684"
"GSE15876","GSE15876_GSM398685"
"GSE15876","GSE15876_GSM398686"
"GSE15876","GSE15876_GSM398687"
"GSE15876","GSE15876_GSM398688"
"GSE15876","GSE15876_GSM398689"
"GSE15876","GSE15876_GSM398690"
"GSE15876","GSE15876_GSM398691"
"GSE15876","GSE15876_GSM398692"
"GSE15876","GSE15876_GSM398693"
"GSE15876","GSE15876_GSM398695"
"GSE16056","GSE16056_GSM402178"
"GSE16056","GSE16056_GSM402179"
"GSE16056","GSE16056_GSM402180"
"GSE16056","GSE16056_GSM402181"
"GSE16056","GSE16056_GSM402182"
"GSE16056","GSE16056_GSM402183"
"GSE16468","GSE16468_GSM413907"
"GSE16468","GSE16468_GSM413908"
"GSE16468","GSE16468_GSM413909"
"GSE16468","GSE16468_GSM413910"
"GSE16468","GSE16468_GSM413911"
"GSE16468","GSE16468_GSM413912"
"GSE16468","GSE16468_GSM413913"
"GSE16468","GSE16468_GSM413914"
"GSE16469","GSE16469_GSM413915"
"GSE16469","GSE16469_GSM413916"
"GSE16469","GSE16469_GSM413917"
"GSE16722","GSE16722_GSM419031"
"GSE16722","GSE16722_GSM419032"
"GSE16722","GSE16722_GSM419033"
"GSE16722","GSE16722_GSM419034"
"GSE16722","GSE16722_GSM419035"
"GSE16722","GSE16722_GSM419036"
"GSE16722","GSE16722_GSM419040"
"GSE16722","GSE16722_GSM419041"
"GSE16722","GSE16722_GSM419042"
"GSE16722","GSE16722_GSM419046"
"GSE16722","GSE16722_GSM419047"
"GSE16722","GSE16722_GSM419048"
"GSE16964","GSE16964_GSM424780"
"GSE16964","GSE16964_GSM424781"
"GSE16964","GSE16964_GSM424782"
"GSE16964","GSE16964_GSM424783"
"GSE16964","GSE16964_GSM424784"
"GSE16964","GSE16964_GSM424785"
"GSE16964","GSE16964_GSM424786"
"GSE16964","GSE16964_GSM424787"
"GSE16964","GSE16964_GSM424788"
"GSE16964","GSE16964_GSM424789"
"GSE16964","GSE16964_GSM424790"
"GSE16964","GSE16964_GSM424791"
"GSE16964","GSE16964_GSM457028"
"GSE16964","GSE16964_GSM457029"
"GSE16964","GSE16964_GSM457030"
"GSE16964","GSE16964_GSM457031"
"GSE16964","GSE16964_GSM457032"
"GSE16964","GSE16964_GSM457033"
"GSE18984","GSE18984_GSM469817"
"GSE18984","GSE18984_GSM469818"
"GSE18984","GSE18984_GSM469819"
"GSE18984","GSE18984_GSM469820"
"GSE19242","GSE19242_GSM476799"
"GSE19242","GSE19242_GSM476800"
"GSE19242","GSE19242_GSM476801"
"GSE19242","GSE19242_GSM476802"
"GSE19242","GSE19242_GSM476803"
"GSE19242","GSE19242_GSM476804"
"GSE19245","GSE19245_GSM476827"
"GSE19245","GSE19245_GSM476828"
"GSE19245","GSE19245_GSM476833"
"GSE19245","GSE19245_GSM476834"
"GSE19245","GSE19245_GSM476835"
"GSE19245","GSE19245_GSM476839"
"GSE19245","GSE19245_GSM476841"
"GSE19245","GSE19245_GSM476845"
"GSE19245","GSE19245_GSM476846"
"GSE19245","GSE19245_GSM476847"
"GSE19978","GSE19978_GSM499296"
"GSE19978","GSE19978_GSM499297"
"GSE19978","GSE19978_GSM499298"
"GSE19978","GSE19978_GSM499299"
"GSE19978","GSE19978_GSM499300"
"GSE19978","GSE19978_GSM499301"
"GSE20044","GSE20044_GSM501184"
"GSE20044","GSE20044_GSM501185"
"GSE20044","GSE20044_GSM501186"
"GSE20044","GSE20044_GSM501187"
"GSE20044","GSE20044_GSM501188"
"GSE20044","GSE20044_GSM501189"
"GSE20044","GSE20044_GSM501190"
"GSE20044","GSE20044_GSM501191"
"GSE20044","GSE20044_GSM501192"
"GSE20044","GSE20044_GSM501193"
"GSE20044","GSE20044_GSM501194"
"GSE20044","GSE20044_GSM501195"
"GSE20044","GSE20044_GSM501196"
"GSE20044","GSE20044_GSM501197"
"GSE20044","GSE20044_GSM501198"
"GSE20044","GSE20044_GSM501199"
"GSE20044","GSE20044_GSM501200"
"GSE20044","GSE20044_GSM501201"
"GSE20044","GSE20044_GSM501202"
"GSE20044","GSE20044_GSM501203"
"GSE20044","GSE20044_GSM501204"
"GSE20044","GSE20044_GSM501205"
"GSE20044","GSE20044_GSM501207"
"GSE20044","GSE20044_GSM501208"
"GSE20044","GSE20044_GSM501209"
"GSE20222","GSE20222_GSM507022"
"GSE20222","GSE20222_GSM507025"
"GSE20222","GSE20222_GSM507026"
"GSE20222","GSE20222_GSM507028"
"GSE20222","GSE20222_GSM507029"
"GSE20222","GSE20222_GSM507030"
"GSE20223","GSE20223_GSM507031"
"GSE20223","GSE20223_GSM507032"
"GSE20223","GSE20223_GSM507033"
"GSE20223","GSE20223_GSM507034"
"GSE20223","GSE20223_GSM507035"
"GSE20223","GSE20223_GSM507036"
"GSE20226","GSE20226_GSM507047"
"GSE20226","GSE20226_GSM507048"
"GSE20226","GSE20226_GSM507049"
"GSE20226","GSE20226_GSM507050"
"GSE20226","GSE20226_GSM507051"
"GSE20226","GSE20226_GSM507052"
"GSE20226","GSE20226_GSM507053"
"GSE20226","GSE20226_GSM507054"
"GSE20226","GSE20226_GSM507055"
"GSE20226","GSE20226_GSM507056"
"GSE20231","GSE20231_GSM507114"
"GSE20231","GSE20231_GSM507115"
"GSE20231","GSE20231_GSM507116"
"GSE20231","GSE20231_GSM507117"
"GSE20231","GSE20231_GSM507118"
"GSE20231","GSE20231_GSM507119"
"GSE20231","GSE20231_GSM507120"
"GSE20231","GSE20231_GSM507121"
"GSE20231","GSE20231_GSM507122"
"GSE20231","GSE20231_GSM507123"
"GSE20231","GSE20231_GSM507124"
"GSE20231","GSE20231_GSM507125"
"GSE20231","GSE20231_GSM507126"
"GSE20231","GSE20231_GSM507127"
"GSE20232","GSE20232_GSM507128"
"GSE20232","GSE20232_GSM507129"
"GSE20232","GSE20232_GSM507131"
"GSE20232","GSE20232_GSM507132"
"GSE20232","GSE20232_GSM507133"
"GSE20232","GSE20232_GSM507134"
"GSE20232","GSE20232_GSM507135"
"GSE20232","GSE20232_GSM507137"
"GSE20232","GSE20232_GSM507138"
"GSE20232","GSE20232_GSM507139"
"GSE20256","GSE20256_GSM507494"
"GSE20256","GSE20256_GSM507496"
"GSE20256","GSE20256_GSM507498"
"GSE20256","GSE20256_GSM507500"
"GSE20493","GSE20493_GSM514945"
"GSE20493","GSE20493_GSM514946"
"GSE20493","GSE20493_GSM514947"
"GSE20493","GSE20493_GSM514948"
"GSE20493","GSE20493_GSM514950"
"GSE20493","GSE20493_GSM514951"
"GSE20493","GSE20493_GSM514952"
"GSE21443","GSE21443_GSM535984"
"GSE21443","GSE21443_GSM535985"
"GSE21443","GSE21443_GSM535986"
"GSE21443","GSE21443_GSM535987"
"GSE21443","GSE21443_GSM535988"
"GSE21443","GSE21443_GSM535989"
"GSE21443","GSE21443_GSM535990"
"GSE21443","GSE21443_GSM535991"
"GSE21504","GSE21504_GSM537534"
"GSE21504","GSE21504_GSM537535"
"GSE21504","GSE21504_GSM537536"
"GSE21504","GSE21504_GSM537537"
"GSE21611","GSE21611_GSM539452"
"GSE21611","GSE21611_GSM539453"
"GSE21611","GSE21611_GSM539454"
"GSE21611","GSE21611_GSM539455"
"GSE21611","GSE21611_GSM539457"
"GSE21611","GSE21611_GSM539459"
"GSE21611","GSE21611_GSM539460"
"GSE21611","GSE21611_GSM539461"
"GSE21611","GSE21611_GSM539462"
"GSE21611","GSE21611_GSM539463"
"GSE21611","GSE21611_GSM539464"
"GSE21611","GSE21611_GSM539465"
"GSE21611","GSE21611_GSM539466"
"GSE21611","GSE21611_GSM539467"
"GSE21611","GSE21611_GSM539469"
"GSE21611","GSE21611_GSM539470"
"GSE21611","GSE21611_GSM539471"
"GSE21611","GSE21611_GSM539472"
"GSE21611","GSE21611_GSM539473"
"GSE21611","GSE21611_GSM539474"
"GSE21611","GSE21611_GSM539476"
"GSE21611","GSE21611_GSM539477"
"GSE21611","GSE21611_GSM539478"
"GSE21611","GSE21611_GSM539479"
"GSE21611","GSE21611_GSM539480"
"GSE21611","GSE21611_GSM539481"
"GSE21611","GSE21611_GSM539482"
"GSE21611","GSE21611_GSM539484"
"GSE21611","GSE21611_GSM539486"
"GSE21611","GSE21611_GSM539487"
"GSE21611","GSE21611_GSM539488"
"GSE21611","GSE21611_GSM539489"
"GSE21611","GSE21611_GSM539490"
"GSE21876","GSE21876_GSM543956"
"GSE21876","GSE21876_GSM543957"
"GSE21876","GSE21876_GSM543958"
"GSE21876","GSE21876_GSM543959"
"GSE21876","GSE21876_GSM543960"
"GSE21876","GSE21876_GSM543961"
"GSE21876","GSE21876_GSM543962"
"GSE21876","GSE21876_GSM543963"
"GSE21876","GSE21876_GSM543964"
"GSE21876","GSE21876_GSM543965"
"GSE21876","GSE21876_GSM543966"
"GSE21876","GSE21876_GSM543967"
"GSE21981","GSE21981_GSM546558"
"GSE21981","GSE21981_GSM546559"
"GSE21981","GSE21981_GSM546560"
"GSE21981","GSE21981_GSM546561"
"GSE21981","GSE21981_GSM546562"
"GSE21981","GSE21981_GSM546563"
"GSE21981","GSE21981_GSM546564"
"GSE21981","GSE21981_GSM546565"
"GSE21981","GSE21981_GSM546566"
"GSE21981","GSE21981_GSM546567"
"GSE22114","GSE22114_GSM549993"
"GSE22114","GSE22114_GSM549994"
"GSE22114","GSE22114_GSM549995"
"GSE22114","GSE22114_GSM549996"
"GSE22114","GSE22114_GSM549997"
"GSE22114","GSE22114_GSM549998"
"GSE22966","GSE22966_GSM566858"
"GSE22966","GSE22966_GSM566859"
"GSE22966","GSE22966_GSM566860"
"GSE22966","GSE22966_GSM566861"
"GSE22966","GSE22966_GSM566862"
"GSE22966","GSE22966_GSM566863"
"GSE22966","GSE22966_GSM566864"
"GSE22966","GSE22966_GSM566865"
"GSE22966","GSE22966_GSM566866"
"GSE22966","GSE22966_GSM566867"
"GSE22966","GSE22966_GSM566868"
"GSE22966","GSE22966_GSM566869"
"GSE22966","GSE22966_GSM566870"
"GSE22966","GSE22966_GSM566871"
"GSE22966","GSE22966_GSM566872"
"GSE22966","GSE22966_GSM566873"
"GSE22966","GSE22966_GSM566874"
"GSE22966","GSE22966_GSM566875"
"GSE22966","GSE22966_GSM566876"
"GSE22966","GSE22966_GSM566877"
"GSE22966","GSE22966_GSM566878"
"GSE22966","GSE22966_GSM566879"
"GSE22966","GSE22966_GSM566880"
"GSE22966","GSE22966_GSM566881"
"GSE22966","GSE22966_GSM566882"
"GSE22966","GSE22966_GSM566883"
"GSE22966","GSE22966_GSM566884"
"GSE22966","GSE22966_GSM566885"
"GSE22966","GSE22966_GSM566886"
"GSE22966","GSE22966_GSM566887"
"GSE22966","GSE22966_GSM566888"
"GSE22966","GSE22966_GSM566889"
"GSE22966","GSE22966_GSM566890"
"GSE22966","GSE22966_GSM566891"
"GSE22966","GSE22966_GSM566892"
"GSE22966","GSE22966_GSM566893"
"GSE24077","GSE24077_GSM591266"
"GSE24077","GSE24077_GSM591285"
"GSE24077","GSE24077_GSM591288"
"GSE24077","GSE24077_GSM591291"
"GSE24077","GSE24077_GSM591293"
"GSE24077","GSE24077_GSM591294"
"GSE24077","GSE24077_GSM592072"
"GSE24077","GSE24077_GSM592073"
"GSE24077","GSE24077_GSM592074"
"GSE24077","GSE24077_GSM592075"
"GSE24348","GSE24348_GSM600274"
"GSE24348","GSE24348_GSM600275"
"GSE24348","GSE24348_GSM600276"
"GSE24348","GSE24348_GSM600278"
"GSE24348","GSE24348_GSM600279"
"GSE24348","GSE24348_GSM600280"
"GSE24348","GSE24348_GSM600281"
"GSE24348","GSE24348_GSM600282"
"GSE24348","GSE24348_GSM600283"
"GSE24348","GSE24348_GSM600284"
"GSE24348","GSE24348_GSM600285"
"GSE24738","GSE24738_GSM609336"
"GSE24738","GSE24738_GSM609337"
"GSE24738","GSE24738_GSM609338"
"GSE24738","GSE24738_GSM609339"
"GSE24738","GSE24738_GSM609340"
"GSE24738","GSE24738_GSM609341"
"GSE24738","GSE24738_GSM609342"
"GSE24738","GSE24738_GSM609343"
"GSE24738","GSE24738_GSM714944"
"GSE24738","GSE24738_GSM714945"
"GSE24738","GSE24738_GSM714946"
"GSE24738","GSE24738_GSM714947"
"GSE25171","GSE25171_GSM618324"
"GSE25171","GSE25171_GSM618325"
"GSE25171","GSE25171_GSM618326"
"GSE25171","GSE25171_GSM618327"
"GSE25171","GSE25171_GSM618328"
"GSE25171","GSE25171_GSM618329"
"GSE25171","GSE25171_GSM618330"
"GSE25171","GSE25171_GSM618331"
"GSE25171","GSE25171_GSM618332"
"GSE25171","GSE25171_GSM618333"
"GSE25171","GSE25171_GSM618334"
"GSE25171","GSE25171_GSM618335"
"GSE25171","GSE25171_GSM618336"
"GSE25171","GSE25171_GSM618337"
"GSE25171","GSE25171_GSM618338"
"GSE25171","GSE25171_GSM618339"
"GSE25171","GSE25171_GSM618340"
"GSE25171","GSE25171_GSM618341"
"GSE25171","GSE25171_GSM618342"
"GSE25171","GSE25171_GSM618343"
"GSE25171","GSE25171_GSM618344"
"GSE25171","GSE25171_GSM618345"
"GSE25171","GSE25171_GSM618346"
"GSE25171","GSE25171_GSM618347"
"GSE27475","GSE27475_GSM678836"
"GSE27475","GSE27475_GSM678837"
"GSE27475","GSE27475_GSM678838"
"GSE27475","GSE27475_GSM678839"
"GSE27475","GSE27475_GSM678840"
"GSE27475","GSE27475_GSM678841"
"GSE27475","GSE27475_GSM678842"
"GSE27475","GSE27475_GSM678843"
"GSE27475","GSE27475_GSM678844"
"GSE27475","GSE27475_GSM678845"
"GSE27475","GSE27475_GSM678846"
"GSE27475","GSE27475_GSM678847"
"GSE27475","GSE27475_GSM678848"
"GSE27475","GSE27475_GSM678849"
"GSE27475","GSE27475_GSM678850"
"GSE27475","GSE27475_GSM678851"
"GSE28275","GSE28275_GSM699782"
"GSE28275","GSE28275_GSM699783"
"GSE28275","GSE28275_GSM699784"
"GSE28275","GSE28275_GSM699785"
"GSE28275","GSE28275_GSM699786"
"GSE28275","GSE28275_GSM699787"
"GSE28275","GSE28275_GSM699788"
"GSE28275","GSE28275_GSM699789"
"GSE28275","GSE28275_GSM699790"
"GSE28431","GSE28431_GSM702576"
"GSE28431","GSE28431_GSM702577"
"GSE28431","GSE28431_GSM702578"
"GSE28431","GSE28431_GSM702579"
"GSE28431","GSE28431_GSM702580"
"GSE28431","GSE28431_GSM702581"
"GSE28431","GSE28431_GSM702582"
"GSE28431","GSE28431_GSM702583"
"GSE28431","GSE28431_GSM702584"
"GSE28431","GSE28431_GSM702585"
"GSE28431","GSE28431_GSM702586"
"GSE28431","GSE28431_GSM702587"
"GSE28431","GSE28431_GSM702588"
"GSE28431","GSE28431_GSM702589"
"GSE28431","GSE28431_GSM702590"
"GSE28431","GSE28431_GSM702591"
"GSE28431","GSE28431_GSM702592"
"GSE28431","GSE28431_GSM702593"
"GSE29086","GSE29086_GSM720624"
"GSE29086","GSE29086_GSM720626"
"GSE29086","GSE29086_GSM720627"
"GSE29086","GSE29086_GSM720628"
"GSE29086","GSE29086_GSM720629"
"GSE29086","GSE29086_GSM720630"
"GSE29086","GSE29086_GSM720631"
"GSE29086","GSE29086_GSM720632"
"GSE29086","GSE29086_GSM720633"
"GSE29086","GSE29086_GSM720634"
"GSE29086","GSE29086_GSM720635"
"GSE29086","GSE29086_GSM720636"
"GSE29086","GSE29086_GSM720637"
"GSE29086","GSE29086_GSM720638"
"GSE29086","GSE29086_GSM720639"
"GSE29086","GSE29086_GSM720640"
"GSE29086","GSE29086_GSM720641"
"GSE29543","GSE29543_GSM731295"
"GSE29543","GSE29543_GSM731296"
"GSE29543","GSE29543_GSM731297"
"GSE29543","GSE29543_GSM731298"
"GSE29543","GSE29543_GSM731301"
"GSE29543","GSE29543_GSM731302"
"GSE29543","GSE29543_GSM731303"
"GSE29543","GSE29543_GSM731304"
"GSE29543","GSE29543_GSM731305"
"GSE29543","GSE29543_GSM731306"
"GSE29543","GSE29543_GSM731307"
"GSE29543","GSE29543_GSM731308"
"GSE29543","GSE29543_GSM731309"
"GSE29543","GSE29543_GSM731310"
"GSE29543","GSE29543_GSM731451"
"GSE29589","GSE29589_GSM732600"
"GSE29589","GSE29589_GSM732601"
"GSE29589","GSE29589_GSM732602"
"GSE29589","GSE29589_GSM732603"
"GSE29589","GSE29589_GSM732604"
"GSE29589","GSE29589_GSM732605"
"GSE29589","GSE29589_GSM732606"
"GSE29589","GSE29589_GSM732607"
"GSE29589","GSE29589_GSM732608"
"GSE29589","GSE29589_GSM732609"
"GSE29589","GSE29589_GSM732610"
"GSE29589","GSE29589_GSM732611"
"GSE29589","GSE29589_GSM732612"
"GSE29589","GSE29589_GSM732613"
"GSE29589","GSE29589_GSM732614"
"GSE30091","GSE30091_GSM744697"
"GSE30091","GSE30091_GSM744698"
"GSE30091","GSE30091_GSM744699"
"GSE30091","GSE30091_GSM744796"
"GSE30091","GSE30091_GSM744797"
"GSE30095","GSE30095_GSM744726"
"GSE30095","GSE30095_GSM744727"
"GSE30095","GSE30095_GSM744728"
"GSE30095","GSE30095_GSM744729"
"GSE30095","GSE30095_GSM744730"
"GSE30095","GSE30095_GSM744731"
"GSE30095","GSE30095_GSM744732"
"GSE30095","GSE30095_GSM744733"
"GSE30095","GSE30095_GSM744734"
"GSE30095","GSE30095_GSM744735"
"GSE30095","GSE30095_GSM744736"
"GSE30095","GSE30095_GSM744737"
"GSE30095","GSE30095_GSM744738"
"GSE30095","GSE30095_GSM744739"
"GSE30095","GSE30095_GSM744740"
"GSE30095","GSE30095_GSM744741"
"GSE30095","GSE30095_GSM744742"
"GSE30095","GSE30095_GSM744743"
"GSE30095","GSE30095_GSM744744"
"GSE30095","GSE30095_GSM744745"
"GSE30095","GSE30095_GSM744746"
"GSE30095","GSE30095_GSM744747"
"GSE30095","GSE30095_GSM744748"
"GSE30095","GSE30095_GSM744749"
"GSE30095","GSE30095_GSM744750"
"GSE30095","GSE30095_GSM744751"
"GSE30095","GSE30095_GSM744752"
"GSE30095","GSE30095_GSM744753"
"GSE30095","GSE30095_GSM744754"
"GSE30095","GSE30095_GSM744755"
"GSE30096","GSE30096_GSM744756"
"GSE30096","GSE30096_GSM744757"
"GSE30096","GSE30096_GSM744758"
"GSE30096","GSE30096_GSM744759"
"GSE30096","GSE30096_GSM744760"
"GSE30096","GSE30096_GSM744761"
"GSE30096","GSE30096_GSM744762"
"GSE30096","GSE30096_GSM744763"
"GSE30096","GSE30096_GSM744764"
"GSE30096","GSE30096_GSM744765"
"GSE30096","GSE30096_GSM744766"
"GSE30096","GSE30096_GSM744767"
"GSE30096","GSE30096_GSM744768"
"GSE30096","GSE30096_GSM744769"
"GSE30096","GSE30096_GSM744770"
"GSE30096","GSE30096_GSM744771"
"GSE30097","GSE30097_GSM744772"
"GSE30097","GSE30097_GSM744773"
"GSE30097","GSE30097_GSM744774"
"GSE30097","GSE30097_GSM744775"
"GSE30097","GSE30097_GSM744776"
"GSE30097","GSE30097_GSM744777"
"GSE30097","GSE30097_GSM744778"
"GSE30097","GSE30097_GSM744779"
"GSE30097","GSE30097_GSM744780"
"GSE30097","GSE30097_GSM744781"
"GSE30097","GSE30097_GSM744782"
"GSE30097","GSE30097_GSM744783"
"GSE30097","GSE30097_GSM744784"
"GSE30097","GSE30097_GSM744785"
"GSE30097","GSE30097_GSM744786"
"GSE30097","GSE30097_GSM744787"
"GSE30097","GSE30097_GSM744788"
"GSE30097","GSE30097_GSM744789"
"GSE30097","GSE30097_GSM744790"
"GSE30097","GSE30097_GSM744791"
"GSE30097","GSE30097_GSM744792"
"GSE30097","GSE30097_GSM744793"
"GSE30097","GSE30097_GSM744794"
"GSE30097","GSE30097_GSM744795"
"GSE30097","GSE30097_GSM744798"
"GSE30097","GSE30097_GSM744799"
"GSE30098","GSE30098_GSM744800"
"GSE30098","GSE30098_GSM744801"
"GSE30098","GSE30098_GSM744802"
"GSE30098","GSE30098_GSM744803"
"GSE30098","GSE30098_GSM744804"
"GSE30098","GSE30098_GSM744805"
"GSE30098","GSE30098_GSM744806"
"GSE30098","GSE30098_GSM744807"
"GSE30098","GSE30098_GSM744808"
"GSE30098","GSE30098_GSM744809"
"GSE30098","GSE30098_GSM744810"
"GSE30098","GSE30098_GSM744811"
"GSE30099","GSE30099_GSM744812"
"GSE30099","GSE30099_GSM744813"
"GSE30099","GSE30099_GSM744814"
"GSE30099","GSE30099_GSM744815"
"GSE30099","GSE30099_GSM744816"
"GSE30099","GSE30099_GSM744817"
"GSE30099","GSE30099_GSM744818"
"GSE30099","GSE30099_GSM744819"
"GSE30099","GSE30099_GSM744820"
"GSE30099","GSE30099_GSM744821"
"GSE30099","GSE30099_GSM744822"
"GSE30099","GSE30099_GSM744823"
"GSE30099","GSE30099_GSM744824"
"GSE30099","GSE30099_GSM744825"
"GSE30099","GSE30099_GSM744826"
"GSE30100","GSE30100_GSM744827"
"GSE30100","GSE30100_GSM744828"
"GSE30100","GSE30100_GSM744829"
"GSE30100","GSE30100_GSM744830"
"GSE30100","GSE30100_GSM744831"
"GSE30100","GSE30100_GSM744832"
"GSE30100","GSE30100_GSM744833"
"GSE30100","GSE30100_GSM744834"
"GSE31158","GSE31158_GSM771373"
"GSE31158","GSE31158_GSM771374"
"GSE31158","GSE31158_GSM771377"
"GSE31158","GSE31158_GSM771382"
"GSE31158","GSE31158_GSM771386"
"GSE31158","GSE31158_GSM771389"
"GSE31158","GSE31158_GSM771390"
"GSE31158","GSE31158_GSM771393"
"GSE31158","GSE31158_GSM771394"
"GSE31158","GSE31158_GSM771395"
"GSE31593","GSE31593_GSM784907"
"GSE31593","GSE31593_GSM784908"
"GSE31593","GSE31593_GSM784909"
"GSE31593","GSE31593_GSM784910"
"GSE31593","GSE31593_GSM784911"
"GSE31593","GSE31593_GSM784912"
"GSE31593","GSE31593_GSM784913"
"GSE31593","GSE31593_GSM784914"
"GSE31593","GSE31593_GSM784915"
"GSE31593","GSE31593_GSM784916"
"GSE31593","GSE31593_GSM784917"
"GSE31593","GSE31593_GSM784918"
"GSE31593","GSE31593_GSM784919"
"GSE31593","GSE31593_GSM784920"
"GSE31593","GSE31593_GSM784921"
"GSE31977","GSE31977_GSM791904"
"GSE31977","GSE31977_GSM791905"
"GSE31977","GSE31977_GSM791906"
"GSE31977","GSE31977_GSM791907"
"GSE31977","GSE31977_GSM791908"
"GSE31977","GSE31977_GSM791909"
"GSE31977","GSE31977_GSM791910"
"GSE31977","GSE31977_GSM791911"
"GSE31977","GSE31977_GSM791912"
"GSE31977","GSE31977_GSM791913"
"GSE31977","GSE31977_GSM791914"
"GSE31977","GSE31977_GSM791915"
"GSE31977","GSE31977_GSM791916"
"GSE31977","GSE31977_GSM791917"
"GSE31977","GSE31977_GSM791918"
"GSE32659","GSE32659_GSM810596"
"GSE32659","GSE32659_GSM810597"
"GSE32659","GSE32659_GSM810598"
"GSE32659","GSE32659_GSM810599"
"GSE32659","GSE32659_GSM810600"
"GSE32659","GSE32659_GSM810601"
"GSE33344","GSE33344_GSM824796"
"GSE33344","GSE33344_GSM824799"
"GSE33344","GSE33344_GSM824800"
"GSE33344","GSE33344_GSM824801"
"GSE33344","GSE33344_GSM824802"
"GSE33344","GSE33344_GSM824803"
"GSE33344","GSE33344_GSM824804"
"GSE33344","GSE33344_GSM824805"
"GSE33344","GSE33344_GSM824806"
"GSE33344","GSE33344_GSM824807"
"GSE3350","GSE3350_GSM75508"
"GSE3350","GSE3350_GSM75509"
"GSE3350","GSE3350_GSM75510"
"GSE3350","GSE3350_GSM75511"
"GSE3350","GSE3350_GSM75512"
"GSE3350","GSE3350_GSM75513"
"GSE3350","GSE3350_GSM75514"
"GSE3350","GSE3350_GSM75515"
"GSE3350","GSE3350_GSM75516"
"GSE3350","GSE3350_GSM75517"
"GSE3350","GSE3350_GSM75518"
"GSE3350","GSE3350_GSM75519"
"GSE3350","GSE3350_GSM75520"
"GSE3350","GSE3350_GSM75521"
"GSE33790","GSE33790_GSM835808"
"GSE33790","GSE33790_GSM835809"
"GSE33790","GSE33790_GSM835810"
"GSE33790","GSE33790_GSM835811"
"GSE33790","GSE33790_GSM835812"
"GSE33790","GSE33790_GSM835813"
"GSE33790","GSE33790_GSM835814"
"GSE33790","GSE33790_GSM835815"
"GSE33790","GSE33790_GSM835816"
"GSE33790","GSE33790_GSM835817"
"GSE33790","GSE33790_GSM835818"
"GSE33790","GSE33790_GSM835819"
"GSE33790","GSE33790_GSM835820"
"GSE33790","GSE33790_GSM835821"
"GSE33790","GSE33790_GSM835822"
"GSE33790","GSE33790_GSM835823"
"GSE33790","GSE33790_GSM835824"
"GSE33790","GSE33790_GSM835825"
"GSE34130","GSE34130_GSM842202"
"GSE34130","GSE34130_GSM842203"
"GSE34130","GSE34130_GSM842204"
"GSE34130","GSE34130_GSM842205"
"GSE34130","GSE34130_GSM842206"
"GSE34130","GSE34130_GSM842207"
"GSE34130","GSE34130_GSM842208"
"GSE34130","GSE34130_GSM842209"
"GSE34130","GSE34130_GSM842210"
"GSE34130","GSE34130_GSM842211"
"GSE34130","GSE34130_GSM842212"
"GSE34130","GSE34130_GSM842213"
"GSE34130","GSE34130_GSM842214"
"GSE34130","GSE34130_GSM842215"
"GSE34130","GSE34130_GSM842216"
"GSE34130","GSE34130_GSM842217"
"GSE34130","GSE34130_GSM842218"
"GSE34130","GSE34130_GSM842219"
"GSE34130","GSE34130_GSM842226"
"GSE34130","GSE34130_GSM842227"
"GSE34130","GSE34130_GSM842228"
"GSE34130","GSE34130_GSM842229"
"GSE34130","GSE34130_GSM842230"
"GSE34130","GSE34130_GSM842231"
"GSE34130","GSE34130_GSM842238"
"GSE34130","GSE34130_GSM842239"
"GSE34130","GSE34130_GSM842240"
"GSE34130","GSE34130_GSM842241"
"GSE34130","GSE34130_GSM842242"
"GSE34130","GSE34130_GSM842243"
"GSE34595","GSE34595_GSM851686"
"GSE34595","GSE34595_GSM851687"
"GSE34595","GSE34595_GSM851688"
"GSE34595","GSE34595_GSM851689"
"GSE34595","GSE34595_GSM851690"
"GSE34595","GSE34595_GSM851696"
"GSE34595","GSE34595_GSM851697"
"GSE34595","GSE34595_GSM851698"
"GSE34595","GSE34595_GSM851699"
"GSE34595","GSE34595_GSM851700"
"GSE34595","GSE34595_GSM851701"
"GSE34595","GSE34595_GSM851702"
"GSE35544","GSE35544_GSM870357"
"GSE35544","GSE35544_GSM870358"
"GSE35544","GSE35544_GSM870359"
"GSE35544","GSE35544_GSM870360"
"GSE35544","GSE35544_GSM870361"
"GSE35544","GSE35544_GSM870362"
"GSE35544","GSE35544_GSM870363"
"GSE35544","GSE35544_GSM870364"
"GSE35544","GSE35544_GSM870365"
"GSE35544","GSE35544_GSM870366"
"GSE35544","GSE35544_GSM870367"
"GSE35544","GSE35544_GSM870368"
"GSE35580","GSE35580_GSM871242"
"GSE35580","GSE35580_GSM871243"
"GSE35580","GSE35580_GSM871244"
"GSE35580","GSE35580_GSM871245"
"GSE35580","GSE35580_GSM871246"
"GSE35580","GSE35580_GSM871247"
"GSE35580","GSE35580_GSM871248"
"GSE35580","GSE35580_GSM871249"
"GSE35580","GSE35580_GSM871250"
"GSE35580","GSE35580_GSM871251"
"GSE35580","GSE35580_GSM871252"
"GSE35580","GSE35580_GSM871253"
"GSE35580","GSE35580_GSM871254"
"GSE35580","GSE35580_GSM871255"
"GSE35580","GSE35580_GSM871256"
"GSE35580","GSE35580_GSM871257"
"GSE35580","GSE35580_GSM871258"
"GSE35580","GSE35580_GSM871259"
"GSE35580","GSE35580_GSM871260"
"GSE35580","GSE35580_GSM871261"
"GSE35580","GSE35580_GSM871262"
"GSE35580","GSE35580_GSM871263"
"GSE35580","GSE35580_GSM871264"
"GSE35580","GSE35580_GSM871265"
"GSE35580","GSE35580_GSM871266"
"GSE35580","GSE35580_GSM871267"
"GSE35580","GSE35580_GSM871268"
"GSE35580","GSE35580_GSM871269"
"GSE35580","GSE35580_GSM871270"
"GSE35580","GSE35580_GSM871271"
"GSE36789","GSE36789_GSM901072"
"GSE36789","GSE36789_GSM901073"
"GSE36789","GSE36789_GSM901074"
"GSE36789","GSE36789_GSM901078"
"GSE36789","GSE36789_GSM901079"
"GSE36789","GSE36789_GSM901080"
"GSE36789","GSE36789_GSM901084"
"GSE36789","GSE36789_GSM901085"
"GSE36789","GSE36789_GSM901086"
"GSE37553","GSE37553_GSM546568"
"GSE37553","GSE37553_GSM546569"
"GSE37553","GSE37553_GSM546570"
"GSE37553","GSE37553_GSM546571"
"GSE37553","GSE37553_GSM546572"
"GSE37553","GSE37553_GSM546573"
"GSE37553","GSE37553_GSM546574"
"GSE37553","GSE37553_GSM546575"
"GSE37553","GSE37553_GSM546576"
"GSE37553","GSE37553_GSM546577"
"GSE37553","GSE37553_GSM921518"
"GSE37553","GSE37553_GSM921519"
"GSE37553","GSE37553_GSM921520"
"GSE37553","GSE37553_GSM921521"
"GSE37553","GSE37553_GSM921522"
"GSE37553","GSE37553_GSM921523"
"GSE38102","GSE38102_GSM934606"
"GSE38102","GSE38102_GSM934607"
"GSE38486","GSE38486_GSM943445"
"GSE38486","GSE38486_GSM943446"
"GSE39268","GSE39268_GSM959127"
"GSE39268","GSE39268_GSM959129"
"GSE39268","GSE39268_GSM959130"
"GSE39268","GSE39268_GSM959131"
"GSE39268","GSE39268_GSM959132"
"GSE39268","GSE39268_GSM959133"
"GSE39268","GSE39268_GSM959134"
"GSE39268","GSE39268_GSM959135"
"GSE39268","GSE39268_GSM959136"
"GSE39268","GSE39268_GSM959137"
"GSE39268","GSE39268_GSM959138"
"GSE39268","GSE39268_GSM959139"
"GSE39268","GSE39268_GSM959140"
"GSE39268","GSE39268_GSM959141"
"GSE39268","GSE39268_GSM959142"
"GSE39268","GSE39268_GSM959143"
"GSE39268","GSE39268_GSM959144"
"GSE40061","GSE40061_GSM984521"
"GSE40061","GSE40061_GSM984522"
"GSE40061","GSE40061_GSM984523"
"GSE40061","GSE40061_GSM984527"
"GSE40061","GSE40061_GSM984528"
"GSE40061","GSE40061_GSM984529"
"GSE40061","GSE40061_GSM984533"
"GSE40061","GSE40061_GSM984534"
"GSE40061","GSE40061_GSM984535"
"GSE40061","GSE40061_GSM984539"
"GSE40061","GSE40061_GSM984540"
"GSE40061","GSE40061_GSM984541"
"GSE40076","GSE40076_GSM984731"
"GSE40076","GSE40076_GSM984732"
"GSE40076","GSE40076_GSM984733"
"GSE40076","GSE40076_GSM984734"
"GSE40076","GSE40076_GSM984735"
"GSE40076","GSE40076_GSM984736"
"GSE40076","GSE40076_GSM984737"
"GSE40076","GSE40076_GSM984738"
"GSE40076","GSE40076_GSM984739"
"GSE40076","GSE40076_GSM984740"
"GSE40076","GSE40076_GSM984741"
"GSE40076","GSE40076_GSM984742"
"GSE41544","GSE41544_GSM1018832"
"GSE41544","GSE41544_GSM1018833"
"GSE41544","GSE41544_GSM1018834"
"GSE41544","GSE41544_GSM1018835"
"GSE41544","GSE41544_GSM1018836"
"GSE41544","GSE41544_GSM1018837"
"GSE41544","GSE41544_GSM1018838"
"GSE41544","GSE41544_GSM1018839"
"GSE41544","GSE41544_GSM1018840"
"GSE42007","GSE42007_GSM1030558"
"GSE42007","GSE42007_GSM1030559"
"GSE42007","GSE42007_GSM1030560"
"GSE42007","GSE42007_GSM1030561"
"GSE42007","GSE42007_GSM1030562"
"GSE42007","GSE42007_GSM1030563"
"GSE42007","GSE42007_GSM1030564"
"GSE42007","GSE42007_GSM1030565"
"GSE42007","GSE42007_GSM1030566"
"GSE42007","GSE42007_GSM1030567"
"GSE42007","GSE42007_GSM1030568"
"GSE42007","GSE42007_GSM1030569"
"GSE42007","GSE42007_GSM1030570"
"GSE42007","GSE42007_GSM1030571"
"GSE42007","GSE42007_GSM1030572"
"GSE42007","GSE42007_GSM1030573"
"GSE42007","GSE42007_GSM1030574"
"GSE42007","GSE42007_GSM1030576"
"GSE42007","GSE42007_GSM1030577"
"GSE42007","GSE42007_GSM1030578"
"GSE42007","GSE42007_GSM1030579"
"GSE42007","GSE42007_GSM1030580"
"GSE42007","GSE42007_GSM1030581"
"GSE42007","GSE42007_GSM1030582"
"GSE42007","GSE42007_GSM1030583"
"GSE42007","GSE42007_GSM1030584"
"GSE42007","GSE42007_GSM1030585"
"GSE42007","GSE42007_GSM1030586"
"GSE42007","GSE42007_GSM1030587"
"GSE42007","GSE42007_GSM1030588"
"GSE42007","GSE42007_GSM1030589"
"GSE42007","GSE42007_GSM1030590"
"GSE42007","GSE42007_GSM1030591"
"GSE42007","GSE42007_GSM1030592"
"GSE42007","GSE42007_GSM1030593"
"GSE42007","GSE42007_GSM1030594"
"GSE42007","GSE42007_GSM1030595"
"GSE42007","GSE42007_GSM1030596"
"GSE42007","GSE42007_GSM1030597"
"GSE42007","GSE42007_GSM1030598"
"GSE42007","GSE42007_GSM1030599"
"GSE42007","GSE42007_GSM1030600"
"GSE42007","GSE42007_GSM1030601"
"GSE42007","GSE42007_GSM1030602"
"GSE42007","GSE42007_GSM1030603"
"GSE42007","GSE42007_GSM1030604"
"GSE42007","GSE42007_GSM1030605"
"GSE42896","GSE42896_GSM1053024"
"GSE42896","GSE42896_GSM1053025"
"GSE42896","GSE42896_GSM1053026"
"GSE42896","GSE42896_GSM1053027"
"GSE42896","GSE42896_GSM1053028"
"GSE42896","GSE42896_GSM1053029"
"GSE42896","GSE42896_GSM1053030"
"GSE42896","GSE42896_GSM1053031"
"GSE42896","GSE42896_GSM1053032"
"GSE42896","GSE42896_GSM1053033"
"GSE42896","GSE42896_GSM1053034"
"GSE42896","GSE42896_GSM1053035"
"GSE42896","GSE42896_GSM1053036"
"GSE42896","GSE42896_GSM1053037"
"GSE42896","GSE42896_GSM1053038"
"GSE43011","GSE43011_GSM1054974"
"GSE43011","GSE43011_GSM1054975"
"GSE43011","GSE43011_GSM1054976"
"GSE43011","GSE43011_GSM1054977"
"GSE43011","GSE43011_GSM1054978"
"GSE43011","GSE43011_GSM1054980"
"GSE43011","GSE43011_GSM1054981"
"GSE43011","GSE43011_GSM1054983"
"GSE43011","GSE43011_GSM1054984"
"GSE43011","GSE43011_GSM1054985"
"GSE43853","GSE43853_GSM1072304"
"GSE43853","GSE43853_GSM1072305"
"GSE43853","GSE43853_GSM1072306"
"GSE43853","GSE43853_GSM1072307"
"GSE43853","GSE43853_GSM1072308"
"GSE43853","GSE43853_GSM1072309"
"GSE43853","GSE43853_GSM1072310"
"GSE43853","GSE43853_GSM1072311"
"GSE43853","GSE43853_GSM1072312"
"GSE43853","GSE43853_GSM1072313"
"GSE43853","GSE43853_GSM1072314"
"GSE43853","GSE43853_GSM1072315"
"GSE44307","GSE44307_GSM1082913"
"GSE44307","GSE44307_GSM1082914"
"GSE44307","GSE44307_GSM1082915"
"GSE44307","GSE44307_GSM1082916"
"GSE44307","GSE44307_GSM1082917"
"GSE44307","GSE44307_GSM1082918"
"GSE44307","GSE44307_GSM1082919"
"GSE44307","GSE44307_GSM1082920"
"GSE44307","GSE44307_GSM1082921"
"GSE44307","GSE44307_GSM1082922"
"GSE44307","GSE44307_GSM1082923"
"GSE46205","GSE46205_GSM1126230"
"GSE46205","GSE46205_GSM1126231"
"GSE46205","GSE46205_GSM1126232"
"GSE46205","GSE46205_GSM1126233"
"GSE46205","GSE46205_GSM1126234"
"GSE46205","GSE46205_GSM1126235"
"GSE46205","GSE46205_GSM1126236"
"GSE46205","GSE46205_GSM1126237"
"GSE46205","GSE46205_GSM1126238"
"GSE46205","GSE46205_GSM1126239"
"GSE46205","GSE46205_GSM1126240"
"GSE46205","GSE46205_GSM1126241"
"GSE46205","GSE46205_GSM1126242"
"GSE46205","GSE46205_GSM1126243"
"GSE46205","GSE46205_GSM1126244"
"GSE46205","GSE46205_GSM1126245"
"GSE46205","GSE46205_GSM1126246"
"GSE46205","GSE46205_GSM1126247"
"GSE46205","GSE46205_GSM1126248"
"GSE46205","GSE46205_GSM1126249"
"GSE46205","GSE46205_GSM1126250"
"GSE46205","GSE46205_GSM1126251"
"GSE46205","GSE46205_GSM1126252"
"GSE46205","GSE46205_GSM1126253"
"GSE46205","GSE46205_GSM1126254"
"GSE46205","GSE46205_GSM1126255"
"GSE46205","GSE46205_GSM1126256"
"GSE46205","GSE46205_GSM1126257"
"GSE46205","GSE46205_GSM1126258"
"GSE46205","GSE46205_GSM1126259"
"GSE46205","GSE46205_GSM1126260"
"GSE46205","GSE46205_GSM1126261"
"GSE46205","GSE46205_GSM1126262"
"GSE46205","GSE46205_GSM1126263"
"GSE46205","GSE46205_GSM1126264"
"GSE46205","GSE46205_GSM1126265"
"GSE46205","GSE46205_GSM1126266"
"GSE46205","GSE46205_GSM1126267"
"GSE46205","GSE46205_GSM1126268"
"GSE46205","GSE46205_GSM1126269"
"GSE46205","GSE46205_GSM1126270"
"GSE46205","GSE46205_GSM1126271"
"GSE46205","GSE46205_GSM1126272"
"GSE46205","GSE46205_GSM1126273"
"GSE46205","GSE46205_GSM1126274"
"GSE46205","GSE46205_GSM1126275"
"GSE46205","GSE46205_GSM1126276"
"GSE46205","GSE46205_GSM1126277"
"GSE46205","GSE46205_GSM1126278"
"GSE46205","GSE46205_GSM1126279"
"GSE46205","GSE46205_GSM1126280"
"GSE46205","GSE46205_GSM1126281"
"GSE46205","GSE46205_GSM1126282"
"GSE46205","GSE46205_GSM1126283"
"GSE46205","GSE46205_GSM1126284"
"GSE46205","GSE46205_GSM1126285"
"GSE46205","GSE46205_GSM1126286"
"GSE46205","GSE46205_GSM1126287"
"GSE46205","GSE46205_GSM1126288"
"GSE46205","GSE46205_GSM1126289"
"GSE46205","GSE46205_GSM1126290"
"GSE46205","GSE46205_GSM1126291"
"GSE46205","GSE46205_GSM1126292"
"GSE46205","GSE46205_GSM1126293"
"GSE46205","GSE46205_GSM1126294"
"GSE46205","GSE46205_GSM1126295"
"GSE46205","GSE46205_GSM1126296"
"GSE46205","GSE46205_GSM1126297"
"GSE46205","GSE46205_GSM1126298"
"GSE46205","GSE46205_GSM1126299"
"GSE46205","GSE46205_GSM1126300"
"GSE46205","GSE46205_GSM1126301"
"GSE46205","GSE46205_GSM1126302"
"GSE46205","GSE46205_GSM1126303"
"GSE46205","GSE46205_GSM1126304"
"GSE46205","GSE46205_GSM1126305"
"GSE46205","GSE46205_GSM1126306"
"GSE46205","GSE46205_GSM1126307"
"GSE46205","GSE46205_GSM1126308"
"GSE46205","GSE46205_GSM1126309"
"GSE46205","GSE46205_GSM1126310"
"GSE46205","GSE46205_GSM1126311"
"GSE46205","GSE46205_GSM1126312"
"GSE46205","GSE46205_GSM1126313"
"GSE46205","GSE46205_GSM1126314"
"GSE46205","GSE46205_GSM1126315"
"GSE46205","GSE46205_GSM1126316"
"GSE46205","GSE46205_GSM1126317"
"GSE46205","GSE46205_GSM1126318"
"GSE46205","GSE46205_GSM1126319"
"GSE46205","GSE46205_GSM1126320"
"GSE46205","GSE46205_GSM1126321"
"GSE46205","GSE46205_GSM1126322"
"GSE46205","GSE46205_GSM1126323"
"GSE46205","GSE46205_GSM1126324"
"GSE46205","GSE46205_GSM1126325"
"GSE46958","GSE46958_GSM1142028"
"GSE46958","GSE46958_GSM1142029"
"GSE46958","GSE46958_GSM1142030"
"GSE46958","GSE46958_GSM1142031"
"GSE46958","GSE46958_GSM1142032"
"GSE46958","GSE46958_GSM1142033"
"GSE47715","GSE47715_GSM1155329"
"GSE47715","GSE47715_GSM1155330"
"GSE47715","GSE47715_GSM1155331"
"GSE47715","GSE47715_GSM1155332"
"GSE47715","GSE47715_GSM1155333"
"GSE47715","GSE47715_GSM1155334"
"GSE47715","GSE47715_GSM1155335"
"GSE47715","GSE47715_GSM1155336"
"GSE47715","GSE47715_GSM1155337"
"GSE47715","GSE47715_GSM1155338"
"GSE47715","GSE47715_GSM1155339"
"GSE47715","GSE47715_GSM1155340"
"GSE47715","GSE47715_GSM1155341"
"GSE48836","GSE48836_GSM1185437"
"GSE48836","GSE48836_GSM1185438"
"GSE48836","GSE48836_GSM1185439"
"GSE48836","GSE48836_GSM1185440"
"GSE48836","GSE48836_GSM1185441"
"GSE48836","GSE48836_GSM1185442"
"GSE48836","GSE48836_GSM1185443"
"GSE48836","GSE48836_GSM1185444"
"GSE48836","GSE48836_GSM1185445"
"GSE49437","GSE49437_GSM1199201"
"GSE49437","GSE49437_GSM1199202"
"GSE49437","GSE49437_GSM1199203"
"GSE49437","GSE49437_GSM1199204"
"GSE49437","GSE49437_GSM1199205"
"GSE49437","GSE49437_GSM1199206"
"GSE49437","GSE49437_GSM1199207"
"GSE49437","GSE49437_GSM1199208"
"GSE49437","GSE49437_GSM1199209"
"GSE49437","GSE49437_GSM1199210"
"GSE49437","GSE49437_GSM1199211"
"GSE49437","GSE49437_GSM1199212"
"GSE49437","GSE49437_GSM1199213"
"GSE49437","GSE49437_GSM1199214"
"GSE49437","GSE49437_GSM1199215"
"GSE49437","GSE49437_GSM1199216"
"GSE49437","GSE49437_GSM1199217"
"GSE49437","GSE49437_GSM1199218"
"GSE50952","GSE50952_GSM1233173"
"GSE50952","GSE50952_GSM1233174"
"GSE50952","GSE50952_GSM1233175"
"GSE50952","GSE50952_GSM1233176"
"GSE50952","GSE50952_GSM1233177"
"GSE50952","GSE50952_GSM1233178"
"GSE51236","GSE51236_GSM1240850"
"GSE51236","GSE51236_GSM1240851"
"GSE51236","GSE51236_GSM1240852"
"GSE51236","GSE51236_GSM1240853"
"GSE51236","GSE51236_GSM1240854"
"GSE51236","GSE51236_GSM1240855"
"GSE51236","GSE51236_GSM1240856"
"GSE51236","GSE51236_GSM1240857"
"GSE51236","GSE51236_GSM1240858"
"GSE51692","GSE51692_GSM1250591"
"GSE51692","GSE51692_GSM1250592"
"GSE51692","GSE51692_GSM1250593"
"GSE51692","GSE51692_GSM1250594"
"GSE51692","GSE51692_GSM1250595"
"GSE51692","GSE51692_GSM1250596"
"GSE51692","GSE51692_GSM1250597"
"GSE51692","GSE51692_GSM1250598"
"GSE52208","GSE52208_GSM1261186"
"GSE52208","GSE52208_GSM1261187"
"GSE52208","GSE52208_GSM1261188"
"GSE52208","GSE52208_GSM1261189"
"GSE52208","GSE52208_GSM1261190"
"GSE52208","GSE52208_GSM1261191"
"GSE52208","GSE52208_GSM1261192"
"GSE52208","GSE52208_GSM1261193"
"GSE52208","GSE52208_GSM1261194"
"GSE52208","GSE52208_GSM1261195"
"GSE52208","GSE52208_GSM1261196"
"GSE52208","GSE52208_GSM1261197"
"GSE52208","GSE52208_GSM1261198"
"GSE52208","GSE52208_GSM1261199"
"GSE52610","GSE52610_GSM1272576"
"GSE52610","GSE52610_GSM1272577"
"GSE52610","GSE52610_GSM1272578"
"GSE52610","GSE52610_GSM1272579"
"GSE52610","GSE52610_GSM1272580"
"GSE52610","GSE52610_GSM1272581"
"GSE52610","GSE52610_GSM1272582"
"GSE52610","GSE52610_GSM1272583"
"GSE52610","GSE52610_GSM1272584"
"GSE52610","GSE52610_GSM1272585"
"GSE52610","GSE52610_GSM1272586"
"GSE52610","GSE52610_GSM1272587"
"GSE54049","GSE54049_GSM1306433"
"GSE54049","GSE54049_GSM1306434"
"GSE54049","GSE54049_GSM1306435"
"GSE54049","GSE54049_GSM1306436"
"GSE54049","GSE54049_GSM1306437"
"GSE54049","GSE54049_GSM1306438"
"GSE54049","GSE54049_GSM1306439"
"GSE54049","GSE54049_GSM1306440"
"GSE54049","GSE54049_GSM1306441"
"GSE54049","GSE54049_GSM1306442"
"GSE54049","GSE54049_GSM1306443"
"GSE54049","GSE54049_GSM1306444"
"GSE54049","GSE54049_GSM1306445"
"GSE54049","GSE54049_GSM1306446"
"GSE54049","GSE54049_GSM1306447"
"GSE54049","GSE54049_GSM1306448"
"GSE54049","GSE54049_GSM1306449"
"GSE54049","GSE54049_GSM1306450"
"GSE54049","GSE54049_GSM1306451"
"GSE54049","GSE54049_GSM1306452"
"GSE54049","GSE54049_GSM1306453"
"GSE54049","GSE54049_GSM1306454"
"GSE54049","GSE54049_GSM1306455"
"GSE54049","GSE54049_GSM1306456"
"GSE54049","GSE54049_GSM1306457"
"GSE54049","GSE54049_GSM1306458"
"GSE54049","GSE54049_GSM1306459"
"GSE54049","GSE54049_GSM1306460"
"GSE54049","GSE54049_GSM1306461"
"GSE54049","GSE54049_GSM1306462"
"GSE54049","GSE54049_GSM1306463"
"GSE54049","GSE54049_GSM1306464"
"GSE54049","GSE54049_GSM1306465"
"GSE54049","GSE54049_GSM1306466"
"GSE54049","GSE54049_GSM1306467"
"GSE54049","GSE54049_GSM1306468"
"GSE54049","GSE54049_GSM1306469"
"GSE54049","GSE54049_GSM1306470"
"GSE54049","GSE54049_GSM1306471"
"GSE54049","GSE54049_GSM1306472"
"GSE54049","GSE54049_GSM1306473"
"GSE54049","GSE54049_GSM1306474"
"GSE54049","GSE54049_GSM1306475"
"GSE54049","GSE54049_GSM1306476"
"GSE54049","GSE54049_GSM1306477"
"GSE54049","GSE54049_GSM1306478"
"GSE54049","GSE54049_GSM1306479"
"GSE55222","GSE55222_GSM1331730"
"GSE55222","GSE55222_GSM1331731"
"GSE55222","GSE55222_GSM1331732"
"GSE55222","GSE55222_GSM1331733"
"GSE55222","GSE55222_GSM1331734"
"GSE55222","GSE55222_GSM1331735"
"GSE5522","GSE5522_GSM128693"
"GSE5522","GSE5522_GSM128695"
"GSE5522","GSE5522_GSM128697"
"GSE5522","GSE5522_GSM128699"
"GSE5522","GSE5522_GSM128701"
"GSE5522","GSE5522_GSM128703"
"GSE5620","GSE5620_GSM131225"
"GSE5620","GSE5620_GSM131226"
"GSE5620","GSE5620_GSM131229"
"GSE5620","GSE5620_GSM131230"
"GSE5620","GSE5620_GSM131233"
"GSE5620","GSE5620_GSM131234"
"GSE5620","GSE5620_GSM131237"
"GSE5620","GSE5620_GSM131238"
"GSE5620","GSE5620_GSM131241"
"GSE5620","GSE5620_GSM131242"
"GSE5620","GSE5620_GSM131245"
"GSE5620","GSE5620_GSM131246"
"GSE5620","GSE5620_GSM131249"
"GSE5620","GSE5620_GSM131250"
"GSE5620","GSE5620_GSM131253"
"GSE5620","GSE5620_GSM131254"
"GSE5620","GSE5620_GSM131257"
"GSE5620","GSE5620_GSM131258"
"GSE5621","GSE5621_GSM131261"
"GSE5621","GSE5621_GSM131262"
"GSE5621","GSE5621_GSM131265"
"GSE5621","GSE5621_GSM131266"
"GSE5621","GSE5621_GSM131269"
"GSE5621","GSE5621_GSM131270"
"GSE5621","GSE5621_GSM131273"
"GSE5621","GSE5621_GSM131274"
"GSE5621","GSE5621_GSM131277"
"GSE5621","GSE5621_GSM131278"
"GSE5621","GSE5621_GSM131281"
"GSE5621","GSE5621_GSM131282"
"GSE5622","GSE5622_GSM131285"
"GSE5622","GSE5622_GSM131286"
"GSE5622","GSE5622_GSM131289"
"GSE5622","GSE5622_GSM131290"
"GSE5622","GSE5622_GSM131293"
"GSE5622","GSE5622_GSM131294"
"GSE5622","GSE5622_GSM131297"
"GSE5622","GSE5622_GSM131298"
"GSE5622","GSE5622_GSM131301"
"GSE5622","GSE5622_GSM131302"
"GSE5622","GSE5622_GSM131305"
"GSE5622","GSE5622_GSM131306"
"GSE5623","GSE5623_GSM131309"
"GSE5623","GSE5623_GSM131310"
"GSE5623","GSE5623_GSM131313"
"GSE5623","GSE5623_GSM131314"
"GSE5623","GSE5623_GSM131317"
"GSE5623","GSE5623_GSM131318"
"GSE5623","GSE5623_GSM131321"
"GSE5623","GSE5623_GSM131322"
"GSE5623","GSE5623_GSM131325"
"GSE5623","GSE5623_GSM131326"
"GSE5623","GSE5623_GSM131329"
"GSE5623","GSE5623_GSM131330"
"GSE5624","GSE5624_GSM131333"
"GSE5624","GSE5624_GSM131334"
"GSE5624","GSE5624_GSM131337"
"GSE5624","GSE5624_GSM131338"
"GSE5624","GSE5624_GSM131341"
"GSE5624","GSE5624_GSM131342"
"GSE5624","GSE5624_GSM131345"
"GSE5624","GSE5624_GSM131346"
"GSE5624","GSE5624_GSM131349"
"GSE5624","GSE5624_GSM131350"
"GSE5624","GSE5624_GSM131353"
"GSE5624","GSE5624_GSM131354"
"GSE5624","GSE5624_GSM131357"
"GSE5624","GSE5624_GSM131358"
"GSE5625","GSE5625_GSM131361"
"GSE5625","GSE5625_GSM131362"
"GSE5625","GSE5625_GSM131365"
"GSE5625","GSE5625_GSM131366"
"GSE5625","GSE5625_GSM131369"
"GSE5625","GSE5625_GSM131370"
"GSE5625","GSE5625_GSM131373"
"GSE5625","GSE5625_GSM131374"
"GSE5625","GSE5625_GSM131377"
"GSE5625","GSE5625_GSM131378"
"GSE5625","GSE5625_GSM131381"
"GSE5625","GSE5625_GSM131382"
"GSE5626","GSE5626_GSM131385"
"GSE5626","GSE5626_GSM131386"
"GSE5626","GSE5626_GSM131389"
"GSE5626","GSE5626_GSM131390"
"GSE5626","GSE5626_GSM131393"
"GSE5626","GSE5626_GSM131394"
"GSE5626","GSE5626_GSM131397"
"GSE5626","GSE5626_GSM131398"
"GSE5626","GSE5626_GSM131401"
"GSE5626","GSE5626_GSM131402"
"GSE5626","GSE5626_GSM131405"
"GSE5626","GSE5626_GSM131406"
"GSE5626","GSE5626_GSM131409"
"GSE5626","GSE5626_GSM131410"
"GSE5627","GSE5627_GSM131413"
"GSE5627","GSE5627_GSM131414"
"GSE5627","GSE5627_GSM131417"
"GSE5627","GSE5627_GSM131418"
"GSE5627","GSE5627_GSM131421"
"GSE5627","GSE5627_GSM131422"
"GSE5627","GSE5627_GSM131425"
"GSE5627","GSE5627_GSM131426"
"GSE5627","GSE5627_GSM131429"
"GSE5627","GSE5627_GSM131430"
"GSE5627","GSE5627_GSM131433"
"GSE5627","GSE5627_GSM131434"
"GSE5627","GSE5627_GSM131437"
"GSE5627","GSE5627_GSM131438"
"GSE5628","GSE5628_GSM131441"
"GSE5628","GSE5628_GSM131442"
"GSE5628","GSE5628_GSM131445"
"GSE5628","GSE5628_GSM131446"
"GSE5628","GSE5628_GSM131449"
"GSE5628","GSE5628_GSM131450"
"GSE5628","GSE5628_GSM131453"
"GSE5628","GSE5628_GSM131454"
"GSE5628","GSE5628_GSM131457"
"GSE5628","GSE5628_GSM131458"
"GSE5628","GSE5628_GSM131461"
"GSE5628","GSE5628_GSM131462"
"GSE5628","GSE5628_GSM131465"
"GSE5628","GSE5628_GSM131466"
"GSE5628","GSE5628_GSM131469"
"GSE5628","GSE5628_GSM131470"
"GSE5631","GSE5631_GSM131555"
"GSE5631","GSE5631_GSM131556"
"GSE5631","GSE5631_GSM131557"
"GSE5631","GSE5631_GSM131558"
"GSE5631","GSE5631_GSM131559"
"GSE5631","GSE5631_GSM131560"
"GSE5631","GSE5631_GSM131561"
"GSE5631","GSE5631_GSM131562"
"GSE5631","GSE5631_GSM131563"
"GSE5631","GSE5631_GSM131564"
"GSE5631","GSE5631_GSM131565"
"GSE5631","GSE5631_GSM131566"
"GSE5631","GSE5631_GSM131567"
"GSE5631","GSE5631_GSM131568"
"GSE5631","GSE5631_GSM131569"
"GSE5631","GSE5631_GSM131570"
"GSE5631","GSE5631_GSM131571"
"GSE5631","GSE5631_GSM131572"
"GSE5631","GSE5631_GSM131573"
"GSE5631","GSE5631_GSM131574"
"GSE5631","GSE5631_GSM131575"
"GSE56659","GSE56659_GSM1366481"
"GSE56659","GSE56659_GSM1366482"
"GSE56659","GSE56659_GSM1366483"
"GSE56659","GSE56659_GSM1366484"
"GSE56659","GSE56659_GSM1366485"
"GSE56659","GSE56659_GSM1366486"
"GSE56659","GSE56659_GSM1366487"
"GSE56659","GSE56659_GSM1366488"
"GSE56659","GSE56659_GSM1366489"
"GSE56659","GSE56659_GSM1366490"
"GSE5688","GSE5688_GSM133121"
"GSE5688","GSE5688_GSM133122"
"GSE5688","GSE5688_GSM133123"
"GSE5688","GSE5688_GSM133124"
"GSE5688","GSE5688_GSM133125"
"GSE5688","GSE5688_GSM133126"
"GSE5688","GSE5688_GSM133127"
"GSE5688","GSE5688_GSM133128"
"GSE5688","GSE5688_GSM133129"
"GSE5688","GSE5688_GSM133130"
"GSE5688","GSE5688_GSM133131"
"GSE5688","GSE5688_GSM133132"
"GSE5688","GSE5688_GSM133133"
"GSE5688","GSE5688_GSM133134"
"GSE5688","GSE5688_GSM133135"
"GSE5688","GSE5688_GSM133136"
"GSE5688","GSE5688_GSM133137"
"GSE5688","GSE5688_GSM133138"
"GSE5688","GSE5688_GSM133139"
"GSE5688","GSE5688_GSM133140"
"GSE5688","GSE5688_GSM133141"
"GSE5688","GSE5688_GSM133142"
"GSE57044","GSE57044_GSM1373658"
"GSE57044","GSE57044_GSM1373659"
"GSE57044","GSE57044_GSM1373660"
"GSE57044","GSE57044_GSM1373661"
"GSE57044","GSE57044_GSM1373662"
"GSE57044","GSE57044_GSM1373663"
"GSE57044","GSE57044_GSM1373664"
"GSE57044","GSE57044_GSM1373665"
"GSE5724","GSE5724_GSM133717"
"GSE5724","GSE5724_GSM133718"
"GSE5730","GSE5730_GSM133756"
"GSE5730","GSE5730_GSM133758"
"GSE5730","GSE5730_GSM133760"
"GSE5749","GSE5749_GSM133968"
"GSE5749","GSE5749_GSM133969"
"GSE5749","GSE5749_GSM133970"
"GSE5749","GSE5749_GSM133971"
"GSE5749","GSE5749_GSM133973"
"GSE5749","GSE5749_GSM133974"
"GSE5749","GSE5749_GSM133975"
"GSE5749","GSE5749_GSM133976"
"GSE5749","GSE5749_GSM133977"
"GSE5749","GSE5749_GSM133978"
"GSE5749","GSE5749_GSM133979"
"GSE5749","GSE5749_GSM133980"
"GSE5749","GSE5749_GSM133981"
"GSE5749","GSE5749_GSM133983"
"GSE5749","GSE5749_GSM133984"
"GSE5749","GSE5749_GSM133985"
"GSE5749","GSE5749_GSM133986"
"GSE5749","GSE5749_GSM133987"
"GSE5749","GSE5749_GSM133988"
"GSE5749","GSE5749_GSM133989"
"GSE5749","GSE5749_GSM133991"
"GSE5749","GSE5749_GSM133992"
"GSE5749","GSE5749_GSM133993"
"GSE58771","GSE58771_GSM1419228"
"GSE58771","GSE58771_GSM1419229"
"GSE58771","GSE58771_GSM1419230"
"GSE58771","GSE58771_GSM1419231"
"GSE58807","GSE58807_GSM1419911"
"GSE58807","GSE58807_GSM1419912"
"GSE58807","GSE58807_GSM1419913"
"GSE58807","GSE58807_GSM1419914"
"GSE58807","GSE58807_GSM1419915"
"GSE58807","GSE58807_GSM1419916"
"GSE59426","GSE59426_GSM1436781"
"GSE59426","GSE59426_GSM1436782"
"GSE59426","GSE59426_GSM1436783"
"GSE59426","GSE59426_GSM1436784"
"GSE59426","GSE59426_GSM1436785"
"GSE59426","GSE59426_GSM1436786"
"GSE59426","GSE59426_GSM1436787"
"GSE59426","GSE59426_GSM1436788"
"GSE59426","GSE59426_GSM1436789"
"GSE59426","GSE59426_GSM1436790"
"GSE59426","GSE59426_GSM1436791"
"GSE59426","GSE59426_GSM1436792"
"GSE60157","GSE60157_GSM1466693"
"GSE60157","GSE60157_GSM1466694"
"GSE60157","GSE60157_GSM1466695"
"GSE60157","GSE60157_GSM1466697"
"GSE60157","GSE60157_GSM1466698"
"GSE60157","GSE60157_GSM1466699"
"GSE60157","GSE60157_GSM1466700"
"GSE60157","GSE60157_GSM1466701"
"GSE60157","GSE60157_GSM1466702"
"GSE60157","GSE60157_GSM1466703"
"GSE60157","GSE60157_GSM1466704"
"GSE60157","GSE60157_GSM1466705"
"GSE60157","GSE60157_GSM1466706"
"GSE60157","GSE60157_GSM1466707"
"GSE60157","GSE60157_GSM1466708"
"GSE60157","GSE60157_GSM1466709"
"GSE60157","GSE60157_GSM1466710"
"GSE60157","GSE60157_GSM1466711"
"GSE60157","GSE60157_GSM1466712"
"GSE60157","GSE60157_GSM1466713"
"GSE60157","GSE60157_GSM1466714"
"GSE60157","GSE60157_GSM1466715"
"GSE60157","GSE60157_GSM1466716"
"GSE60157","GSE60157_GSM1466717"
"GSE60157","GSE60157_GSM1466718"
"GSE60157","GSE60157_GSM1466719"
"GSE60157","GSE60157_GSM1466720"
"GSE60157","GSE60157_GSM1466721"
"GSE60157","GSE60157_GSM1466722"
"GSE60157","GSE60157_GSM1466723"
"GSE60157","GSE60157_GSM1466724"
"GSE60157","GSE60157_GSM1466725"
"GSE60157","GSE60157_GSM1466728"
"GSE60157","GSE60157_GSM1466729"
"GSE60157","GSE60157_GSM1466730"
"GSE61104","GSE61104_GSM1496617"
"GSE61104","GSE61104_GSM1496618"
"GSE61104","GSE61104_GSM1496619"
"GSE61104","GSE61104_GSM1496620"
"GSE61104","GSE61104_GSM1496621"
"GSE61104","GSE61104_GSM1496622"
"GSE61104","GSE61104_GSM1496623"
"GSE61104","GSE61104_GSM1496624"
"GSE61408","GSE61408_GSM1504041"
"GSE61408","GSE61408_GSM1504042"
"GSE61408","GSE61408_GSM1504043"
"GSE61408","GSE61408_GSM1504044"
"GSE61408","GSE61408_GSM1504045"
"GSE61408","GSE61408_GSM1504046"
"GSE61408","GSE61408_GSM1504049"
"GSE61408","GSE61408_GSM1504050"
"GSE61408","GSE61408_GSM1504051"
"GSE61408","GSE61408_GSM1504052"
"GSE61408","GSE61408_GSM1504053"
"GSE61408","GSE61408_GSM1504054"
"GSE61408","GSE61408_GSM1504055"
"GSE61408","GSE61408_GSM1504056"
"GSE61408","GSE61408_GSM1504057"
"GSE61408","GSE61408_GSM1504058"
"GSE61408","GSE61408_GSM1504059"
"GSE61408","GSE61408_GSM1504060"
"GSE61408","GSE61408_GSM1504061"
"GSE61408","GSE61408_GSM1504063"
"GSE61408","GSE61408_GSM1504064"
"GSE6155","GSE6155_GSM142669"
"GSE6155","GSE6155_GSM142670"
"GSE6155","GSE6155_GSM142671"
"GSE6155","GSE6155_GSM142672"
"GSE6155","GSE6155_GSM142673"
"GSE6155","GSE6155_GSM142674"
"GSE6155","GSE6155_GSM142675"
"GSE6160","GSE6160_GSM142707"
"GSE6160","GSE6160_GSM142708"
"GSE6160","GSE6160_GSM142714"
"GSE6160","GSE6160_GSM142719"
"GSE6160","GSE6160_GSM142720"
"GSE6161","GSE6161_GSM142721"
"GSE6161","GSE6161_GSM142723"
"GSE6161","GSE6161_GSM142724"
"GSE6161","GSE6161_GSM142725"
"GSE6161","GSE6161_GSM142726"
"GSE6161","GSE6161_GSM142727"
"GSE6161","GSE6161_GSM142728"
"GSE6161","GSE6161_GSM142729"
"GSE6161","GSE6161_GSM142730"
"GSE6161","GSE6161_GSM142731"
"GSE6161","GSE6161_GSM142732"
"GSE6165","GSE6165_GSM142750"
"GSE6165","GSE6165_GSM142751"
"GSE6165","GSE6165_GSM142753"
"GSE6165","GSE6165_GSM142754"
"GSE6165","GSE6165_GSM142755"
"GSE62537","GSE62537_GSM1528575"
"GSE62537","GSE62537_GSM1528576"
"GSE62537","GSE62537_GSM1528577"
"GSE62537","GSE62537_GSM1528578"
"GSE62537","GSE62537_GSM1528579"
"GSE62537","GSE62537_GSM1528580"
"GSE62537","GSE62537_GSM1528581"
"GSE62537","GSE62537_GSM1528582"
"GSE62537","GSE62537_GSM1528583"
"GSE62537","GSE62537_GSM1528584"
"GSE62537","GSE62537_GSM1528585"
"GSE62537","GSE62537_GSM1528586"
"GSE62750","GSE62750_GSM1532920"
"GSE62750","GSE62750_GSM1532921"
"GSE62750","GSE62750_GSM1532922"
"GSE62750","GSE62750_GSM1532923"
"GSE63474","GSE63474_GSM1550532"
"GSE63474","GSE63474_GSM1550533"
"GSE63474","GSE63474_GSM1550534"
"GSE63474","GSE63474_GSM1550535"
"GSE63946","GSE63946_GSM1561079"
"GSE63946","GSE63946_GSM1561080"
"GSE63946","GSE63946_GSM1561081"
"GSE63946","GSE63946_GSM1561084"
"GSE63946","GSE63946_GSM1561085"
"GSE63946","GSE63946_GSM1561086"
"GSE63946","GSE63946_GSM1561087"
"GSE63946","GSE63946_GSM1561088"
"GSE63946","GSE63946_GSM1561089"
"GSE63946","GSE63946_GSM1561090"
"GSE64253","GSE64253_GSM1567083"
"GSE64253","GSE64253_GSM1567084"
"GSE64253","GSE64253_GSM1567085"
"GSE64783","GSE64783_GSM1580534"
"GSE64783","GSE64783_GSM1580535"
"GSE64783","GSE64783_GSM1580536"
"GSE65840","GSE65840_GSM1607426"
"GSE65840","GSE65840_GSM1607427"
"GSE65840","GSE65840_GSM1607429"
"GSE65840","GSE65840_GSM1607430"
"GSE65840","GSE65840_GSM1607431"
"GSE67144","GSE67144_GSM1640224"
"GSE67144","GSE67144_GSM1640225"
"GSE67144","GSE67144_GSM1640226"
"GSE67144","GSE67144_GSM1640227"
"GSE67144","GSE67144_GSM1640228"
"GSE67144","GSE67144_GSM1640229"
"GSE67144","GSE67144_GSM1640230"
"GSE67144","GSE67144_GSM1640231"
"GSE67144","GSE67144_GSM1640232"
"GSE67144","GSE67144_GSM1640233"
"GSE67144","GSE67144_GSM1640234"
"GSE67144","GSE67144_GSM1640235"
"GSE67144","GSE67144_GSM1640236"
"GSE680","GSE680_GSM27361"
"GSE680","GSE680_GSM27365"
"GSE6824","GSE6824_GSM157305"
"GSE6824","GSE6824_GSM157306"
"GSE6824","GSE6824_GSM157307"
"GSE6824","GSE6824_GSM157309"
"GSE6824","GSE6824_GSM157310"
"GSE6825","GSE6825_GSM157314"
"GSE6825","GSE6825_GSM157315"
"GSE6825","GSE6825_GSM157316"
"GSE6825","GSE6825_GSM157323"
"GSE6825","GSE6825_GSM157324"
"GSE6825","GSE6825_GSM157325"
"GSE6825","GSE6825_GSM157326"
"GSE6825","GSE6825_GSM157327"
"GSE6825","GSE6825_GSM157328"
"GSE69389","GSE69389_GSM1700565"
"GSE69389","GSE69389_GSM1700566"
"GSE69389","GSE69389_GSM1700567"
"GSE69389","GSE69389_GSM1700568"
"GSE69389","GSE69389_GSM1700569"
"GSE69389","GSE69389_GSM1700570"
"GSE69389","GSE69389_GSM1700571"
"GSE69389","GSE69389_GSM1700572"
"GSE69389","GSE69389_GSM1700573"
"GSE69389","GSE69389_GSM1700574"
"GSE71001","GSE71001_GSM1824866"
"GSE71001","GSE71001_GSM1824867"
"GSE71001","GSE71001_GSM1824868"
"GSE71001","GSE71001_GSM1824869"
"GSE71001","GSE71001_GSM1824870"
"GSE71001","GSE71001_GSM1824871"
"GSE71001","GSE71001_GSM1824872"
"GSE71001","GSE71001_GSM1824873"
"GSE71001","GSE71001_GSM1824874"
"GSE71001","GSE71001_GSM1824875"
"GSE71001","GSE71001_GSM1824876"
"GSE71001","GSE71001_GSM1824877"
"GSE71001","GSE71001_GSM1824878"
"GSE71001","GSE71001_GSM1824879"
"GSE71001","GSE71001_GSM1824880"
"GSE71001","GSE71001_GSM1824881"
"GSE71001","GSE71001_GSM1824882"
"GSE71001","GSE71001_GSM1824883"
"GSE71001","GSE71001_GSM1824884"
"GSE71001","GSE71001_GSM1824885"
"GSE71001","GSE71001_GSM1824886"
"GSE71001","GSE71001_GSM1824887"
"GSE71001","GSE71001_GSM1824888"
"GSE71001","GSE71001_GSM1824889"
"GSE71312","GSE71312_GSM1832324"
"GSE71312","GSE71312_GSM1832325"
"GSE71312","GSE71312_GSM1832326"
"GSE71312","GSE71312_GSM1832330"
"GSE71312","GSE71312_GSM1832331"
"GSE71312","GSE71312_GSM1832332"
"GSE71737","GSE71737_GSM1844364"
"GSE71737","GSE71737_GSM1844365"
"GSE71737","GSE71737_GSM1844366"
"GSE71737","GSE71737_GSM1844367"
"GSE71737","GSE71737_GSM1844368"
"GSE71737","GSE71737_GSM1844369"
"GSE71737","GSE71737_GSM1844370"
"GSE71737","GSE71737_GSM1844371"
"GSE71737","GSE71737_GSM1844372"
"GSE71737","GSE71737_GSM1844373"
"GSE71737","GSE71737_GSM1844374"
"GSE71737","GSE71737_GSM1844375"
"GSE71737","GSE71737_GSM1844376"
"GSE71737","GSE71737_GSM1844377"
"GSE71737","GSE71737_GSM1844378"
"GSE71737","GSE71737_GSM1844379"
"GSE71737","GSE71737_GSM1844380"
"GSE71737","GSE71737_GSM1844381"
"GSE71737","GSE71737_GSM1844382"
"GSE71737","GSE71737_GSM1844383"
"GSE71737","GSE71737_GSM1844384"
"GSE71737","GSE71737_GSM1844385"
"GSE71737","GSE71737_GSM1844386"
"GSE71737","GSE71737_GSM1844387"
"GSE71737","GSE71737_GSM1844388"
"GSE71737","GSE71737_GSM1844389"
"GSE71737","GSE71737_GSM1844390"
"GSE71737","GSE71737_GSM1844391"
"GSE71737","GSE71737_GSM1844392"
"GSE71737","GSE71737_GSM1844393"
"GSE71737","GSE71737_GSM1844394"
"GSE71737","GSE71737_GSM1844395"
"GSE71737","GSE71737_GSM1844396"
"GSE71737","GSE71737_GSM1844397"
"GSE71737","GSE71737_GSM1844398"
"GSE71737","GSE71737_GSM1844399"
"GSE71737","GSE71737_GSM1844400"
"GSE71737","GSE71737_GSM1844401"
"GSE71737","GSE71737_GSM1844402"
"GSE71737","GSE71737_GSM1844403"
"GSE71737","GSE71737_GSM1844404"
"GSE71737","GSE71737_GSM1844406"
"GSE71737","GSE71737_GSM1844407"
"GSE71737","GSE71737_GSM1844408"
"GSE71737","GSE71737_GSM1844409"
"GSE71737","GSE71737_GSM1844410"
"GSE71737","GSE71737_GSM1844411"
"GSE71737","GSE71737_GSM1844412"
"GSE71737","GSE71737_GSM1844413"
"GSE71737","GSE71737_GSM1844414"
"GSE71737","GSE71737_GSM1844415"
"GSE71737","GSE71737_GSM1844416"
"GSE71737","GSE71737_GSM1844417"
"GSE71737","GSE71737_GSM1844418"
"GSE71737","GSE71737_GSM1844420"
"GSE71737","GSE71737_GSM1844422"
"GSE71737","GSE71737_GSM1844423"
"GSE71737","GSE71737_GSM1844424"
"GSE71737","GSE71737_GSM1844425"
"GSE71737","GSE71737_GSM1844426"
"GSE71737","GSE71737_GSM1844427"
"GSE7432","GSE7432_GSM179958"
"GSE7432","GSE7432_GSM179959"
"GSE7432","GSE7432_GSM179960"
"GSE7432","GSE7432_GSM179961"
"GSE7432","GSE7432_GSM179963"
"GSE7432","GSE7432_GSM179967"
"GSE7432","GSE7432_GSM179969"
"GSE7432","GSE7432_GSM179970"
"GSE7432","GSE7432_GSM179971"
"GSE7432","GSE7432_GSM179972"
"GSE7432","GSE7432_GSM179973"
"GSE7432","GSE7432_GSM179974"
"GSE7432","GSE7432_GSM179975"
"GSE7432","GSE7432_GSM179976"
"GSE7432","GSE7432_GSM179977"
"GSE7432","GSE7432_GSM179978"
"GSE75609","GSE75609_GSM1960378"
"GSE75609","GSE75609_GSM1960379"
"GSE75609","GSE75609_GSM1960380"
"GSE75609","GSE75609_GSM1960381"
"GSE75609","GSE75609_GSM1960382"
"GSE75609","GSE75609_GSM1960383"
"GSE75609","GSE75609_GSM1960384"
"GSE75609","GSE75609_GSM1960385"
"GSE75609","GSE75609_GSM1960386"
"GSE75609","GSE75609_GSM1960387"
"GSE75609","GSE75609_GSM1960388"
"GSE75609","GSE75609_GSM1960389"
"GSE75610","GSE75610_GSM1960390"
"GSE75610","GSE75610_GSM1960391"
"GSE75610","GSE75610_GSM1960392"
"GSE75610","GSE75610_GSM1960393"
"GSE75610","GSE75610_GSM1960394"
"GSE75610","GSE75610_GSM1960395"
"GSE75610","GSE75610_GSM1960396"
"GSE75610","GSE75610_GSM1960397"
"GSE75610","GSE75610_GSM1960398"
"GSE75611","GSE75611_GSM1960399"
"GSE75611","GSE75611_GSM1960401"
"GSE75611","GSE75611_GSM1960402"
"GSE75611","GSE75611_GSM1960403"
"GSE75611","GSE75611_GSM1960404"
"GSE75928","GSE75928_GSM1970345"
"GSE75928","GSE75928_GSM1970346"
"GSE75928","GSE75928_GSM1970347"
"GSE75928","GSE75928_GSM1970348"
"GSE75928","GSE75928_GSM1970349"
"GSE75928","GSE75928_GSM1970350"
"GSE75928","GSE75928_GSM1970351"
"GSE75928","GSE75928_GSM1970352"
"GSE7631","GSE7631_GSM184477"
"GSE7631","GSE7631_GSM184478"
"GSE7631","GSE7631_GSM184479"
"GSE7631","GSE7631_GSM184480"
"GSE7631","GSE7631_GSM184481"
"GSE7631","GSE7631_GSM184483"
"GSE7631","GSE7631_GSM184484"
"GSE7631","GSE7631_GSM184485"
"GSE7631","GSE7631_GSM184486"
"GSE7631","GSE7631_GSM184487"
"GSE7631","GSE7631_GSM184488"
"GSE7631","GSE7631_GSM184489"
"GSE7631","GSE7631_GSM184490"
"GSE7631","GSE7631_GSM184491"
"GSE7631","GSE7631_GSM184492"
"GSE7631","GSE7631_GSM184493"
"GSE7631","GSE7631_GSM184494"
"GSE7631","GSE7631_GSM184495"
"GSE7631","GSE7631_GSM184496"
"GSE7631","GSE7631_GSM184498"
"GSE7631","GSE7631_GSM184499"
"GSE7631","GSE7631_GSM184500"
"GSE7631","GSE7631_GSM184501"
"GSE7631","GSE7631_GSM184502"
"GSE7631","GSE7631_GSM184503"
"GSE7631","GSE7631_GSM184504"
"GSE7631","GSE7631_GSM184505"
"GSE7631","GSE7631_GSM184506"
"GSE7631","GSE7631_GSM184507"
"GSE7631","GSE7631_GSM184508"
"GSE7631","GSE7631_GSM184509"
"GSE7631","GSE7631_GSM184510"
"GSE7631","GSE7631_GSM184511"
"GSE7631","GSE7631_GSM184516"
"GSE7631","GSE7631_GSM184517"
"GSE7631","GSE7631_GSM184518"
"GSE7631","GSE7631_GSM184519"
"GSE7631","GSE7631_GSM184520"
"GSE7631","GSE7631_GSM184521"
"GSE7631","GSE7631_GSM184522"
"GSE7631","GSE7631_GSM184523"
"GSE7631","GSE7631_GSM184524"
"GSE7631","GSE7631_GSM184525"
"GSE7631","GSE7631_GSM184526"
"GSE7631","GSE7631_GSM184527"
"GSE7631","GSE7631_GSM184528"
"GSE7631","GSE7631_GSM184529"
"GSE7631","GSE7631_GSM184530"
"GSE7631","GSE7631_GSM184531"
"GSE7631","GSE7631_GSM184532"
"GSE7631","GSE7631_GSM184533"
"GSE7631","GSE7631_GSM184534"
"GSE7631","GSE7631_GSM184535"
"GSE7631","GSE7631_GSM184536"
"GSE7631","GSE7631_GSM184538"
"GSE7631","GSE7631_GSM184543"
"GSE7631","GSE7631_GSM184544"
"GSE7631","GSE7631_GSM184545"
"GSE7631","GSE7631_GSM184553"
"GSE7631","GSE7631_GSM184557"
"GSE7631","GSE7631_GSM184559"
"GSE7631","GSE7631_GSM184560"
"GSE7631","GSE7631_GSM184561"
"GSE7631","GSE7631_GSM218586"
"GSE7631","GSE7631_GSM218587"
"GSE7631","GSE7631_GSM218588"
"GSE7631","GSE7631_GSM218589"
"GSE7631","GSE7631_GSM218590"
"GSE7631","GSE7631_GSM218591"
"GSE7631","GSE7631_GSM218592"
"GSE7631","GSE7631_GSM218593"
"GSE7631","GSE7631_GSM218594"
"GSE7631","GSE7631_GSM218595"
"GSE7631","GSE7631_GSM218596"
"GSE7636","GSE7636_GSM184632"
"GSE7636","GSE7636_GSM184633"
"GSE7636","GSE7636_GSM184634"
"GSE7636","GSE7636_GSM184635"
"GSE7639","GSE7639_GSM184831"
"GSE7639","GSE7639_GSM184832"
"GSE7639","GSE7639_GSM184833"
"GSE7639","GSE7639_GSM184834"
"GSE7639","GSE7639_GSM184835"
"GSE7639","GSE7639_GSM184836"
"GSE7639","GSE7639_GSM184837"
"GSE7639","GSE7639_GSM184838"
"GSE7639","GSE7639_GSM184839"
"GSE7639","GSE7639_GSM184840"
"GSE7639","GSE7639_GSM184841"
"GSE7639","GSE7639_GSM184842"
"GSE7639","GSE7639_GSM184843"
"GSE7639","GSE7639_GSM184844"
"GSE7639","GSE7639_GSM184845"
"GSE7639","GSE7639_GSM184846"
"GSE7641","GSE7641_GSM184889"
"GSE7641","GSE7641_GSM184890"
"GSE7641","GSE7641_GSM184891"
"GSE7641","GSE7641_GSM184892"
"GSE7641","GSE7641_GSM184893"
"GSE7641","GSE7641_GSM184894"
"GSE7641","GSE7641_GSM184895"
"GSE7641","GSE7641_GSM184896"
"GSE7641","GSE7641_GSM184897"
"GSE7641","GSE7641_GSM184898"
"GSE7641","GSE7641_GSM184899"
"GSE7641","GSE7641_GSM184900"
"GSE7641","GSE7641_GSM184901"
"GSE7641","GSE7641_GSM184902"
"GSE7641","GSE7641_GSM184903"
"GSE7641","GSE7641_GSM184904"
"GSE7641","GSE7641_GSM184906"
"GSE7641","GSE7641_GSM184907"
"GSE7641","GSE7641_GSM184908"
"GSE7641","GSE7641_GSM184909"
"GSE7641","GSE7641_GSM184910"
"GSE7641","GSE7641_GSM184911"
"GSE7641","GSE7641_GSM184912"
"GSE7641","GSE7641_GSM184913"
"GSE7641","GSE7641_GSM184914"
"GSE7641","GSE7641_GSM184915"
"GSE7641","GSE7641_GSM184916"
"GSE7641","GSE7641_GSM184917"
"GSE7641","GSE7641_GSM184918"
"GSE7641","GSE7641_GSM184919"
"GSE7641","GSE7641_GSM184920"
"GSE7641","GSE7641_GSM184921"
"GSE7641","GSE7641_GSM184922"
"GSE7641","GSE7641_GSM184923"
"GSE7641","GSE7641_GSM184924"
"GSE7642","GSE7642_GSM184925"
"GSE7642","GSE7642_GSM184926"
"GSE7642","GSE7642_GSM184927"
"GSE7642","GSE7642_GSM184928"
"GSE7642","GSE7642_GSM184929"
"GSE7642","GSE7642_GSM184930"
"GSE7642","GSE7642_GSM184931"
"GSE7642","GSE7642_GSM184932"
"GSE7642","GSE7642_GSM184933"
"GSE7642","GSE7642_GSM184934"
"GSE7642","GSE7642_GSM184935"
"GSE7642","GSE7642_GSM184936"
"GSE76710","GSE76710_GSM2036299"
"GSE76710","GSE76710_GSM2036300"
"GSE76710","GSE76710_GSM2036301"
"GSE76710","GSE76710_GSM2036302"
"GSE76710","GSE76710_GSM2036303"
"GSE76710","GSE76710_GSM2036304"
"GSE77286","GSE77286_GSM2047275"
"GSE77286","GSE77286_GSM2047276"
"GSE77286","GSE77286_GSM2047277"
"GSE77286","GSE77286_GSM2047278"
"GSE77286","GSE77286_GSM2047279"
"GSE77286","GSE77286_GSM2047280"
"GSE77286","GSE77286_GSM2047281"
"GSE77286","GSE77286_GSM2047282"
"GSE77286","GSE77286_GSM2047283"
"GSE77286","GSE77286_GSM2047284"
"GSE77286","GSE77286_GSM2047285"
"GSE77286","GSE77286_GSM2047286"
"GSE77286","GSE77286_GSM2047287"
"GSE77286","GSE77286_GSM2047288"
"GSE77286","GSE77286_GSM2047289"
"GSE77286","GSE77286_GSM2047290"
"GSE77286","GSE77286_GSM2047291"
"GSE77286","GSE77286_GSM2047292"
"GSE77286","GSE77286_GSM2047293"
"GSE77286","GSE77286_GSM2047294"
"GSE77286","GSE77286_GSM2047295"
"GSE77286","GSE77286_GSM2047296"
"GSE77286","GSE77286_GSM2047297"
"GSE77286","GSE77286_GSM2047298"
"GSE77806","GSE77806_GSM2059860"
"GSE77806","GSE77806_GSM2059861"
"GSE77806","GSE77806_GSM2059862"
"GSE77806","GSE77806_GSM2059863"
"GSE77806","GSE77806_GSM2059864"
"GSE77806","GSE77806_GSM2059865"
"GSE77806","GSE77806_GSM2059866"
"GSE77806","GSE77806_GSM2059867"
"GSE77806","GSE77806_GSM2059868"
"GSE77806","GSE77806_GSM2059869"
"GSE77806","GSE77806_GSM2059870"
"GSE77806","GSE77806_GSM2059871"
"GSE77806","GSE77806_GSM2059872"
"GSE77806","GSE77806_GSM2059873"
"GSE77806","GSE77806_GSM2059874"
"GSE77806","GSE77806_GSM2059875"
"GSE77806","GSE77806_GSM2059876"
"GSE77806","GSE77806_GSM2059877"
"GSE80461","GSE80461_GSM2127759"
"GSE80461","GSE80461_GSM2127760"
"GSE80461","GSE80461_GSM2127761"
"GSE80461","GSE80461_GSM2127762"
"GSE80461","GSE80461_GSM2127763"
"GSE80461","GSE80461_GSM2127764"
"GSE80461","GSE80461_GSM2127771"
"GSE80461","GSE80461_GSM2127772"
"GSE80461","GSE80461_GSM2127773"
"GSE80461","GSE80461_GSM2127774"
"GSE80461","GSE80461_GSM2127775"
"GSE80461","GSE80461_GSM2127776"
"GSE81347","GSE81347_GSM2150907"
"GSE81347","GSE81347_GSM2150908"
"GSE81347","GSE81347_GSM2150909"
"GSE81347","GSE81347_GSM2150910"
"GSE81347","GSE81347_GSM2150911"
"GSE81347","GSE81347_GSM2150912"
"GSE81347","GSE81347_GSM2150913"
"GSE81347","GSE81347_GSM2150914"
"GSE81347","GSE81347_GSM2150915"
"GSE81347","GSE81347_GSM2150916"
"GSE83242","GSE83242_GSM2197539"
"GSE83242","GSE83242_GSM2197540"
"GSE83242","GSE83242_GSM2197541"
"GSE83242","GSE83242_GSM2197542"
"GSE83242","GSE83242_GSM2197543"
"GSE83242","GSE83242_GSM2197544"
"GSE83242","GSE83242_GSM2197545"
"GSE83242","GSE83242_GSM2197546"
"GSE83242","GSE83242_GSM2197547"
"GSE83242","GSE83242_GSM2197548"
"GSE83242","GSE83242_GSM2197549"
"GSE83242","GSE83242_GSM2197550"
"GSE83242","GSE83242_GSM2197551"
"GSE83242","GSE83242_GSM2197552"
"GSE83242","GSE83242_GSM2197553"
"GSE83242","GSE83242_GSM2197554"
"GSE83242","GSE83242_GSM2197555"
"GSE83242","GSE83242_GSM2197556"
"GSE84446","GSE84446_GSM2236316"
"GSE84446","GSE84446_GSM2236317"
"GSE84446","GSE84446_GSM2236318"
"GSE84446","GSE84446_GSM2236319"
"GSE84446","GSE84446_GSM2236320"
"GSE84446","GSE84446_GSM2236321"
"GSE84446","GSE84446_GSM2236322"
"GSE84446","GSE84446_GSM2236323"
"GSE84446","GSE84446_GSM2236324"
"GSE84446","GSE84446_GSM2236325"
"GSE84446","GSE84446_GSM2236326"
"GSE84446","GSE84446_GSM2236327"
"GSE84446","GSE84446_GSM2236328"
"GSE84446","GSE84446_GSM2236329"
"GSE84446","GSE84446_GSM2236330"
"GSE84446","GSE84446_GSM2236331"
"GSE84446","GSE84446_GSM2236332"
"GSE84446","GSE84446_GSM2236333"
"GSE84446","GSE84446_GSM2236334"
"GSE84446","GSE84446_GSM2236335"
"GSE84446","GSE84446_GSM2236336"
"GSE84446","GSE84446_GSM2236337"
"GSE84446","GSE84446_GSM2236338"
"GSE84446","GSE84446_GSM2236339"
"GSE84446","GSE84446_GSM2236340"
"GSE84446","GSE84446_GSM2236341"
"GSE84446","GSE84446_GSM2236342"
"GSE84446","GSE84446_GSM2236343"
"GSE84446","GSE84446_GSM2236344"
"GSE84446","GSE84446_GSM2236345"
"GSE84446","GSE84446_GSM2236346"
"GSE84446","GSE84446_GSM2236347"
"GSE84446","GSE84446_GSM2236348"
"GSE84446","GSE84446_GSM2236349"
"GSE84446","GSE84446_GSM2236350"
"GSE84446","GSE84446_GSM2236351"
"GSE84446","GSE84446_GSM2236352"
"GSE84446","GSE84446_GSM2236353"
"GSE84446","GSE84446_GSM2236354"
"GSE84446","GSE84446_GSM2236355"
"GSE84446","GSE84446_GSM2236356"
"GSE84446","GSE84446_GSM2236357"
"GSE84446","GSE84446_GSM2236358"
"GSE84446","GSE84446_GSM2236359"
"GSE84446","GSE84446_GSM2236360"
"GSE84446","GSE84446_GSM2236361"
"GSE84446","GSE84446_GSM2236362"
"GSE84446","GSE84446_GSM2236363"
"GSE87215","GSE87215_GSM2325640"
"GSE87215","GSE87215_GSM2325641"
"GSE87215","GSE87215_GSM2325642"
"GSE87215","GSE87215_GSM2325643"
"GSE87215","GSE87215_GSM2325644"
"GSE87215","GSE87215_GSM2325645"
"GSE87215","GSE87215_GSM2325646"
"GSE87215","GSE87215_GSM2325647"
"GSE87215","GSE87215_GSM2325648"
"GSE87215","GSE87215_GSM2325649"
"GSE87215","GSE87215_GSM2325650"
"GSE87215","GSE87215_GSM2325651"
"GSE87216","GSE87216_GSM2325652"
"GSE87216","GSE87216_GSM2325653"
"GSE87216","GSE87216_GSM2325654"
"GSE87216","GSE87216_GSM2325655"
"GSE87216","GSE87216_GSM2325656"
"GSE87216","GSE87216_GSM2325657"
"GSE87216","GSE87216_GSM2325658"
"GSE87216","GSE87216_GSM2325659"
"GSE87216","GSE87216_GSM2325660"
"GSE87216","GSE87216_GSM2325661"
"GSE87216","GSE87216_GSM2325662"
"GSE87216","GSE87216_GSM2325663"
"GSE87867","GSE87867_GSM2342068"
"GSE87867","GSE87867_GSM2342069"
"GSE87867","GSE87867_GSM2342071"
"GSE87867","GSE87867_GSM2342072"
"GSE87867","GSE87867_GSM2342073"
"GSE87867","GSE87867_GSM2342074"
"GSE87867","GSE87867_GSM2342075"
"GSE87867","GSE87867_GSM2342076"
"GSE87867","GSE87867_GSM2342077"
"GSE87867","GSE87867_GSM2342078"
"GSE87867","GSE87867_GSM2342079"
"GSE87867","GSE87867_GSM2342080"
"GSE87867","GSE87867_GSM2342081"
"GSE87868","GSE87868_GSM2342100"
"GSE87868","GSE87868_GSM2342101"
"GSE87868","GSE87868_GSM2342102"
"GSE87868","GSE87868_GSM2342103"
"GSE87868","GSE87868_GSM2342104"
"GSE87868","GSE87868_GSM2342105"
"GSE87868","GSE87868_GSM2342106"
"GSE87868","GSE87868_GSM2342107"
"GSE87868","GSE87868_GSM2342108"
"GSE8787","GSE8787_GSM218283"
"GSE8787","GSE8787_GSM218284"
"GSE8787","GSE8787_GSM218285"
"GSE8787","GSE8787_GSM218286"
"GSE8787","GSE8787_GSM218287"
"GSE8787","GSE8787_GSM218288"
"GSE8787","GSE8787_GSM218289"
"GSE8787","GSE8787_GSM218290"
"GSE8787","GSE8787_GSM218291"
"GSE8787","GSE8787_GSM218292"
"GSE8787","GSE8787_GSM218293"
"GSE8787","GSE8787_GSM218294"
"GSE8787","GSE8787_GSM218295"
"GSE8787","GSE8787_GSM218296"
"GSE8787","GSE8787_GSM218297"
"GSE8787","GSE8787_GSM218298"
"GSE87903","GSE87903_GSM2342800"
"GSE87903","GSE87903_GSM2342801"
"GSE87903","GSE87903_GSM2342802"
"GSE87903","GSE87903_GSM2342803"
"GSE87903","GSE87903_GSM2342804"
"GSE87903","GSE87903_GSM2342805"
"GSE87903","GSE87903_GSM2342807"
"GSE87903","GSE87903_GSM2342808"
"GSE87903","GSE87903_GSM2342809"
"GSE87904","GSE87904_GSM2342816"
"GSE87904","GSE87904_GSM2342817"
"GSE87904","GSE87904_GSM2342818"
"GSE87904","GSE87904_GSM2342819"
"GSE87904","GSE87904_GSM2342820"
"GSE87904","GSE87904_GSM2342821"
"GSE87904","GSE87904_GSM2342822"
"GSE87904","GSE87904_GSM2342823"
"GSE87904","GSE87904_GSM2342824"
"GSE87904","GSE87904_GSM2342825"
"GSE87904","GSE87904_GSM2342826"
"GSE87904","GSE87904_GSM2342827"
"GSE87904","GSE87904_GSM2342828"
"GSE87904","GSE87904_GSM2342829"
"GSE87904","GSE87904_GSM2342830"
"GSE87904","GSE87904_GSM2342831"
"GSE87904","GSE87904_GSM2342832"
"GSE87904","GSE87904_GSM2342833"
"GSE87904","GSE87904_GSM2342834"
"GSE87904","GSE87904_GSM2342835"
"GSE87904","GSE87904_GSM2342837"
"GSE87904","GSE87904_GSM2342838"
"GSE87904","GSE87904_GSM2342839"
"GSE87904","GSE87904_GSM2342843"
"GSE87904","GSE87904_GSM2342844"
"GSE87904","GSE87904_GSM2342845"
"GSE87904","GSE87904_GSM2342846"
"GSE87904","GSE87904_GSM2342850"
"GSE87904","GSE87904_GSM2342851"
"GSE8934","GSE8934_GSM226532"
"GSE8934","GSE8934_GSM226533"
"GSE8934","GSE8934_GSM226535"
"GSE8934","GSE8934_GSM226536"
"GSE8934","GSE8934_GSM226537"
"GSE8934","GSE8934_GSM226540"
"GSE8934","GSE8934_GSM226541"
"GSE8934","GSE8934_GSM226543"
"GSE8934","GSE8934_GSM226544"
"GSE8934","GSE8934_GSM226545"
"GSE8934","GSE8934_GSM226546"
"GSE8934","GSE8934_GSM226547"
"GSE8934","GSE8934_GSM226548"
"GSE8934","GSE8934_GSM226549"
"GSE8934","GSE8934_GSM226550"
"GSE8934","GSE8934_GSM226551"
"GSE8934","GSE8934_GSM226552"
"GSE8934","GSE8934_GSM226553"
"GSE8934","GSE8934_GSM226554"
"GSE8994","GSE8994_GSM227615"
"GSE8994","GSE8994_GSM227616"
"GSE9148","GSE9148_GSM231193"
"GSE9148","GSE9148_GSM231194"
"GSE9148","GSE9148_GSM231195"
"GSE9148","GSE9148_GSM231196"
"GSE9148","GSE9148_GSM231197"
"GSE9148","GSE9148_GSM231198"
"GSE9148","GSE9148_GSM231199"
"GSE9148","GSE9148_GSM231200"
"GSE9148","GSE9148_GSM231201"
"GSE9148","GSE9148_GSM231202"
"GSE9148","GSE9148_GSM231203"
"GSE9148","GSE9148_GSM231204"
"GSE92716","GSE92716_GSM2436242"
"GSE92716","GSE92716_GSM2436243"
"GSE92716","GSE92716_GSM2436244"
"GSE92716","GSE92716_GSM2436248"
"GSE92716","GSE92716_GSM2436249"
"GSE92716","GSE92716_GSM2436250"
"GSE92716","GSE92716_GSM2436254"
"GSE92716","GSE92716_GSM2436255"
"GSE92716","GSE92716_GSM2436256"
"GSE9311","GSE9311_GSM237280"
"GSE9311","GSE9311_GSM237281"
"GSE9311","GSE9311_GSM237282"
"GSE9311","GSE9311_GSM237283"
"GSE9311","GSE9311_GSM237292"
"GSE9311","GSE9311_GSM237293"
"GSE9311","GSE9311_GSM237294"
"GSE9311","GSE9311_GSM237295"
"GSE94314","GSE94314_GSM2472804"
"GSE94314","GSE94314_GSM2472805"
"GSE94314","GSE94314_GSM2472806"
"GSE94314","GSE94314_GSM2472807"
"GSE94314","GSE94314_GSM2472808"
"GSE94314","GSE94314_GSM2472809"
"GSE94314","GSE94314_GSM2472810"
"GSE9996","GSE9996_GSM252663"
"GSE9996","GSE9996_GSM252664"
"GSE9996","GSE9996_GSM252665"
"GSE9996","GSE9996_GSM252666"
"GSE9996","GSE9996_GSM252667"
"GSE9996","GSE9996_GSM252668"
"GSE9996","GSE9996_GSM252669"
"GSE9996","GSE9996_GSM252670"
"GSE9996","GSE9996_GSM252671"
"GSE9996","GSE9996_GSM252672"
"GSE9996","GSE9996_GSM252673"
"GSE9996","GSE9996_GSM252674"
"GSE9996","GSE9996_GSM252675"
"GSE9996","GSE9996_GSM252676"
"GSE9996","GSE9996_GSM252677"
"GSE9996","GSE9996_GSM252679"
"GSE9996","GSE9996_GSM252680"
"GSE9996","GSE9996_GSM252681"
"GSE9996","GSE9996_GSM252682"
"GSE9996","GSE9996_GSM252683"
"GSE9996","GSE9996_GSM252684"
"GSE9996","GSE9996_GSM252685"
"GSE9996","GSE9996_GSM252686"
"GSE9996","GSE9996_GSM252687"
"GSE9996","GSE9996_GSM252688"
"GSE9996","GSE9996_GSM252689"
"GSE9996","GSE9996_GSM252691"
"GSE9996","GSE9996_GSM252692"
