"E-ATMX-24","E-ATMX-24_1"
"E-ATMX-24","E-ATMX-24_10"
"E-ATMX-24","E-ATMX-24_11"
"E-ATMX-24","E-ATMX-24_12"
"E-ATMX-24","E-ATMX-24_13"
"E-ATMX-24","E-ATMX-24_14"
"E-ATMX-24","E-ATMX-24_15"
"E-ATMX-24","E-ATMX-24_16"
"E-ATMX-24","E-ATMX-24_17"
"E-ATMX-24","E-ATMX-24_18"
"E-ATMX-24","E-ATMX-24_2"
"E-ATMX-24","E-ATMX-24_3"
"E-ATMX-24","E-ATMX-24_4"
"E-ATMX-24","E-ATMX-24_5"
"E-ATMX-24","E-ATMX-24_6"
"E-ATMX-24","E-ATMX-24_7"
"E-ATMX-24","E-ATMX-24_8"
"E-ATMX-24","E-ATMX-24_9"
"E-ATMX-28","E-ATMX-28_1"
"E-ATMX-28","E-ATMX-28_2"
"E-ATMX-28","E-ATMX-28_3"
"E-ATMX-28","E-ATMX-28_4"
"E-ATMX-31","E-ATMX-31_7"
"E-ATMX-31","E-ATMX-31_8"
"E-ATMX-31","E-ATMX-31_9"
"E-MEXP-1100","E-MEXP-1100_1"
"E-MEXP-1100","E-MEXP-1100_2"
"E-MEXP-1100","E-MEXP-1100_3"
"E-MEXP-1100","E-MEXP-1100_4"
"E-MEXP-1100","E-MEXP-1100_5"
"E-MEXP-1100","E-MEXP-1100_6"
"E-MEXP-1329","E-MEXP-1329_1"
"E-MEXP-1329","E-MEXP-1329_2"
"E-MEXP-1329","E-MEXP-1329_3"
"E-MEXP-1329","E-MEXP-1329_4"
"E-MEXP-1329","E-MEXP-1329_5"
"E-MEXP-1329","E-MEXP-1329_6"
"E-MEXP-1329","E-MEXP-1329_7"
"E-MEXP-1329","E-MEXP-1329_8"
"E-MEXP-148","E-MEXP-148_11"
"E-MEXP-148","E-MEXP-148_12"
"E-MEXP-148","E-MEXP-148_2"
"E-MEXP-148","E-MEXP-148_3"
"E-MEXP-148","E-MEXP-148_5"
"E-MEXP-148","E-MEXP-148_6"
"E-MEXP-148","E-MEXP-148_7"
"E-MEXP-1573","E-MEXP-1573_1"
"E-MEXP-1573","E-MEXP-1573_2"
"E-MEXP-1573","E-MEXP-1573_3"
"E-MEXP-1573","E-MEXP-1573_4"
"E-MEXP-1573","E-MEXP-1573_5"
"E-MEXP-1573","E-MEXP-1573_6"
"E-MEXP-1573","E-MEXP-1573_7"
"E-MEXP-1573","E-MEXP-1573_8"
"E-MEXP-1592","E-MEXP-1592_1"
"E-MEXP-1592","E-MEXP-1592_10"
"E-MEXP-1592","E-MEXP-1592_11"
"E-MEXP-1592","E-MEXP-1592_12"
"E-MEXP-1592","E-MEXP-1592_2"
"E-MEXP-1592","E-MEXP-1592_3"
"E-MEXP-1592","E-MEXP-1592_4"
"E-MEXP-1592","E-MEXP-1592_5"
"E-MEXP-1592","E-MEXP-1592_6"
"E-MEXP-1592","E-MEXP-1592_7"
"E-MEXP-1592","E-MEXP-1592_8"
"E-MEXP-1592","E-MEXP-1592_9"
"E-MEXP-1743","E-MEXP-1743_1"
"E-MEXP-1743","E-MEXP-1743_2"
"E-MEXP-1743","E-MEXP-1743_3"
"E-MEXP-1743","E-MEXP-1743_4"
"E-MEXP-1743","E-MEXP-1743_5"
"E-MEXP-1743","E-MEXP-1743_6"
"E-MEXP-2041","E-MEXP-2041_1"
"E-MEXP-2041","E-MEXP-2041_10"
"E-MEXP-2041","E-MEXP-2041_11"
"E-MEXP-2041","E-MEXP-2041_12"
"E-MEXP-2041","E-MEXP-2041_13"
"E-MEXP-2041","E-MEXP-2041_14"
"E-MEXP-2041","E-MEXP-2041_15"
"E-MEXP-2041","E-MEXP-2041_16"
"E-MEXP-2041","E-MEXP-2041_2"
"E-MEXP-2041","E-MEXP-2041_3"
"E-MEXP-2041","E-MEXP-2041_4"
"E-MEXP-2041","E-MEXP-2041_5"
"E-MEXP-2041","E-MEXP-2041_6"
"E-MEXP-2041","E-MEXP-2041_7"
"E-MEXP-2041","E-MEXP-2041_8"
"E-MEXP-2041","E-MEXP-2041_9"
"E-MEXP-2258","E-MEXP-2258_1"
"E-MEXP-2258","E-MEXP-2258_10"
"E-MEXP-2258","E-MEXP-2258_11"
"E-MEXP-2258","E-MEXP-2258_12"
"E-MEXP-2258","E-MEXP-2258_13"
"E-MEXP-2258","E-MEXP-2258_14"
"E-MEXP-2258","E-MEXP-2258_15"
"E-MEXP-2258","E-MEXP-2258_16"
"E-MEXP-2258","E-MEXP-2258_17"
"E-MEXP-2258","E-MEXP-2258_18"
"E-MEXP-2258","E-MEXP-2258_19"
"E-MEXP-2258","E-MEXP-2258_2"
"E-MEXP-2258","E-MEXP-2258_20"
"E-MEXP-2258","E-MEXP-2258_21"
"E-MEXP-2258","E-MEXP-2258_22"
"E-MEXP-2258","E-MEXP-2258_23"
"E-MEXP-2258","E-MEXP-2258_24"
"E-MEXP-2258","E-MEXP-2258_3"
"E-MEXP-2258","E-MEXP-2258_4"
"E-MEXP-2258","E-MEXP-2258_5"
"E-MEXP-2258","E-MEXP-2258_6"
"E-MEXP-2258","E-MEXP-2258_7"
"E-MEXP-2258","E-MEXP-2258_8"
"E-MEXP-2258","E-MEXP-2258_9"
"E-MEXP-2499","E-MEXP-2499_1"
"E-MEXP-2499","E-MEXP-2499_14"
"E-MEXP-2499","E-MEXP-2499_18"
"E-MEXP-2499","E-MEXP-2499_19"
"E-MEXP-2499","E-MEXP-2499_2"
"E-MEXP-2499","E-MEXP-2499_20"
"E-MEXP-2499","E-MEXP-2499_21"
"E-MEXP-2499","E-MEXP-2499_22"
"E-MEXP-2499","E-MEXP-2499_23"
"E-MEXP-2499","E-MEXP-2499_24"
"E-MEXP-2499","E-MEXP-2499_25"
"E-MEXP-2499","E-MEXP-2499_26"
"E-MEXP-2499","E-MEXP-2499_27"
"E-MEXP-2499","E-MEXP-2499_3"
"E-MEXP-2499","E-MEXP-2499_34"
"E-MEXP-2499","E-MEXP-2499_35"
"E-MEXP-2499","E-MEXP-2499_36"
"E-MEXP-2499","E-MEXP-2499_4"
"E-MEXP-2499","E-MEXP-2499_40"
"E-MEXP-2499","E-MEXP-2499_41"
"E-MEXP-2499","E-MEXP-2499_42"
"E-MEXP-2499","E-MEXP-2499_43"
"E-MEXP-2499","E-MEXP-2499_44"
"E-MEXP-2499","E-MEXP-2499_45"
"E-MEXP-2499","E-MEXP-2499_46"
"E-MEXP-2499","E-MEXP-2499_48"
"E-MEXP-2499","E-MEXP-2499_49"
"E-MEXP-2499","E-MEXP-2499_5"
"E-MEXP-2499","E-MEXP-2499_50"
"E-MEXP-2499","E-MEXP-2499_51"
"E-MEXP-2499","E-MEXP-2499_6"
"E-MEXP-2499","E-MEXP-2499_7"
"E-MEXP-2499","E-MEXP-2499_8"
"E-MEXP-2499","E-MEXP-2499_9"
"E-MEXP-2639","E-MEXP-2639_1"
"E-MEXP-2639","E-MEXP-2639_2"
"E-MEXP-2639","E-MEXP-2639_3"
"E-MEXP-2639","E-MEXP-2639_4"
"E-MEXP-2639","E-MEXP-2639_5"
"E-MEXP-2639","E-MEXP-2639_6"
"E-MEXP-265","E-MEXP-265_10"
"E-MEXP-265","E-MEXP-265_11"
"E-MEXP-265","E-MEXP-265_12"
"E-MEXP-265","E-MEXP-265_13"
"E-MEXP-265","E-MEXP-265_14"
"E-MEXP-265","E-MEXP-265_15"
"E-MEXP-265","E-MEXP-265_16"
"E-MEXP-265","E-MEXP-265_17"
"E-MEXP-265","E-MEXP-265_18"
"E-MEXP-265","E-MEXP-265_7"
"E-MEXP-265","E-MEXP-265_8"
"E-MEXP-265","E-MEXP-265_9"
"E-MEXP-2760","E-MEXP-2760_1"
"E-MEXP-2760","E-MEXP-2760_10"
"E-MEXP-2760","E-MEXP-2760_11"
"E-MEXP-2760","E-MEXP-2760_12"
"E-MEXP-2760","E-MEXP-2760_13"
"E-MEXP-2760","E-MEXP-2760_14"
"E-MEXP-2760","E-MEXP-2760_15"
"E-MEXP-2760","E-MEXP-2760_16"
"E-MEXP-2760","E-MEXP-2760_17"
"E-MEXP-2760","E-MEXP-2760_18"
"E-MEXP-2760","E-MEXP-2760_2"
"E-MEXP-2760","E-MEXP-2760_3"
"E-MEXP-2760","E-MEXP-2760_4"
"E-MEXP-2760","E-MEXP-2760_5"
"E-MEXP-2760","E-MEXP-2760_6"
"E-MEXP-2760","E-MEXP-2760_7"
"E-MEXP-2760","E-MEXP-2760_8"
"E-MEXP-2760","E-MEXP-2760_9"
"E-MEXP-2792","E-MEXP-2792_1"
"E-MEXP-2792","E-MEXP-2792_2"
"E-MEXP-2792","E-MEXP-2792_3"
"E-MEXP-2792","E-MEXP-2792_4"
"E-MEXP-2792","E-MEXP-2792_5"
"E-MEXP-2792","E-MEXP-2792_6"
"E-MEXP-2792","E-MEXP-2792_7"
"E-MEXP-2792","E-MEXP-2792_8"
"E-MEXP-2792","E-MEXP-2792_9"
"E-MEXP-300","E-MEXP-300_1"
"E-MEXP-300","E-MEXP-300_10"
"E-MEXP-300","E-MEXP-300_11"
"E-MEXP-300","E-MEXP-300_12"
"E-MEXP-300","E-MEXP-300_13"
"E-MEXP-300","E-MEXP-300_2"
"E-MEXP-300","E-MEXP-300_3"
"E-MEXP-300","E-MEXP-300_4"
"E-MEXP-300","E-MEXP-300_5"
"E-MEXP-300","E-MEXP-300_6"
"E-MEXP-300","E-MEXP-300_7"
"E-MEXP-300","E-MEXP-300_8"
"E-MEXP-300","E-MEXP-300_9"
"E-MEXP-3465","E-MEXP-3465_1"
"E-MEXP-3465","E-MEXP-3465_10"
"E-MEXP-3465","E-MEXP-3465_2"
"E-MEXP-3465","E-MEXP-3465_3"
"E-MEXP-3465","E-MEXP-3465_4"
"E-MEXP-3465","E-MEXP-3465_5"
"E-MEXP-3465","E-MEXP-3465_6"
"E-MEXP-3465","E-MEXP-3465_7"
"E-MEXP-3465","E-MEXP-3465_8"
"E-MEXP-3465","E-MEXP-3465_9"
"E-MEXP-3680","E-MEXP-3680_1"
"E-MEXP-3680","E-MEXP-3680_2"
"E-MEXP-3680","E-MEXP-3680_3"
"E-MEXP-3680","E-MEXP-3680_4"
"E-MEXP-3680","E-MEXP-3680_5"
"E-MEXP-3680","E-MEXP-3680_6"
"E-MEXP-3680","E-MEXP-3680_7"
"E-MEXP-3680","E-MEXP-3680_8"
"E-MEXP-3680","E-MEXP-3680_9"
"E-MEXP-3726","E-MEXP-3726_1"
"E-MEXP-3726","E-MEXP-3726_10"
"E-MEXP-3726","E-MEXP-3726_11"
"E-MEXP-3726","E-MEXP-3726_12"
"E-MEXP-3726","E-MEXP-3726_13"
"E-MEXP-3726","E-MEXP-3726_14"
"E-MEXP-3726","E-MEXP-3726_15"
"E-MEXP-3726","E-MEXP-3726_16"
"E-MEXP-3726","E-MEXP-3726_2"
"E-MEXP-3726","E-MEXP-3726_3"
"E-MEXP-3726","E-MEXP-3726_4"
"E-MEXP-3726","E-MEXP-3726_5"
"E-MEXP-3726","E-MEXP-3726_6"
"E-MEXP-3726","E-MEXP-3726_7"
"E-MEXP-3726","E-MEXP-3726_8"
"E-MEXP-3726","E-MEXP-3726_9"
"E-MEXP-3727","E-MEXP-3727_1"
"E-MEXP-3727","E-MEXP-3727_2"
"E-MEXP-3727","E-MEXP-3727_3"
"E-MEXP-3727","E-MEXP-3727_4"
"E-MEXP-3727","E-MEXP-3727_5"
"E-MEXP-3727","E-MEXP-3727_6"
"E-MEXP-3727","E-MEXP-3727_7"
"E-MEXP-3727","E-MEXP-3727_8"
"E-MEXP-3754","E-MEXP-3754_10"
"E-MEXP-3754","E-MEXP-3754_11"
"E-MEXP-3754","E-MEXP-3754_12"
"E-MEXP-3754","E-MEXP-3754_13"
"E-MEXP-3754","E-MEXP-3754_14"
"E-MEXP-3754","E-MEXP-3754_15"
"E-MEXP-3754","E-MEXP-3754_16"
"E-MEXP-3754","E-MEXP-3754_17"
"E-MEXP-3754","E-MEXP-3754_18"
"E-MEXP-3754","E-MEXP-3754_19"
"E-MEXP-3754","E-MEXP-3754_20"
"E-MEXP-3754","E-MEXP-3754_21"
"E-MEXP-3754","E-MEXP-3754_22"
"E-MEXP-3754","E-MEXP-3754_23"
"E-MEXP-3754","E-MEXP-3754_24"
"E-MEXP-3754","E-MEXP-3754_25"
"E-MEXP-3754","E-MEXP-3754_26"
"E-MEXP-3754","E-MEXP-3754_27"
"E-MEXP-3754","E-MEXP-3754_28"
"E-MEXP-3754","E-MEXP-3754_29"
"E-MEXP-3754","E-MEXP-3754_3"
"E-MEXP-3754","E-MEXP-3754_30"
"E-MEXP-3754","E-MEXP-3754_31"
"E-MEXP-3754","E-MEXP-3754_32"
"E-MEXP-3754","E-MEXP-3754_33"
"E-MEXP-3754","E-MEXP-3754_34"
"E-MEXP-3754","E-MEXP-3754_35"
"E-MEXP-3754","E-MEXP-3754_36"
"E-MEXP-3754","E-MEXP-3754_4"
"E-MEXP-3754","E-MEXP-3754_5"
"E-MEXP-3754","E-MEXP-3754_6"
"E-MEXP-3754","E-MEXP-3754_7"
"E-MEXP-3754","E-MEXP-3754_8"
"E-MEXP-3754","E-MEXP-3754_9"
"E-MEXP-3781","E-MEXP-3781_1"
"E-MEXP-3781","E-MEXP-3781_2"
"E-MEXP-3781","E-MEXP-3781_3"
"E-MEXP-3781","E-MEXP-3781_4"
"E-MEXP-3781","E-MEXP-3781_5"
"E-MEXP-3781","E-MEXP-3781_6"
"E-MEXP-3915","E-MEXP-3915_1"
"E-MEXP-3915","E-MEXP-3915_2"
"E-MEXP-3915","E-MEXP-3915_3"
"E-MEXP-3915","E-MEXP-3915_4"
"E-MEXP-3915","E-MEXP-3915_5"
"E-MEXP-3915","E-MEXP-3915_6"
"E-MEXP-4001","E-MEXP-4001_1"
"E-MEXP-4001","E-MEXP-4001_10"
"E-MEXP-4001","E-MEXP-4001_11"
"E-MEXP-4001","E-MEXP-4001_12"
"E-MEXP-4001","E-MEXP-4001_13"
"E-MEXP-4001","E-MEXP-4001_14"
"E-MEXP-4001","E-MEXP-4001_15"
"E-MEXP-4001","E-MEXP-4001_16"
"E-MEXP-4001","E-MEXP-4001_17"
"E-MEXP-4001","E-MEXP-4001_18"
"E-MEXP-4001","E-MEXP-4001_19"
"E-MEXP-4001","E-MEXP-4001_2"
"E-MEXP-4001","E-MEXP-4001_20"
"E-MEXP-4001","E-MEXP-4001_21"
"E-MEXP-4001","E-MEXP-4001_22"
"E-MEXP-4001","E-MEXP-4001_23"
"E-MEXP-4001","E-MEXP-4001_24"
"E-MEXP-4001","E-MEXP-4001_25"
"E-MEXP-4001","E-MEXP-4001_26"
"E-MEXP-4001","E-MEXP-4001_27"
"E-MEXP-4001","E-MEXP-4001_28"
"E-MEXP-4001","E-MEXP-4001_29"
"E-MEXP-4001","E-MEXP-4001_3"
"E-MEXP-4001","E-MEXP-4001_30"
"E-MEXP-4001","E-MEXP-4001_31"
"E-MEXP-4001","E-MEXP-4001_32"
"E-MEXP-4001","E-MEXP-4001_33"
"E-MEXP-4001","E-MEXP-4001_34"
"E-MEXP-4001","E-MEXP-4001_35"
"E-MEXP-4001","E-MEXP-4001_36"
"E-MEXP-4001","E-MEXP-4001_4"
"E-MEXP-4001","E-MEXP-4001_5"
"E-MEXP-4001","E-MEXP-4001_6"
"E-MEXP-4001","E-MEXP-4001_7"
"E-MEXP-4001","E-MEXP-4001_8"
"E-MEXP-4001","E-MEXP-4001_9"
"E-MEXP-502","E-MEXP-502_1"
"E-MEXP-502","E-MEXP-502_2"
"E-MEXP-502","E-MEXP-502_3"
"E-MEXP-502","E-MEXP-502_4"
"E-MEXP-502","E-MEXP-502_5"
"E-MEXP-502","E-MEXP-502_6"
"E-MEXP-728","E-MEXP-728_1"
"E-MEXP-728","E-MEXP-728_10"
"E-MEXP-728","E-MEXP-728_11"
"E-MEXP-728","E-MEXP-728_12"
"E-MEXP-728","E-MEXP-728_13"
"E-MEXP-728","E-MEXP-728_14"
"E-MEXP-728","E-MEXP-728_15"
"E-MEXP-728","E-MEXP-728_16"
"E-MEXP-728","E-MEXP-728_17"
"E-MEXP-728","E-MEXP-728_18"
"E-MEXP-728","E-MEXP-728_19"
"E-MEXP-728","E-MEXP-728_2"
"E-MEXP-728","E-MEXP-728_20"
"E-MEXP-728","E-MEXP-728_21"
"E-MEXP-728","E-MEXP-728_22"
"E-MEXP-728","E-MEXP-728_23"
"E-MEXP-728","E-MEXP-728_24"
"E-MEXP-728","E-MEXP-728_25"
"E-MEXP-728","E-MEXP-728_26"
"E-MEXP-728","E-MEXP-728_27"
"E-MEXP-728","E-MEXP-728_28"
"E-MEXP-728","E-MEXP-728_3"
"E-MEXP-728","E-MEXP-728_4"
"E-MEXP-728","E-MEXP-728_5"
"E-MEXP-728","E-MEXP-728_6"
"E-MEXP-728","E-MEXP-728_7"
"E-MEXP-728","E-MEXP-728_8"
"E-MEXP-728","E-MEXP-728_9"
"E-MTAB-1264","E-MTAB-1264_21"
"E-MTAB-1264","E-MTAB-1264_22"
"E-MTAB-1264","E-MTAB-1264_23"
"E-MTAB-1264","E-MTAB-1264_24"
"E-MTAB-1264","E-MTAB-1264_25"
"E-MTAB-1264","E-MTAB-1264_26"
"E-MTAB-1264","E-MTAB-1264_27"
"E-MTAB-1264","E-MTAB-1264_28"
"E-MTAB-1264","E-MTAB-1264_29"
"E-MTAB-1264","E-MTAB-1264_30"
"E-MTAB-1921","E-MTAB-1921_1"
"E-MTAB-1921","E-MTAB-1921_10"
"E-MTAB-1921","E-MTAB-1921_11"
"E-MTAB-1921","E-MTAB-1921_12"
"E-MTAB-1921","E-MTAB-1921_13"
"E-MTAB-1921","E-MTAB-1921_14"
"E-MTAB-1921","E-MTAB-1921_15"
"E-MTAB-1921","E-MTAB-1921_16"
"E-MTAB-1921","E-MTAB-1921_17"
"E-MTAB-1921","E-MTAB-1921_2"
"E-MTAB-1921","E-MTAB-1921_3"
"E-MTAB-1921","E-MTAB-1921_4"
"E-MTAB-1921","E-MTAB-1921_5"
"E-MTAB-1921","E-MTAB-1921_6"
"E-MTAB-1921","E-MTAB-1921_7"
"E-MTAB-1921","E-MTAB-1921_8"
"E-MTAB-1921","E-MTAB-1921_9"
"E-MTAB-3090","E-MTAB-3090_19"
"E-MTAB-3090","E-MTAB-3090_20"
"E-MTAB-3090","E-MTAB-3090_21"
"E-MTAB-3090","E-MTAB-3090_22"
"E-MTAB-3090","E-MTAB-3090_23"
"E-MTAB-3090","E-MTAB-3090_24"
"E-MTAB-3090","E-MTAB-3090_25"
"E-MTAB-3090","E-MTAB-3090_26"
"E-MTAB-3510","E-MTAB-3510_1"
"E-MTAB-3510","E-MTAB-3510_2"
"E-MTAB-3510","E-MTAB-3510_3"
"E-MTAB-3510","E-MTAB-3510_4"
"E-MTAB-3510","E-MTAB-3510_5"
"E-MTAB-3510","E-MTAB-3510_6"
"E-MTAB-5315","E-MTAB-5315_1"
"E-MTAB-5315","E-MTAB-5315_2"
"E-MTAB-5315","E-MTAB-5315_3"
"E-MTAB-5315","E-MTAB-5315_4"
"E-MTAB-5315","E-MTAB-5315_5"
"E-MTAB-5315","E-MTAB-5315_6"
"E-MTAB-542","E-MTAB-542_1"
"E-MTAB-542","E-MTAB-542_2"
"E-MTAB-542","E-MTAB-542_3"
"E-MTAB-542","E-MTAB-542_4"
"E-MTAB-542","E-MTAB-542_5"
"E-MTAB-542","E-MTAB-542_6"
"E-MTAB-542","E-MTAB-542_7"
"E-MTAB-542","E-MTAB-542_8"
"E-MTAB-5980","E-MTAB-5980_1"
"E-MTAB-5980","E-MTAB-5980_2"
"E-MTAB-5980","E-MTAB-5980_3"
"E-MTAB-5980","E-MTAB-5980_4"
"E-MTAB-5980","E-MTAB-5980_5"
"E-MTAB-5980","E-MTAB-5980_6"
"E-MTAB-6123","E-MTAB-6123_1"
"E-MTAB-6123","E-MTAB-6123_10"
"E-MTAB-6123","E-MTAB-6123_11"
"E-MTAB-6123","E-MTAB-6123_12"
"E-MTAB-6123","E-MTAB-6123_13"
"E-MTAB-6123","E-MTAB-6123_14"
"E-MTAB-6123","E-MTAB-6123_15"
"E-MTAB-6123","E-MTAB-6123_16"
"E-MTAB-6123","E-MTAB-6123_17"
"E-MTAB-6123","E-MTAB-6123_18"
"E-MTAB-6123","E-MTAB-6123_19"
"E-MTAB-6123","E-MTAB-6123_2"
"E-MTAB-6123","E-MTAB-6123_20"
"E-MTAB-6123","E-MTAB-6123_21"
"E-MTAB-6123","E-MTAB-6123_22"
"E-MTAB-6123","E-MTAB-6123_23"
"E-MTAB-6123","E-MTAB-6123_24"
"E-MTAB-6123","E-MTAB-6123_25"
"E-MTAB-6123","E-MTAB-6123_26"
"E-MTAB-6123","E-MTAB-6123_27"
"E-MTAB-6123","E-MTAB-6123_28"
"E-MTAB-6123","E-MTAB-6123_29"
"E-MTAB-6123","E-MTAB-6123_3"
"E-MTAB-6123","E-MTAB-6123_30"
"E-MTAB-6123","E-MTAB-6123_4"
"E-MTAB-6123","E-MTAB-6123_5"
"E-MTAB-6123","E-MTAB-6123_6"
"E-MTAB-6123","E-MTAB-6123_7"
"E-MTAB-6123","E-MTAB-6123_8"
"E-MTAB-6123","E-MTAB-6123_9"
"E-MTAB-6786","E-MTAB-6786_1"
"E-MTAB-6786","E-MTAB-6786_10"
"E-MTAB-6786","E-MTAB-6786_11"
"E-MTAB-6786","E-MTAB-6786_12"
"E-MTAB-6786","E-MTAB-6786_2"
"E-MTAB-6786","E-MTAB-6786_3"
"E-MTAB-6786","E-MTAB-6786_4"
"E-MTAB-6786","E-MTAB-6786_5"
"E-MTAB-6786","E-MTAB-6786_6"
"E-MTAB-6786","E-MTAB-6786_7"
"E-MTAB-6786","E-MTAB-6786_8"
"E-MTAB-6786","E-MTAB-6786_9"
"E-TABM-17","E-TABM-17_157"
"E-TABM-17","E-TABM-17_158"
"E-TABM-17","E-TABM-17_159"
"E-TABM-17","E-TABM-17_160"
"E-TABM-17","E-TABM-17_161"
"E-TABM-17","E-TABM-17_162"
"E-TABM-17","E-TABM-17_223"
"E-TABM-17","E-TABM-17_224"
"E-TABM-17","E-TABM-17_225"
"E-TABM-17","E-TABM-17_232"
"E-TABM-17","E-TABM-17_233"
"E-TABM-17","E-TABM-17_234"
"E-TABM-17","E-TABM-17_235"
"E-TABM-17","E-TABM-17_236"
"E-TABM-17","E-TABM-17_237"
"E-TABM-17","E-TABM-17_64"
"E-TABM-17","E-TABM-17_65"
"E-TABM-17","E-TABM-17_66"
"E-TABM-17","E-TABM-17_67"
"E-TABM-17","E-TABM-17_68"
"E-TABM-17","E-TABM-17_69"
"E-TABM-19","E-TABM-19_1"
"E-TABM-19","E-TABM-19_10"
"E-TABM-19","E-TABM-19_11"
"E-TABM-19","E-TABM-19_12"
"E-TABM-19","E-TABM-19_13"
"E-TABM-19","E-TABM-19_14"
"E-TABM-19","E-TABM-19_15"
"E-TABM-19","E-TABM-19_16"
"E-TABM-19","E-TABM-19_17"
"E-TABM-19","E-TABM-19_18"
"E-TABM-19","E-TABM-19_19"
"E-TABM-19","E-TABM-19_2"
"E-TABM-19","E-TABM-19_20"
"E-TABM-19","E-TABM-19_21"
"E-TABM-19","E-TABM-19_22"
"E-TABM-19","E-TABM-19_23"
"E-TABM-19","E-TABM-19_24"
"E-TABM-19","E-TABM-19_25"
"E-TABM-19","E-TABM-19_26"
"E-TABM-19","E-TABM-19_27"
"E-TABM-19","E-TABM-19_28"
"E-TABM-19","E-TABM-19_29"
"E-TABM-19","E-TABM-19_3"
"E-TABM-19","E-TABM-19_30"
"E-TABM-19","E-TABM-19_31"
"E-TABM-19","E-TABM-19_32"
"E-TABM-19","E-TABM-19_33"
"E-TABM-19","E-TABM-19_34"
"E-TABM-19","E-TABM-19_35"
"E-TABM-19","E-TABM-19_36"
"E-TABM-19","E-TABM-19_4"
"E-TABM-19","E-TABM-19_5"
"E-TABM-19","E-TABM-19_6"
"E-TABM-19","E-TABM-19_7"
"E-TABM-19","E-TABM-19_8"
"E-TABM-19","E-TABM-19_9"
"E-TABM-566","E-TABM-566_1"
"E-TABM-566","E-TABM-566_2"
"E-TABM-566","E-TABM-566_3"
"E-TABM-566","E-TABM-566_4"
"E-TABM-566","E-TABM-566_5"
"E-TABM-566","E-TABM-566_6"
"GSE100903","GSE100903_GSM2695882"
"GSE100903","GSE100903_GSM2695883"
"GSE100903","GSE100903_GSM2695884"
"GSE100903","GSE100903_GSM2695885"
"GSE100903","GSE100903_GSM2695886"
"GSE100903","GSE100903_GSM2695887"
"GSE100903","GSE100903_GSM2695888"
"GSE100903","GSE100903_GSM2695889"
"GSE100903","GSE100903_GSM2695890"
"GSE100903","GSE100903_GSM2695891"
"GSE100903","GSE100903_GSM2695892"
"GSE100903","GSE100903_GSM2695893"
"GSE100903","GSE100903_GSM2695894"
"GSE100903","GSE100903_GSM2695895"
"GSE100903","GSE100903_GSM2695896"
"GSE10247","GSE10247_GSM257998"
"GSE10247","GSE10247_GSM258000"
"GSE10247","GSE10247_GSM258001"
"GSE103117","GSE103117_GSM2753983"
"GSE103117","GSE103117_GSM2753984"
"GSE103117","GSE103117_GSM2753985"
"GSE103117","GSE103117_GSM2753986"
"GSE103117","GSE103117_GSM2753987"
"GSE103117","GSE103117_GSM2753988"
"GSE103117","GSE103117_GSM2753989"
"GSE103117","GSE103117_GSM2753990"
"GSE103117","GSE103117_GSM2753991"
"GSE103117","GSE103117_GSM2753992"
"GSE103117","GSE103117_GSM2753993"
"GSE103117","GSE103117_GSM2753994"
"GSE106691","GSE106691_GSM2845476"
"GSE106691","GSE106691_GSM2845477"
"GSE106691","GSE106691_GSM2845478"
"GSE106691","GSE106691_GSM2845479"
"GSE106691","GSE106691_GSM2845480"
"GSE106691","GSE106691_GSM2845481"
"GSE106691","GSE106691_GSM2845482"
"GSE106691","GSE106691_GSM2845483"
"GSE110171","GSE110171_GSM2981527"
"GSE110171","GSE110171_GSM2981528"
"GSE110171","GSE110171_GSM2981529"
"GSE110171","GSE110171_GSM2981530"
"GSE110171","GSE110171_GSM2981531"
"GSE110171","GSE110171_GSM2981532"
"GSE110171","GSE110171_GSM2981539"
"GSE110171","GSE110171_GSM2981540"
"GSE110171","GSE110171_GSM2981541"
"GSE110171","GSE110171_GSM2981542"
"GSE110171","GSE110171_GSM2981543"
"GSE110171","GSE110171_GSM2981544"
"GSE110171","GSE110171_GSM2981551"
"GSE110171","GSE110171_GSM2981552"
"GSE110171","GSE110171_GSM2981553"
"GSE110171","GSE110171_GSM2981554"
"GSE110171","GSE110171_GSM2981555"
"GSE110171","GSE110171_GSM2981556"
"GSE110171","GSE110171_GSM2981563"
"GSE110171","GSE110171_GSM2981564"
"GSE110171","GSE110171_GSM2981565"
"GSE110171","GSE110171_GSM2981566"
"GSE110171","GSE110171_GSM2981567"
"GSE110171","GSE110171_GSM2981568"
"GSE110171","GSE110171_GSM2981575"
"GSE110171","GSE110171_GSM2981576"
"GSE110171","GSE110171_GSM2981577"
"GSE110171","GSE110171_GSM2981578"
"GSE110171","GSE110171_GSM2981579"
"GSE110171","GSE110171_GSM2981580"
"GSE110171","GSE110171_GSM2981587"
"GSE110171","GSE110171_GSM2981588"
"GSE110171","GSE110171_GSM2981589"
"GSE110171","GSE110171_GSM2981590"
"GSE110171","GSE110171_GSM2981591"
"GSE110171","GSE110171_GSM2981592"
"GSE111443","GSE111443_GSM3030930"
"GSE111443","GSE111443_GSM3030931"
"GSE111443","GSE111443_GSM3030932"
"GSE111443","GSE111443_GSM3030933"
"GSE111443","GSE111443_GSM3030934"
"GSE111443","GSE111443_GSM3030935"
"GSE111443","GSE111443_GSM3030938"
"GSE111443","GSE111443_GSM3030939"
"GSE111443","GSE111443_GSM3030942"
"GSE111443","GSE111443_GSM3030943"
"GSE11762","GSE11762_GSM297894"
"GSE11762","GSE11762_GSM297895"
"GSE11762","GSE11762_GSM297896"
"GSE11762","GSE11762_GSM297897"
"GSE12551","GSE12551_GSM315453"
"GSE12551","GSE12551_GSM315454"
"GSE12551","GSE12551_GSM315455"
"GSE12551","GSE12551_GSM315456"
"GSE12551","GSE12551_GSM315457"
"GSE12551","GSE12551_GSM315458"
"GSE12551","GSE12551_GSM315459"
"GSE12551","GSE12551_GSM315460"
"GSE12551","GSE12551_GSM315461"
"GSE12551","GSE12551_GSM315462"
"GSE12551","GSE12551_GSM315463"
"GSE12551","GSE12551_GSM315464"
"GSE12551","GSE12551_GSM315465"
"GSE12551","GSE12551_GSM315466"
"GSE12551","GSE12551_GSM315467"
"GSE12551","GSE12551_GSM315468"
"GSE12551","GSE12551_GSM315469"
"GSE12551","GSE12551_GSM315470"
"GSE12551","GSE12551_GSM315471"
"GSE12551","GSE12551_GSM315472"
"GSE12551","GSE12551_GSM315473"
"GSE12551","GSE12551_GSM315474"
"GSE12676","GSE12676_GSM317519"
"GSE12676","GSE12676_GSM317526"
"GSE12676","GSE12676_GSM317619"
"GSE12676","GSE12676_GSM317624"
"GSE12676","GSE12676_GSM318330"
"GSE12676","GSE12676_GSM318331"
"GSE12676","GSE12676_GSM318332"
"GSE12676","GSE12676_GSM318345"
"GSE12691","GSE12691_GSM318618"
"GSE12691","GSE12691_GSM318619"
"GSE12691","GSE12691_GSM318620"
"GSE12691","GSE12691_GSM318621"
"GSE12691","GSE12691_GSM318622"
"GSE12691","GSE12691_GSM318623"
"GSE12691","GSE12691_GSM318624"
"GSE12691","GSE12691_GSM318625"
"GSE12691","GSE12691_GSM318626"
"GSE12691","GSE12691_GSM318627"
"GSE12911","GSE12911_GSM324018"
"GSE12911","GSE12911_GSM324019"
"GSE12911","GSE12911_GSM324020"
"GSE13596","GSE13596_GSM342135"
"GSE13596","GSE13596_GSM342136"
"GSE13596","GSE13596_GSM342137"
"GSE13596","GSE13596_GSM342138"
"GSE13596","GSE13596_GSM342139"
"GSE13596","GSE13596_GSM342140"
"GSE13596","GSE13596_GSM342141"
"GSE13596","GSE13596_GSM342142"
"GSE13596","GSE13596_GSM342143"
"GSE13596","GSE13596_GSM342144"
"GSE13596","GSE13596_GSM342145"
"GSE13596","GSE13596_GSM342146"
"GSE13596","GSE13596_GSM342147"
"GSE13596","GSE13596_GSM342148"
"GSE13596","GSE13596_GSM342149"
"GSE13833","GSE13833_GSM347944"
"GSE13833","GSE13833_GSM347945"
"GSE13833","GSE13833_GSM347946"
"GSE13833","GSE13833_GSM347957"
"GSE13833","GSE13833_GSM347958"
"GSE13833","GSE13833_GSM347959"
"GSE13833","GSE13833_GSM347960"
"GSE13833","GSE13833_GSM347961"
"GSE13833","GSE13833_GSM347962"
"GSE13833","GSE13833_GSM347963"
"GSE13833","GSE13833_GSM347964"
"GSE13833","GSE13833_GSM347965"
"GSE13833","GSE13833_GSM347966"
"GSE13833","GSE13833_GSM347967"
"GSE13833","GSE13833_GSM347983"
"GSE13833","GSE13833_GSM347984"
"GSE13833","GSE13833_GSM347985"
"GSE13833","GSE13833_GSM347987"
"GSE13833","GSE13833_GSM347988"
"GSE13833","GSE13833_GSM347989"
"GSE13833","GSE13833_GSM347990"
"GSE13833","GSE13833_GSM347992"
"GSE13833","GSE13833_GSM347993"
"GSE13833","GSE13833_GSM347995"
"GSE14091","GSE14091_GSM353584"
"GSE14091","GSE14091_GSM353585"
"GSE14091","GSE14091_GSM353586"
"GSE14091","GSE14091_GSM353587"
"GSE14091","GSE14091_GSM353588"
"GSE14091","GSE14091_GSM353589"
"GSE14091","GSE14091_GSM353590"
"GSE14091","GSE14091_GSM353591"
"GSE14091","GSE14091_GSM353592"
"GSE14091","GSE14091_GSM353593"
"GSE14646","GSE14646_GSM361163"
"GSE14646","GSE14646_GSM363537"
"GSE14646","GSE14646_GSM363538"
"GSE14646","GSE14646_GSM363539"
"GSE14646","GSE14646_GSM363540"
"GSE14646","GSE14646_GSM363541"
"GSE14646","GSE14646_GSM363542"
"GSE14646","GSE14646_GSM363543"
"GSE14646","GSE14646_GSM363544"
"GSE14646","GSE14646_GSM363545"
"GSE14646","GSE14646_GSM363546"
"GSE14646","GSE14646_GSM363547"
"GSE14663","GSE14663_GSM361163"
"GSE14663","GSE14663_GSM363537"
"GSE14663","GSE14663_GSM363538"
"GSE14663","GSE14663_GSM363539"
"GSE14663","GSE14663_GSM363540"
"GSE14663","GSE14663_GSM363541"
"GSE14663","GSE14663_GSM363542"
"GSE14663","GSE14663_GSM363543"
"GSE14663","GSE14663_GSM363544"
"GSE14663","GSE14663_GSM363545"
"GSE14663","GSE14663_GSM363546"
"GSE14663","GSE14663_GSM363547"
"GSE15617","GSE15617_GSM131652"
"GSE15617","GSE15617_GSM131653"
"GSE15617","GSE15617_GSM131654"
"GSE15617","GSE15617_GSM131655"
"GSE15617","GSE15617_GSM131656"
"GSE15617","GSE15617_GSM131657"
"GSE15617","GSE15617_GSM131658"
"GSE15617","GSE15617_GSM131659"
"GSE15617","GSE15617_GSM131660"
"GSE16061","GSE16061_GSM402170"
"GSE16061","GSE16061_GSM402171"
"GSE16061","GSE16061_GSM402172"
"GSE16061","GSE16061_GSM402173"
"GSE16061","GSE16061_GSM402174"
"GSE16061","GSE16061_GSM402175"
"GSE16061","GSE16061_GSM402176"
"GSE16061","GSE16061_GSM402177"
"GSE16722","GSE16722_GSM419025"
"GSE16722","GSE16722_GSM419026"
"GSE16722","GSE16722_GSM419027"
"GSE16722","GSE16722_GSM419028"
"GSE16722","GSE16722_GSM419029"
"GSE16722","GSE16722_GSM419030"
"GSE16722","GSE16722_GSM419037"
"GSE16722","GSE16722_GSM419038"
"GSE16722","GSE16722_GSM419039"
"GSE16722","GSE16722_GSM419043"
"GSE16722","GSE16722_GSM419044"
"GSE16722","GSE16722_GSM419045"
"GSE17610","GSE17610_GSM439767"
"GSE17610","GSE17610_GSM439768"
"GSE17610","GSE17610_GSM439769"
"GSE17610","GSE17610_GSM439770"
"GSE17610","GSE17610_GSM439771"
"GSE17610","GSE17610_GSM439772"
"GSE17610","GSE17610_GSM439773"
"GSE17610","GSE17610_GSM439774"
"GSE17610","GSE17610_GSM439775"
"GSE17742","GSE17742_GSM439767"
"GSE17742","GSE17742_GSM439768"
"GSE17742","GSE17742_GSM439769"
"GSE17742","GSE17742_GSM439770"
"GSE17742","GSE17742_GSM439771"
"GSE17742","GSE17742_GSM439772"
"GSE17742","GSE17742_GSM439773"
"GSE17742","GSE17742_GSM439774"
"GSE17742","GSE17742_GSM439775"
"GSE18329","GSE18329_GSM457641"
"GSE18329","GSE18329_GSM457642"
"GSE18329","GSE18329_GSM457643"
"GSE18329","GSE18329_GSM457644"
"GSE18329","GSE18329_GSM457645"
"GSE18329","GSE18329_GSM457646"
"GSE18329","GSE18329_GSM457647"
"GSE18329","GSE18329_GSM457648"
"GSE18329","GSE18329_GSM457649"
"GSE18329","GSE18329_GSM457650"
"GSE18329","GSE18329_GSM457651"
"GSE18329","GSE18329_GSM457652"
"GSE18329","GSE18329_GSM457653"
"GSE18329","GSE18329_GSM457654"
"GSE18329","GSE18329_GSM457655"
"GSE18329","GSE18329_GSM457656"
"GSE18329","GSE18329_GSM457657"
"GSE18329","GSE18329_GSM457658"
"GSE18417","GSE18417_GSM459068"
"GSE18417","GSE18417_GSM459069"
"GSE18417","GSE18417_GSM459070"
"GSE18417","GSE18417_GSM459071"
"GSE18808","GSE18808_GSM586328"
"GSE18808","GSE18808_GSM586329"
"GSE18808","GSE18808_GSM586330"
"GSE18808","GSE18808_GSM586331"
"GSE18808","GSE18808_GSM586332"
"GSE18808","GSE18808_GSM586333"
"GSE18984","GSE18984_GSM469821"
"GSE18984","GSE18984_GSM469822"
"GSE18984","GSE18984_GSM469823"
"GSE18984","GSE18984_GSM469824"
"GSE19245","GSE19245_GSM476830"
"GSE19245","GSE19245_GSM476831"
"GSE19245","GSE19245_GSM476832"
"GSE19245","GSE19245_GSM476836"
"GSE19245","GSE19245_GSM476837"
"GSE19245","GSE19245_GSM476838"
"GSE19245","GSE19245_GSM476842"
"GSE19245","GSE19245_GSM476843"
"GSE19245","GSE19245_GSM476844"
"GSE19245","GSE19245_GSM476848"
"GSE19245","GSE19245_GSM476849"
"GSE19245","GSE19245_GSM476850"
"GSE19254","GSE19254_GSM477820"
"GSE19254","GSE19254_GSM477821"
"GSE19254","GSE19254_GSM477822"
"GSE19254","GSE19254_GSM477823"
"GSE19261","GSE19261_GSM477896"
"GSE19261","GSE19261_GSM477897"
"GSE19261","GSE19261_GSM477898"
"GSE19261","GSE19261_GSM477899"
"GSE19261","GSE19261_GSM477900"
"GSE19261","GSE19261_GSM477901"
"GSE19261","GSE19261_GSM477902"
"GSE19261","GSE19261_GSM477903"
"GSE19261","GSE19261_GSM477904"
"GSE19261","GSE19261_GSM477905"
"GSE19262","GSE19262_GSM477912"
"GSE19262","GSE19262_GSM477913"
"GSE19603","GSE19603_GSM489002"
"GSE19603","GSE19603_GSM489003"
"GSE19603","GSE19603_GSM489004"
"GSE19603","GSE19603_GSM489005"
"GSE19603","GSE19603_GSM489006"
"GSE19603","GSE19603_GSM489007"
"GSE19603","GSE19603_GSM489008"
"GSE19603","GSE19603_GSM489009"
"GSE19603","GSE19603_GSM489010"
"GSE19603","GSE19603_GSM489011"
"GSE19603","GSE19603_GSM489012"
"GSE19603","GSE19603_GSM489013"
"GSE22947","GSE22947_GSM566554"
"GSE22947","GSE22947_GSM566555"
"GSE22947","GSE22947_GSM566556"
"GSE22947","GSE22947_GSM566557"
"GSE22947","GSE22947_GSM566558"
"GSE22947","GSE22947_GSM566559"
"GSE22947","GSE22947_GSM566560"
"GSE22947","GSE22947_GSM566561"
"GSE22947","GSE22947_GSM566562"
"GSE22947","GSE22947_GSM566563"
"GSE22947","GSE22947_GSM566564"
"GSE22947","GSE22947_GSM566565"
"GSE22947","GSE22947_GSM566566"
"GSE22947","GSE22947_GSM566567"
"GSE22947","GSE22947_GSM566568"
"GSE22947","GSE22947_GSM566569"
"GSE22947","GSE22947_GSM566570"
"GSE22947","GSE22947_GSM566571"
"GSE22947","GSE22947_GSM566572"
"GSE22947","GSE22947_GSM566573"
"GSE22947","GSE22947_GSM566574"
"GSE22947","GSE22947_GSM566575"
"GSE22947","GSE22947_GSM566576"
"GSE22947","GSE22947_GSM566577"
"GSE22951","GSE22951_GSM566614"
"GSE22951","GSE22951_GSM566615"
"GSE22951","GSE22951_GSM566616"
"GSE22951","GSE22951_GSM566617"
"GSE22951","GSE22951_GSM566618"
"GSE22951","GSE22951_GSM566619"
"GSE22951","GSE22951_GSM566620"
"GSE22951","GSE22951_GSM566621"
"GSE22951","GSE22951_GSM566622"
"GSE22951","GSE22951_GSM566623"
"GSE22951","GSE22951_GSM566624"
"GSE22951","GSE22951_GSM566625"
"GSE22951","GSE22951_GSM566626"
"GSE22951","GSE22951_GSM566627"
"GSE22951","GSE22951_GSM566628"
"GSE22951","GSE22951_GSM566629"
"GSE22951","GSE22951_GSM566630"
"GSE22951","GSE22951_GSM566631"
"GSE23801","GSE23801_GSM587036"
"GSE23801","GSE23801_GSM587037"
"GSE23940","GSE23940_GSM590019"
"GSE23940","GSE23940_GSM590020"
"GSE23940","GSE23940_GSM590021"
"GSE23940","GSE23940_GSM590022"
"GSE23940","GSE23940_GSM590023"
"GSE23940","GSE23940_GSM590024"
"GSE24077","GSE24077_GSM592096"
"GSE24077","GSE24077_GSM592097"
"GSE24077","GSE24077_GSM592098"
"GSE24077","GSE24077_GSM592099"
"GSE24077","GSE24077_GSM592100"
"GSE24077","GSE24077_GSM592101"
"GSE24077","GSE24077_GSM592102"
"GSE24077","GSE24077_GSM592103"
"GSE24077","GSE24077_GSM592104"
"GSE24077","GSE24077_GSM592105"
"GSE24214","GSE24214_GSM595546"
"GSE24214","GSE24214_GSM595547"
"GSE24214","GSE24214_GSM595548"
"GSE24214","GSE24214_GSM595549"
"GSE24214","GSE24214_GSM595550"
"GSE24214","GSE24214_GSM595551"
"GSE24214","GSE24214_GSM595552"
"GSE24214","GSE24214_GSM595553"
"GSE24214","GSE24214_GSM595554"
"GSE24763","GSE24763_GSM609886"
"GSE24763","GSE24763_GSM609887"
"GSE24763","GSE24763_GSM609888"
"GSE24763","GSE24763_GSM609889"
"GSE24763","GSE24763_GSM609890"
"GSE24763","GSE24763_GSM609891"
"GSE24781","GSE24781_GSM610374"
"GSE24781","GSE24781_GSM610375"
"GSE24781","GSE24781_GSM610376"
"GSE24781","GSE24781_GSM610377"
"GSE24781","GSE24781_GSM610378"
"GSE24781","GSE24781_GSM610379"
"GSE24781","GSE24781_GSM610380"
"GSE24781","GSE24781_GSM610381"
"GSE24781","GSE24781_GSM610382"
"GSE24781","GSE24781_GSM610383"
"GSE24781","GSE24781_GSM610384"
"GSE24781","GSE24781_GSM610385"
"GSE26848","GSE26848_GSM660707"
"GSE26848","GSE26848_GSM660708"
"GSE26848","GSE26848_GSM660709"
"GSE26848","GSE26848_GSM660710"
"GSE26848","GSE26848_GSM660711"
"GSE26848","GSE26848_GSM660712"
"GSE26848","GSE26848_GSM660713"
"GSE26848","GSE26848_GSM660714"
"GSE26848","GSE26848_GSM660715"
"GSE26848","GSE26848_GSM660716"
"GSE26848","GSE26848_GSM660717"
"GSE26848","GSE26848_GSM660718"
"GSE27855","GSE27855_GSM687588"
"GSE27855","GSE27855_GSM687589"
"GSE27855","GSE27855_GSM687590"
"GSE27855","GSE27855_GSM687591"
"GSE27855","GSE27855_GSM687592"
"GSE27855","GSE27855_GSM687593"
"GSE28062","GSE28062_GSM694047"
"GSE28062","GSE28062_GSM694048"
"GSE28062","GSE28062_GSM694049"
"GSE28062","GSE28062_GSM694050"
"GSE28062","GSE28062_GSM694051"
"GSE28062","GSE28062_GSM694052"
"GSE28062","GSE28062_GSM694053"
"GSE28062","GSE28062_GSM694054"
"GSE28063","GSE28063_GSM694047"
"GSE28063","GSE28063_GSM694048"
"GSE28063","GSE28063_GSM694049"
"GSE28063","GSE28063_GSM694050"
"GSE28063","GSE28063_GSM694051"
"GSE28063","GSE28063_GSM694052"
"GSE28063","GSE28063_GSM694053"
"GSE28063","GSE28063_GSM694054"
"GSE28109","GSE28109_GSM706470"
"GSE28109","GSE28109_GSM706471"
"GSE28109","GSE28109_GSM706472"
"GSE28109","GSE28109_GSM706473"
"GSE28109","GSE28109_GSM706474"
"GSE28109","GSE28109_GSM706475"
"GSE28109","GSE28109_GSM706476"
"GSE28109","GSE28109_GSM706477"
"GSE28109","GSE28109_GSM706478"
"GSE28109","GSE28109_GSM706479"
"GSE28109","GSE28109_GSM706480"
"GSE28109","GSE28109_GSM706481"
"GSE28109","GSE28109_GSM706482"
"GSE28109","GSE28109_GSM706483"
"GSE28109","GSE28109_GSM706484"
"GSE28109","GSE28109_GSM706485"
"GSE28109","GSE28109_GSM706486"
"GSE28109","GSE28109_GSM706487"
"GSE28109","GSE28109_GSM706488"
"GSE2848","GSE2848_GSM62697"
"GSE2848","GSE2848_GSM62701"
"GSE2848","GSE2848_GSM62705"
"GSE29364","GSE29364_GSM725893"
"GSE29364","GSE29364_GSM725894"
"GSE29364","GSE29364_GSM725895"
"GSE29364","GSE29364_GSM725896"
"GSE29364","GSE29364_GSM725897"
"GSE29364","GSE29364_GSM725898"
"GSE29364","GSE29364_GSM725899"
"GSE29364","GSE29364_GSM725900"
"GSE29364","GSE29364_GSM725901"
"GSE29364","GSE29364_GSM725902"
"GSE29364","GSE29364_GSM725903"
"GSE29364","GSE29364_GSM725904"
"GSE30092","GSE30092_GSM744702"
"GSE30092","GSE30092_GSM744703"
"GSE30092","GSE30092_GSM744704"
"GSE30092","GSE30092_GSM744705"
"GSE30092","GSE30092_GSM744706"
"GSE30092","GSE30092_GSM744707"
"GSE30092","GSE30092_GSM744708"
"GSE30092","GSE30092_GSM744709"
"GSE30092","GSE30092_GSM744710"
"GSE30094","GSE30094_GSM744702"
"GSE30094","GSE30094_GSM744703"
"GSE30094","GSE30094_GSM744704"
"GSE30094","GSE30094_GSM744705"
"GSE30094","GSE30094_GSM744706"
"GSE30094","GSE30094_GSM744707"
"GSE30094","GSE30094_GSM744708"
"GSE30094","GSE30094_GSM744709"
"GSE30094","GSE30094_GSM744710"
"GSE30281","GSE30281_GSM750306"
"GSE30281","GSE30281_GSM750307"
"GSE30281","GSE30281_GSM750308"
"GSE30281","GSE30281_GSM750309"
"GSE30281","GSE30281_GSM750310"
"GSE30281","GSE30281_GSM750311"
"GSE31158","GSE31158_GSM771375"
"GSE31158","GSE31158_GSM771376"
"GSE31158","GSE31158_GSM771379"
"GSE31158","GSE31158_GSM771380"
"GSE31158","GSE31158_GSM771383"
"GSE31158","GSE31158_GSM771384"
"GSE31158","GSE31158_GSM771387"
"GSE31158","GSE31158_GSM771388"
"GSE31158","GSE31158_GSM771391"
"GSE31158","GSE31158_GSM771392"
"GSE31158","GSE31158_GSM771396"
"GSE31158","GSE31158_GSM771397"
"GSE35893","GSE35893_GSM877105"
"GSE35893","GSE35893_GSM877106"
"GSE35893","GSE35893_GSM877107"
"GSE35893","GSE35893_GSM877108"
"GSE35893","GSE35893_GSM877109"
"GSE35893","GSE35893_GSM877110"
"GSE35893","GSE35893_GSM877111"
"GSE35893","GSE35893_GSM877112"
"GSE35893","GSE35893_GSM877113"
"GSE36721","GSE36721_GSM899743"
"GSE36721","GSE36721_GSM899744"
"GSE36721","GSE36721_GSM899745"
"GSE36721","GSE36721_GSM899746"
"GSE36721","GSE36721_GSM899747"
"GSE36721","GSE36721_GSM899748"
"GSE37921","GSE37921_GSM929932"
"GSE37921","GSE37921_GSM929933"
"GSE37921","GSE37921_GSM929934"
"GSE37921","GSE37921_GSM929935"
"GSE37921","GSE37921_GSM929936"
"GSE37921","GSE37921_GSM929937"
"GSE37921","GSE37921_GSM929938"
"GSE37921","GSE37921_GSM929939"
"GSE37921","GSE37921_GSM929940"
"GSE38102","GSE38102_GSM934608"
"GSE38102","GSE38102_GSM934609"
"GSE38102","GSE38102_GSM934610"
"GSE38102","GSE38102_GSM934611"
"GSE40076","GSE40076_GSM984719"
"GSE40076","GSE40076_GSM984720"
"GSE40076","GSE40076_GSM984721"
"GSE40076","GSE40076_GSM984722"
"GSE40076","GSE40076_GSM984723"
"GSE40076","GSE40076_GSM984724"
"GSE40076","GSE40076_GSM984725"
"GSE40076","GSE40076_GSM984726"
"GSE40076","GSE40076_GSM984727"
"GSE40076","GSE40076_GSM984728"
"GSE40076","GSE40076_GSM984729"
"GSE40076","GSE40076_GSM984730"
"GSE42415","GSE42415_GSM1039619"
"GSE42415","GSE42415_GSM1039620"
"GSE42415","GSE42415_GSM1039621"
"GSE42415","GSE42415_GSM1039622"
"GSE42415","GSE42415_GSM1039623"
"GSE42415","GSE42415_GSM1039624"
"GSE42415","GSE42415_GSM1039625"
"GSE42415","GSE42415_GSM1039626"
"GSE42415","GSE42415_GSM1039627"
"GSE42415","GSE42415_GSM1039628"
"GSE42415","GSE42415_GSM1039629"
"GSE42415","GSE42415_GSM1039630"
"GSE43818","GSE43818_GSM1071668"
"GSE43818","GSE43818_GSM1071669"
"GSE43818","GSE43818_GSM1071670"
"GSE43818","GSE43818_GSM1071671"
"GSE43818","GSE43818_GSM1071672"
"GSE43818","GSE43818_GSM1071673"
"GSE43818","GSE43818_GSM1071674"
"GSE43818","GSE43818_GSM1071675"
"GSE43818","GSE43818_GSM1071676"
"GSE43818","GSE43818_GSM1071677"
"GSE43818","GSE43818_GSM1071678"
"GSE43818","GSE43818_GSM1071679"
"GSE43818","GSE43818_GSM1071680"
"GSE43818","GSE43818_GSM1071681"
"GSE43818","GSE43818_GSM1071682"
"GSE43818","GSE43818_GSM1071683"
"GSE43818","GSE43818_GSM1071684"
"GSE43818","GSE43818_GSM1071685"
"GSE43818","GSE43818_GSM1071686"
"GSE43818","GSE43818_GSM1071687"
"GSE43818","GSE43818_GSM1071688"
"GSE43819","GSE43819_GSM1071689"
"GSE43819","GSE43819_GSM1071690"
"GSE43819","GSE43819_GSM1071691"
"GSE43819","GSE43819_GSM1071692"
"GSE43819","GSE43819_GSM1071693"
"GSE43819","GSE43819_GSM1071694"
"GSE43819","GSE43819_GSM1071695"
"GSE43819","GSE43819_GSM1071696"
"GSE43819","GSE43819_GSM1071697"
"GSE43819","GSE43819_GSM1071698"
"GSE43819","GSE43819_GSM1071699"
"GSE43819","GSE43819_GSM1071700"
"GSE43993","GSE43993_GSM1076158"
"GSE43993","GSE43993_GSM1076159"
"GSE43993","GSE43993_GSM1076160"
"GSE43993","GSE43993_GSM1076161"
"GSE43993","GSE43993_GSM1076162"
"GSE43993","GSE43993_GSM1076163"
"GSE44028","GSE44028_GSM1077006"
"GSE44028","GSE44028_GSM1077007"
"GSE44028","GSE44028_GSM1077008"
"GSE44028","GSE44028_GSM1077009"
"GSE44781","GSE44781_GSM1091679"
"GSE44781","GSE44781_GSM1091680"
"GSE44781","GSE44781_GSM1091681"
"GSE44781","GSE44781_GSM1091682"
"GSE44781","GSE44781_GSM1091683"
"GSE46661","GSE46661_GSM1133640"
"GSE46661","GSE46661_GSM1133641"
"GSE46661","GSE46661_GSM1133642"
"GSE46661","GSE46661_GSM1133643"
"GSE51215","GSE51215_GSM1240597"
"GSE51215","GSE51215_GSM1240598"
"GSE51215","GSE51215_GSM1240599"
"GSE51215","GSE51215_GSM1240600"
"GSE51215","GSE51215_GSM1240601"
"GSE51215","GSE51215_GSM1240602"
"GSE51215","GSE51215_GSM1240603"
"GSE51215","GSE51215_GSM1240604"
"GSE51215","GSE51215_GSM1240605"
"GSE51215","GSE51215_GSM1240606"
"GSE51215","GSE51215_GSM1240607"
"GSE51215","GSE51215_GSM1240608"
"GSE51215","GSE51215_GSM1240609"
"GSE51215","GSE51215_GSM1240610"
"GSE51215","GSE51215_GSM1240611"
"GSE51215","GSE51215_GSM1240612"
"GSE51215","GSE51215_GSM1240613"
"GSE51215","GSE51215_GSM1240614"
"GSE51215","GSE51215_GSM1240615"
"GSE51215","GSE51215_GSM1240616"
"GSE51215","GSE51215_GSM1240617"
"GSE51215","GSE51215_GSM1240618"
"GSE51215","GSE51215_GSM1240619"
"GSE51215","GSE51215_GSM1240620"
"GSE51692","GSE51692_GSM1250599"
"GSE51692","GSE51692_GSM1250600"
"GSE51692","GSE51692_GSM1250601"
"GSE51692","GSE51692_GSM1250602"
"GSE51692","GSE51692_GSM1250603"
"GSE51692","GSE51692_GSM1250604"
"GSE51692","GSE51692_GSM1250605"
"GSE51692","GSE51692_GSM1250606"
"GSE52117","GSE52117_GSM1259915"
"GSE52117","GSE52117_GSM1259916"
"GSE52117","GSE52117_GSM1259917"
"GSE52117","GSE52117_GSM1259918"
"GSE52117","GSE52117_GSM1259919"
"GSE52117","GSE52117_GSM1259920"
"GSE52117","GSE52117_GSM1259921"
"GSE52117","GSE52117_GSM1259922"
"GSE52117","GSE52117_GSM1259923"
"GSE52117","GSE52117_GSM1259924"
"GSE52117","GSE52117_GSM1259925"
"GSE52117","GSE52117_GSM1259926"
"GSE52117","GSE52117_GSM1259927"
"GSE52117","GSE52117_GSM1259928"
"GSE52117","GSE52117_GSM1259929"
"GSE52117","GSE52117_GSM1259930"
"GSE52117","GSE52117_GSM1259931"
"GSE52117","GSE52117_GSM1259932"
"GSE52117","GSE52117_GSM1259933"
"GSE52117","GSE52117_GSM1259934"
"GSE52117","GSE52117_GSM1259935"
"GSE52117","GSE52117_GSM1259936"
"GSE52117","GSE52117_GSM1259937"
"GSE52117","GSE52117_GSM1259938"
"GSE52117","GSE52117_GSM1259939"
"GSE52117","GSE52117_GSM1259940"
"GSE52117","GSE52117_GSM1259941"
"GSE52117","GSE52117_GSM1259942"
"GSE52117","GSE52117_GSM1259943"
"GSE52117","GSE52117_GSM1259944"
"GSE52117","GSE52117_GSM1259945"
"GSE52117","GSE52117_GSM1259946"
"GSE52117","GSE52117_GSM1259947"
"GSE52117","GSE52117_GSM1259948"
"GSE52117","GSE52117_GSM1259949"
"GSE52117","GSE52117_GSM1259950"
"GSE52117","GSE52117_GSM1259951"
"GSE52117","GSE52117_GSM1259952"
"GSE52117","GSE52117_GSM1259953"
"GSE52117","GSE52117_GSM1259954"
"GSE52117","GSE52117_GSM1259955"
"GSE52117","GSE52117_GSM1259956"
"GSE52117","GSE52117_GSM1259957"
"GSE52117","GSE52117_GSM1259958"
"GSE52117","GSE52117_GSM1259959"
"GSE52117","GSE52117_GSM1259960"
"GSE52117","GSE52117_GSM1259961"
"GSE52117","GSE52117_GSM1259962"
"GSE53438","GSE53438_GSM1293550"
"GSE53438","GSE53438_GSM1293551"
"GSE53438","GSE53438_GSM1293552"
"GSE53438","GSE53438_GSM1293553"
"GSE53438","GSE53438_GSM1293554"
"GSE53438","GSE53438_GSM1293555"
"GSE53438","GSE53438_GSM1293556"
"GSE53438","GSE53438_GSM1293557"
"GSE53580","GSE53580_GSM1296372"
"GSE53580","GSE53580_GSM1296373"
"GSE53580","GSE53580_GSM1296374"
"GSE53580","GSE53580_GSM1296375"
"GSE53580","GSE53580_GSM1296376"
"GSE53580","GSE53580_GSM1296377"
"GSE53580","GSE53580_GSM1296378"
"GSE53580","GSE53580_GSM1296379"
"GSE53580","GSE53580_GSM1296380"
"GSE53580","GSE53580_GSM1296381"
"GSE53580","GSE53580_GSM1296382"
"GSE53580","GSE53580_GSM1296383"
"GSE53839","GSE53839_GSM1293550"
"GSE53839","GSE53839_GSM1293551"
"GSE53839","GSE53839_GSM1301869"
"GSE53839","GSE53839_GSM1301870"
"GSE54607","GSE54607_GSM1319891"
"GSE54607","GSE54607_GSM1319892"
"GSE54607","GSE54607_GSM1319893"
"GSE54607","GSE54607_GSM1319894"
"GSE54607","GSE54607_GSM1319895"
"GSE54607","GSE54607_GSM1319896"
"GSE5522","GSE5522_GSM128692"
"GSE5522","GSE5522_GSM128694"
"GSE5522","GSE5522_GSM128696"
"GSE5522","GSE5522_GSM128698"
"GSE5522","GSE5522_GSM128700"
"GSE5522","GSE5522_GSM128702"
"GSE5524","GSE5524_GSM128712"
"GSE5524","GSE5524_GSM128713"
"GSE5524","GSE5524_GSM128714"
"GSE5533","GSE5533_GSM128785"
"GSE5533","GSE5533_GSM128786"
"GSE5533","GSE5533_GSM128787"
"GSE5533","GSE5533_GSM128788"
"GSE55906","GSE55906_GSM1348238"
"GSE55906","GSE55906_GSM1348239"
"GSE55906","GSE55906_GSM1348240"
"GSE55906","GSE55906_GSM1348241"
"GSE55906","GSE55906_GSM1348242"
"GSE55906","GSE55906_GSM1348243"
"GSE55906","GSE55906_GSM1348244"
"GSE55906","GSE55906_GSM1348245"
"GSE55906","GSE55906_GSM1348246"
"GSE55906","GSE55906_GSM1348247"
"GSE55906","GSE55906_GSM1348248"
"GSE55906","GSE55906_GSM1348249"
"GSE55906","GSE55906_GSM1348250"
"GSE55906","GSE55906_GSM1348251"
"GSE55906","GSE55906_GSM1348252"
"GSE55906","GSE55906_GSM1348253"
"GSE55906","GSE55906_GSM1348254"
"GSE55906","GSE55906_GSM1348255"
"GSE55906","GSE55906_GSM1348256"
"GSE55906","GSE55906_GSM1348257"
"GSE55906","GSE55906_GSM1348258"
"GSE55906","GSE55906_GSM1348259"
"GSE55906","GSE55906_GSM1348260"
"GSE55906","GSE55906_GSM1348261"
"GSE55906","GSE55906_GSM1348262"
"GSE55906","GSE55906_GSM1348263"
"GSE55906","GSE55906_GSM1348264"
"GSE55906","GSE55906_GSM1348265"
"GSE55907","GSE55907_GSM1348266"
"GSE55907","GSE55907_GSM1348267"
"GSE55907","GSE55907_GSM1348268"
"GSE55907","GSE55907_GSM1348269"
"GSE55907","GSE55907_GSM1348270"
"GSE55907","GSE55907_GSM1348271"
"GSE55907","GSE55907_GSM1348272"
"GSE55907","GSE55907_GSM1348273"
"GSE55907","GSE55907_GSM1348274"
"GSE55907","GSE55907_GSM1348275"
"GSE55907","GSE55907_GSM1348276"
"GSE55907","GSE55907_GSM1348277"
"GSE55907","GSE55907_GSM1348278"
"GSE55907","GSE55907_GSM1348279"
"GSE55907","GSE55907_GSM1348280"
"GSE55907","GSE55907_GSM1348281"
"GSE55907","GSE55907_GSM1348282"
"GSE55907","GSE55907_GSM1348283"
"GSE55907","GSE55907_GSM1348284"
"GSE55907","GSE55907_GSM1348285"
"GSE55907","GSE55907_GSM1348286"
"GSE55907","GSE55907_GSM1348287"
"GSE55907","GSE55907_GSM1348288"
"GSE55907","GSE55907_GSM1348289"
"GSE55907","GSE55907_GSM1348290"
"GSE55907","GSE55907_GSM1348291"
"GSE55907","GSE55907_GSM1348292"
"GSE55907","GSE55907_GSM1348293"
"GSE5620","GSE5620_GSM131223"
"GSE5620","GSE5620_GSM131224"
"GSE5620","GSE5620_GSM131227"
"GSE5620","GSE5620_GSM131228"
"GSE5620","GSE5620_GSM131231"
"GSE5620","GSE5620_GSM131232"
"GSE5620","GSE5620_GSM131235"
"GSE5620","GSE5620_GSM131236"
"GSE5620","GSE5620_GSM131239"
"GSE5620","GSE5620_GSM131240"
"GSE5620","GSE5620_GSM131243"
"GSE5620","GSE5620_GSM131244"
"GSE5620","GSE5620_GSM131247"
"GSE5620","GSE5620_GSM131248"
"GSE5620","GSE5620_GSM131251"
"GSE5620","GSE5620_GSM131252"
"GSE5620","GSE5620_GSM131255"
"GSE5620","GSE5620_GSM131256"
"GSE5621","GSE5621_GSM131259"
"GSE5621","GSE5621_GSM131260"
"GSE5621","GSE5621_GSM131263"
"GSE5621","GSE5621_GSM131264"
"GSE5621","GSE5621_GSM131267"
"GSE5621","GSE5621_GSM131268"
"GSE5621","GSE5621_GSM131271"
"GSE5621","GSE5621_GSM131272"
"GSE5621","GSE5621_GSM131275"
"GSE5621","GSE5621_GSM131276"
"GSE5621","GSE5621_GSM131279"
"GSE5621","GSE5621_GSM131280"
"GSE5622","GSE5622_GSM131283"
"GSE5622","GSE5622_GSM131284"
"GSE5622","GSE5622_GSM131287"
"GSE5622","GSE5622_GSM131288"
"GSE5622","GSE5622_GSM131291"
"GSE5622","GSE5622_GSM131292"
"GSE5622","GSE5622_GSM131295"
"GSE5622","GSE5622_GSM131296"
"GSE5622","GSE5622_GSM131299"
"GSE5622","GSE5622_GSM131300"
"GSE5622","GSE5622_GSM131303"
"GSE5622","GSE5622_GSM131304"
"GSE5623","GSE5623_GSM131307"
"GSE5623","GSE5623_GSM131308"
"GSE5623","GSE5623_GSM131311"
"GSE5623","GSE5623_GSM131312"
"GSE5623","GSE5623_GSM131315"
"GSE5623","GSE5623_GSM131316"
"GSE5623","GSE5623_GSM131319"
"GSE5623","GSE5623_GSM131320"
"GSE5623","GSE5623_GSM131323"
"GSE5623","GSE5623_GSM131324"
"GSE5623","GSE5623_GSM131327"
"GSE5623","GSE5623_GSM131328"
"GSE5624","GSE5624_GSM131331"
"GSE5624","GSE5624_GSM131332"
"GSE5624","GSE5624_GSM131335"
"GSE5624","GSE5624_GSM131336"
"GSE5624","GSE5624_GSM131339"
"GSE5624","GSE5624_GSM131340"
"GSE5624","GSE5624_GSM131343"
"GSE5624","GSE5624_GSM131344"
"GSE5624","GSE5624_GSM131347"
"GSE5624","GSE5624_GSM131348"
"GSE5624","GSE5624_GSM131351"
"GSE5624","GSE5624_GSM131352"
"GSE5624","GSE5624_GSM131355"
"GSE5624","GSE5624_GSM131356"
"GSE5625","GSE5625_GSM131359"
"GSE5625","GSE5625_GSM131360"
"GSE5625","GSE5625_GSM131363"
"GSE5625","GSE5625_GSM131364"
"GSE5625","GSE5625_GSM131367"
"GSE5625","GSE5625_GSM131368"
"GSE5625","GSE5625_GSM131371"
"GSE5625","GSE5625_GSM131372"
"GSE5625","GSE5625_GSM131375"
"GSE5625","GSE5625_GSM131376"
"GSE5625","GSE5625_GSM131379"
"GSE5625","GSE5625_GSM131380"
"GSE5626","GSE5626_GSM131383"
"GSE5626","GSE5626_GSM131384"
"GSE5626","GSE5626_GSM131387"
"GSE5626","GSE5626_GSM131388"
"GSE5626","GSE5626_GSM131391"
"GSE5626","GSE5626_GSM131392"
"GSE5626","GSE5626_GSM131395"
"GSE5626","GSE5626_GSM131396"
"GSE5626","GSE5626_GSM131399"
"GSE5626","GSE5626_GSM131400"
"GSE5626","GSE5626_GSM131403"
"GSE5626","GSE5626_GSM131404"
"GSE5626","GSE5626_GSM131407"
"GSE5626","GSE5626_GSM131408"
"GSE5627","GSE5627_GSM131411"
"GSE5627","GSE5627_GSM131412"
"GSE5627","GSE5627_GSM131415"
"GSE5627","GSE5627_GSM131416"
"GSE5627","GSE5627_GSM131419"
"GSE5627","GSE5627_GSM131420"
"GSE5627","GSE5627_GSM131423"
"GSE5627","GSE5627_GSM131424"
"GSE5627","GSE5627_GSM131427"
"GSE5627","GSE5627_GSM131428"
"GSE5627","GSE5627_GSM131431"
"GSE5627","GSE5627_GSM131432"
"GSE5627","GSE5627_GSM131435"
"GSE5627","GSE5627_GSM131436"
"GSE5628","GSE5628_GSM131439"
"GSE5628","GSE5628_GSM131440"
"GSE5628","GSE5628_GSM131443"
"GSE5628","GSE5628_GSM131444"
"GSE5628","GSE5628_GSM131447"
"GSE5628","GSE5628_GSM131448"
"GSE5628","GSE5628_GSM131451"
"GSE5628","GSE5628_GSM131452"
"GSE5628","GSE5628_GSM131455"
"GSE5628","GSE5628_GSM131456"
"GSE5628","GSE5628_GSM131459"
"GSE5628","GSE5628_GSM131460"
"GSE5628","GSE5628_GSM131463"
"GSE5628","GSE5628_GSM131464"
"GSE5628","GSE5628_GSM131467"
"GSE5628","GSE5628_GSM131468"
"GSE5633","GSE5633_GSM131649"
"GSE5633","GSE5633_GSM131650"
"GSE5633","GSE5633_GSM131651"
"GSE5633","GSE5633_GSM131652"
"GSE5633","GSE5633_GSM131653"
"GSE5633","GSE5633_GSM131654"
"GSE5633","GSE5633_GSM131655"
"GSE5633","GSE5633_GSM131656"
"GSE5633","GSE5633_GSM131657"
"GSE5633","GSE5633_GSM131658"
"GSE5633","GSE5633_GSM131659"
"GSE5633","GSE5633_GSM131660"
"GSE56659","GSE56659_GSM1366461"
"GSE56659","GSE56659_GSM1366462"
"GSE56659","GSE56659_GSM1366463"
"GSE56659","GSE56659_GSM1366464"
"GSE56659","GSE56659_GSM1366465"
"GSE56659","GSE56659_GSM1366466"
"GSE56659","GSE56659_GSM1366467"
"GSE56659","GSE56659_GSM1366468"
"GSE56659","GSE56659_GSM1366469"
"GSE56659","GSE56659_GSM1366470"
"GSE5711","GSE5711_GSM133403"
"GSE5711","GSE5711_GSM133404"
"GSE5711","GSE5711_GSM133405"
"GSE5711","GSE5711_GSM133406"
"GSE5711","GSE5711_GSM133407"
"GSE5711","GSE5711_GSM133408"
"GSE57286","GSE57286_GSM1378558"
"GSE57286","GSE57286_GSM1378559"
"GSE57286","GSE57286_GSM1378560"
"GSE57286","GSE57286_GSM1378561"
"GSE57286","GSE57286_GSM1378562"
"GSE57286","GSE57286_GSM1378563"
"GSE57286","GSE57286_GSM1378564"
"GSE57286","GSE57286_GSM1378565"
"GSE57286","GSE57286_GSM1378566"
"GSE57286","GSE57286_GSM1378567"
"GSE57286","GSE57286_GSM1378568"
"GSE57286","GSE57286_GSM1378569"
"GSE57286","GSE57286_GSM1378570"
"GSE57286","GSE57286_GSM1378571"
"GSE57286","GSE57286_GSM1378572"
"GSE57286","GSE57286_GSM1378573"
"GSE57286","GSE57286_GSM1378574"
"GSE57286","GSE57286_GSM1378575"
"GSE5739","GSE5739_GSM133858"
"GSE5739","GSE5739_GSM133859"
"GSE5739","GSE5739_GSM133860"
"GSE5739","GSE5739_GSM133861"
"GSE5739","GSE5739_GSM133862"
"GSE5739","GSE5739_GSM133863"
"GSE5739","GSE5739_GSM133864"
"GSE5739","GSE5739_GSM133865"
"GSE5745","GSE5745_GSM133896"
"GSE5745","GSE5745_GSM133897"
"GSE5745","GSE5745_GSM133898"
"GSE5745","GSE5745_GSM133899"
"GSE5745","GSE5745_GSM133900"
"GSE5745","GSE5745_GSM133901"
"GSE5745","GSE5745_GSM133902"
"GSE5745","GSE5745_GSM133903"
"GSE5745","GSE5745_GSM133904"
"GSE5745","GSE5745_GSM133905"
"GSE5745","GSE5745_GSM133906"
"GSE5745","GSE5745_GSM133907"
"GSE5746","GSE5746_GSM133909"
"GSE5746","GSE5746_GSM133910"
"GSE5746","GSE5746_GSM133911"
"GSE5746","GSE5746_GSM133912"
"GSE5746","GSE5746_GSM133913"
"GSE5746","GSE5746_GSM133914"
"GSE5746","GSE5746_GSM133915"
"GSE5746","GSE5746_GSM133916"
"GSE5746","GSE5746_GSM133918"
"GSE5746","GSE5746_GSM133919"
"GSE5746","GSE5746_GSM133920"
"GSE5746","GSE5746_GSM133921"
"GSE5746","GSE5746_GSM133922"
"GSE5746","GSE5746_GSM133923"
"GSE5746","GSE5746_GSM133924"
"GSE5746","GSE5746_GSM133925"
"GSE5746","GSE5746_GSM133926"
"GSE5746","GSE5746_GSM133927"
"GSE5746","GSE5746_GSM133928"
"GSE5746","GSE5746_GSM133929"
"GSE5746","GSE5746_GSM133930"
"GSE5746","GSE5746_GSM133931"
"GSE5746","GSE5746_GSM133932"
"GSE5746","GSE5746_GSM133933"
"GSE5746","GSE5746_GSM133934"
"GSE5746","GSE5746_GSM133935"
"GSE5746","GSE5746_GSM133936"
"GSE5746","GSE5746_GSM133937"
"GSE5746","GSE5746_GSM133938"
"GSE5746","GSE5746_GSM133939"
"GSE5746","GSE5746_GSM133940"
"GSE5746","GSE5746_GSM133942"
"GSE5746","GSE5746_GSM133943"
"GSE5746","GSE5746_GSM133944"
"GSE58370","GSE58370_GSM1409266"
"GSE58370","GSE58370_GSM1409267"
"GSE58370","GSE58370_GSM1409268"
"GSE58370","GSE58370_GSM1409269"
"GSE58370","GSE58370_GSM1409270"
"GSE58370","GSE58370_GSM1409271"
"GSE58370","GSE58370_GSM1409272"
"GSE58370","GSE58370_GSM1409273"
"GSE58370","GSE58370_GSM1409274"
"GSE58370","GSE58370_GSM1409275"
"GSE58370","GSE58370_GSM1409276"
"GSE58370","GSE58370_GSM1409277"
"GSE58370","GSE58370_GSM1409278"
"GSE58370","GSE58370_GSM1409279"
"GSE58370","GSE58370_GSM1409280"
"GSE58370","GSE58370_GSM1409281"
"GSE58370","GSE58370_GSM1409282"
"GSE58370","GSE58370_GSM1409283"
"GSE58370","GSE58370_GSM1409284"
"GSE58370","GSE58370_GSM1409285"
"GSE58370","GSE58370_GSM1409286"
"GSE58370","GSE58370_GSM1409287"
"GSE58370","GSE58370_GSM1409288"
"GSE58370","GSE58370_GSM1409289"
"GSE58370","GSE58370_GSM1409290"
"GSE58370","GSE58370_GSM1409291"
"GSE58370","GSE58370_GSM1409292"
"GSE58370","GSE58370_GSM1409293"
"GSE6151","GSE6151_GSM142623"
"GSE6151","GSE6151_GSM142624"
"GSE6151","GSE6151_GSM142625"
"GSE6151","GSE6151_GSM142626"
"GSE6151","GSE6151_GSM142627"
"GSE6151","GSE6151_GSM142628"
"GSE6151","GSE6151_GSM142629"
"GSE6151","GSE6151_GSM142630"
"GSE6151","GSE6151_GSM142631"
"GSE6151","GSE6151_GSM142632"
"GSE6151","GSE6151_GSM142633"
"GSE6151","GSE6151_GSM142634"
"GSE6151","GSE6151_GSM142635"
"GSE6151","GSE6151_GSM142636"
"GSE6151","GSE6151_GSM142637"
"GSE6151","GSE6151_GSM142638"
"GSE6151","GSE6151_GSM142639"
"GSE6151","GSE6151_GSM142640"
"GSE6151","GSE6151_GSM142641"
"GSE6151","GSE6151_GSM142642"
"GSE6151","GSE6151_GSM142643"
"GSE6151","GSE6151_GSM142644"
"GSE6151","GSE6151_GSM142645"
"GSE6151","GSE6151_GSM142646"
"GSE6151","GSE6151_GSM142647"
"GSE6151","GSE6151_GSM142648"
"GSE6151","GSE6151_GSM142649"
"GSE6151","GSE6151_GSM142650"
"GSE6151","GSE6151_GSM142651"
"GSE6151","GSE6151_GSM142652"
"GSE6151","GSE6151_GSM142653"
"GSE6151","GSE6151_GSM142654"
"GSE6151","GSE6151_GSM142655"
"GSE6151","GSE6151_GSM142656"
"GSE6151","GSE6151_GSM142657"
"GSE6151","GSE6151_GSM142658"
"GSE6153","GSE6153_GSM142661"
"GSE6153","GSE6153_GSM142662"
"GSE6160","GSE6160_GSM142703"
"GSE6160","GSE6160_GSM142704"
"GSE6160","GSE6160_GSM142705"
"GSE6160","GSE6160_GSM142706"
"GSE6160","GSE6160_GSM142709"
"GSE6160","GSE6160_GSM142710"
"GSE6160","GSE6160_GSM142711"
"GSE6160","GSE6160_GSM142712"
"GSE6160","GSE6160_GSM142715"
"GSE6160","GSE6160_GSM142716"
"GSE6160","GSE6160_GSM142717"
"GSE6160","GSE6160_GSM142718"
"GSE6177","GSE6177_GSM142864"
"GSE6177","GSE6177_GSM142865"
"GSE6177","GSE6177_GSM142866"
"GSE6177","GSE6177_GSM142867"
"GSE6177","GSE6177_GSM142868"
"GSE6177","GSE6177_GSM142869"
"GSE6177","GSE6177_GSM142870"
"GSE6177","GSE6177_GSM142871"
"GSE6177","GSE6177_GSM142872"
"GSE6177","GSE6177_GSM142873"
"GSE6177","GSE6177_GSM142874"
"GSE6177","GSE6177_GSM142875"
"GSE6177","GSE6177_GSM142876"
"GSE6177","GSE6177_GSM142877"
"GSE6177","GSE6177_GSM142878"
"GSE6177","GSE6177_GSM142879"
"GSE6177","GSE6177_GSM142880"
"GSE6177","GSE6177_GSM142881"
"GSE62435","GSE62435_GSM1526966"
"GSE62435","GSE62435_GSM1526967"
"GSE62435","GSE62435_GSM1526968"
"GSE62435","GSE62435_GSM1526969"
"GSE62435","GSE62435_GSM1526970"
"GSE62435","GSE62435_GSM1526971"
"GSE62435","GSE62435_GSM1526972"
"GSE62435","GSE62435_GSM1526973"
"GSE62435","GSE62435_GSM1526974"
"GSE62435","GSE62435_GSM1526975"
"GSE62435","GSE62435_GSM1526976"
"GSE62435","GSE62435_GSM1526977"
"GSE62435","GSE62435_GSM1526978"
"GSE62435","GSE62435_GSM1526979"
"GSE62435","GSE62435_GSM1526980"
"GSE62435","GSE62435_GSM1526981"
"GSE62435","GSE62435_GSM1526982"
"GSE62435","GSE62435_GSM1526983"
"GSE62435","GSE62435_GSM1526984"
"GSE62435","GSE62435_GSM1526985"
"GSE62435","GSE62435_GSM1526986"
"GSE62435","GSE62435_GSM1526987"
"GSE62435","GSE62435_GSM1526988"
"GSE62435","GSE62435_GSM1526989"
"GSE63207","GSE63207_GSM1543863"
"GSE63207","GSE63207_GSM1543864"
"GSE63207","GSE63207_GSM1543865"
"GSE63207","GSE63207_GSM1543866"
"GSE63207","GSE63207_GSM1543867"
"GSE63207","GSE63207_GSM1543868"
"GSE63207","GSE63207_GSM1543869"
"GSE63207","GSE63207_GSM1543870"
"GSE63207","GSE63207_GSM1543871"
"GSE63207","GSE63207_GSM1543872"
"GSE64197","GSE64197_GSM1566248"
"GSE64197","GSE64197_GSM1566249"
"GSE64197","GSE64197_GSM1566250"
"GSE64197","GSE64197_GSM1566251"
"GSE64197","GSE64197_GSM1566252"
"GSE64197","GSE64197_GSM1566253"
"GSE64197","GSE64197_GSM1566254"
"GSE64197","GSE64197_GSM1566255"
"GSE64197","GSE64197_GSM1566256"
"GSE64197","GSE64197_GSM1566257"
"GSE64197","GSE64197_GSM1566258"
"GSE64197","GSE64197_GSM1566259"
"GSE680","GSE680_GSM27362"
"GSE680","GSE680_GSM27366"
"GSE6825","GSE6825_GSM157311"
"GSE6825","GSE6825_GSM157312"
"GSE6825","GSE6825_GSM157317"
"GSE6825","GSE6825_GSM157318"
"GSE6825","GSE6825_GSM157319"
"GSE6825","GSE6825_GSM157321"
"GSE6825","GSE6825_GSM157322"
"GSE68437","GSE68437_GSM1671719"
"GSE68437","GSE68437_GSM1671720"
"GSE68437","GSE68437_GSM1671721"
"GSE68437","GSE68437_GSM1671722"
"GSE68437","GSE68437_GSM1671723"
"GSE68437","GSE68437_GSM1671724"
"GSE68437","GSE68437_GSM1671725"
"GSE68437","GSE68437_GSM1671726"
"GSE73301","GSE73301_GSM1890501"
"GSE73301","GSE73301_GSM1890502"
"GSE77286","GSE77286_GSM2047299"
"GSE77286","GSE77286_GSM2047300"
"GSE77286","GSE77286_GSM2047301"
"GSE77286","GSE77286_GSM2047302"
"GSE77286","GSE77286_GSM2047303"
"GSE77286","GSE77286_GSM2047304"
"GSE77286","GSE77286_GSM2047305"
"GSE77286","GSE77286_GSM2047306"
"GSE77286","GSE77286_GSM2047307"
"GSE77286","GSE77286_GSM2047308"
"GSE77286","GSE77286_GSM2047309"
"GSE77286","GSE77286_GSM2047310"
"GSE77286","GSE77286_GSM2047311"
"GSE77286","GSE77286_GSM2047312"
"GSE77286","GSE77286_GSM2047313"
"GSE77286","GSE77286_GSM2047314"
"GSE77286","GSE77286_GSM2047315"
"GSE77286","GSE77286_GSM2047316"
"GSE78016","GSE78016_GSM2064572"
"GSE78016","GSE78016_GSM2064573"
"GSE78016","GSE78016_GSM2064574"
"GSE78016","GSE78016_GSM2064575"
"GSE78016","GSE78016_GSM2064576"
"GSE78016","GSE78016_GSM2064577"
"GSE78016","GSE78016_GSM2064578"
"GSE78016","GSE78016_GSM2064579"
"GSE87867","GSE87867_GSM2342082"
"GSE87867","GSE87867_GSM2342083"
"GSE87867","GSE87867_GSM2342084"
"GSE87867","GSE87867_GSM2342085"
"GSE87867","GSE87867_GSM2342086"
"GSE87867","GSE87867_GSM2342087"
"GSE87867","GSE87867_GSM2342088"
"GSE87867","GSE87867_GSM2342089"
"GSE87867","GSE87867_GSM2342090"
"GSE87867","GSE87867_GSM2342091"
"GSE87867","GSE87867_GSM2342092"
"GSE87867","GSE87867_GSM2342093"
"GSE87867","GSE87867_GSM2342094"
"GSE87867","GSE87867_GSM2342095"
"GSE87867","GSE87867_GSM2342096"
"GSE87867","GSE87867_GSM2342097"
"GSE87867","GSE87867_GSM2342098"
"GSE87867","GSE87867_GSM2342099"
"GSE87869","GSE87869_GSM2342082"
"GSE87869","GSE87869_GSM2342083"
"GSE87869","GSE87869_GSM2342084"
"GSE87869","GSE87869_GSM2342085"
"GSE87869","GSE87869_GSM2342086"
"GSE87869","GSE87869_GSM2342087"
"GSE87869","GSE87869_GSM2342088"
"GSE87869","GSE87869_GSM2342089"
"GSE87869","GSE87869_GSM2342090"
"GSE87869","GSE87869_GSM2342091"
"GSE87869","GSE87869_GSM2342092"
"GSE87869","GSE87869_GSM2342093"
"GSE87869","GSE87869_GSM2342094"
"GSE87869","GSE87869_GSM2342095"
"GSE87869","GSE87869_GSM2342096"
"GSE87869","GSE87869_GSM2342097"
"GSE87869","GSE87869_GSM2342098"
"GSE87869","GSE87869_GSM2342099"
"GSE87903","GSE87903_GSM2342082"
"GSE87903","GSE87903_GSM2342083"
"GSE87903","GSE87903_GSM2342084"
"GSE87903","GSE87903_GSM2342085"
"GSE87903","GSE87903_GSM2342086"
"GSE87903","GSE87903_GSM2342087"
"GSE87903","GSE87903_GSM2342088"
"GSE87903","GSE87903_GSM2342089"
"GSE87903","GSE87903_GSM2342090"
"GSE87903","GSE87903_GSM2342810"
"GSE87903","GSE87903_GSM2342811"
"GSE87903","GSE87903_GSM2342812"
"GSE87903","GSE87903_GSM2342813"
"GSE87903","GSE87903_GSM2342814"
"GSE87903","GSE87903_GSM2342815"
"GSE87904","GSE87904_GSM2342852"
"GSE87904","GSE87904_GSM2342853"
"GSE87904","GSE87904_GSM2342854"
"GSE87904","GSE87904_GSM2342855"
"GSE87904","GSE87904_GSM2342856"
"GSE87904","GSE87904_GSM2342857"
"GSE87904","GSE87904_GSM2342858"
"GSE87904","GSE87904_GSM2342859"
"GSE87904","GSE87904_GSM2342860"
"GSE87904","GSE87904_GSM2342861"
"GSE87904","GSE87904_GSM2342862"
"GSE87904","GSE87904_GSM2342863"
"GSE87904","GSE87904_GSM2342864"
"GSE87904","GSE87904_GSM2342865"
"GSE87904","GSE87904_GSM2342866"
"GSE87904","GSE87904_GSM2342867"
"GSE87904","GSE87904_GSM2342868"
"GSE87904","GSE87904_GSM2342869"
"GSE87904","GSE87904_GSM2342870"
"GSE87904","GSE87904_GSM2342871"
"GSE87904","GSE87904_GSM2342872"
"GSE87904","GSE87904_GSM2342873"
"GSE87904","GSE87904_GSM2342874"
"GSE87904","GSE87904_GSM2342875"
"GSE87904","GSE87904_GSM2342876"
"GSE87904","GSE87904_GSM2342877"
"GSE87904","GSE87904_GSM2342878"
"GSE87904","GSE87904_GSM2342879"
"GSE87904","GSE87904_GSM2342880"
"GSE87904","GSE87904_GSM2342881"
"GSE87904","GSE87904_GSM2342882"
"GSE87904","GSE87904_GSM2342883"
"GSE87904","GSE87904_GSM2342884"
"GSE87904","GSE87904_GSM2342885"
"GSE87904","GSE87904_GSM2342886"
"GSE87904","GSE87904_GSM2342887"
"GSE87905","GSE87905_GSM2342082"
"GSE87905","GSE87905_GSM2342083"
"GSE87905","GSE87905_GSM2342084"
"GSE87905","GSE87905_GSM2342085"
"GSE87905","GSE87905_GSM2342086"
"GSE87905","GSE87905_GSM2342087"
"GSE87905","GSE87905_GSM2342088"
"GSE87905","GSE87905_GSM2342089"
"GSE87905","GSE87905_GSM2342090"
"GSE87905","GSE87905_GSM2342810"
"GSE87905","GSE87905_GSM2342811"
"GSE87905","GSE87905_GSM2342812"
"GSE87905","GSE87905_GSM2342813"
"GSE87905","GSE87905_GSM2342814"
"GSE87905","GSE87905_GSM2342815"
"GSE87905","GSE87905_GSM2342852"
"GSE87905","GSE87905_GSM2342853"
"GSE87905","GSE87905_GSM2342854"
"GSE87905","GSE87905_GSM2342855"
"GSE87905","GSE87905_GSM2342856"
"GSE87905","GSE87905_GSM2342857"
"GSE87905","GSE87905_GSM2342858"
"GSE87905","GSE87905_GSM2342859"
"GSE87905","GSE87905_GSM2342860"
"GSE87905","GSE87905_GSM2342861"
"GSE87905","GSE87905_GSM2342862"
"GSE87905","GSE87905_GSM2342863"
"GSE87905","GSE87905_GSM2342864"
"GSE87905","GSE87905_GSM2342865"
"GSE87905","GSE87905_GSM2342866"
"GSE87905","GSE87905_GSM2342867"
"GSE87905","GSE87905_GSM2342868"
"GSE87905","GSE87905_GSM2342869"
"GSE87905","GSE87905_GSM2342870"
"GSE87905","GSE87905_GSM2342871"
"GSE87905","GSE87905_GSM2342872"
"GSE87905","GSE87905_GSM2342873"
"GSE87905","GSE87905_GSM2342874"
"GSE87905","GSE87905_GSM2342875"
"GSE87905","GSE87905_GSM2342876"
"GSE87905","GSE87905_GSM2342877"
"GSE87905","GSE87905_GSM2342878"
"GSE87905","GSE87905_GSM2342879"
"GSE87905","GSE87905_GSM2342880"
"GSE87905","GSE87905_GSM2342881"
"GSE87905","GSE87905_GSM2342882"
"GSE87905","GSE87905_GSM2342883"
"GSE87905","GSE87905_GSM2342884"
"GSE87905","GSE87905_GSM2342885"
"GSE87905","GSE87905_GSM2342886"
"GSE87905","GSE87905_GSM2342887"
"GSE92716","GSE92716_GSM2436239"
"GSE92716","GSE92716_GSM2436240"
"GSE92716","GSE92716_GSM2436241"
"GSE92716","GSE92716_GSM2436245"
"GSE92716","GSE92716_GSM2436246"
"GSE92716","GSE92716_GSM2436247"
"GSE92716","GSE92716_GSM2436251"
"GSE92716","GSE92716_GSM2436252"
"GSE92716","GSE92716_GSM2436253"
"GSE9402","GSE9402_GSM239236"
"GSE9402","GSE9402_GSM239239"
"GSE9402","GSE9402_GSM239241"
"GSE9402","GSE9402_GSM239245"
"GSE99528","GSE99528_GSM2645483"
"GSE99528","GSE99528_GSM2645484"
"GSE99528","GSE99528_GSM2645485"
"GSE99528","GSE99528_GSM2645486"
