"E-ATMX-35","E-ATMX-35_1"
"E-ATMX-35","E-ATMX-35_2"
"E-ATMX-35","E-ATMX-35_3"
"E-ATMX-35","E-ATMX-35_4"
"E-ATMX-35","E-ATMX-35_5"
"E-ATMX-35","E-ATMX-35_6"
"E-MEXP-1138","E-MEXP-1138_1"
"E-MEXP-1138","E-MEXP-1138_10"
"E-MEXP-1138","E-MEXP-1138_11"
"E-MEXP-1138","E-MEXP-1138_12"
"E-MEXP-1138","E-MEXP-1138_13"
"E-MEXP-1138","E-MEXP-1138_14"
"E-MEXP-1138","E-MEXP-1138_15"
"E-MEXP-1138","E-MEXP-1138_16"
"E-MEXP-1138","E-MEXP-1138_17"
"E-MEXP-1138","E-MEXP-1138_18"
"E-MEXP-1138","E-MEXP-1138_19"
"E-MEXP-1138","E-MEXP-1138_2"
"E-MEXP-1138","E-MEXP-1138_20"
"E-MEXP-1138","E-MEXP-1138_21"
"E-MEXP-1138","E-MEXP-1138_22"
"E-MEXP-1138","E-MEXP-1138_23"
"E-MEXP-1138","E-MEXP-1138_24"
"E-MEXP-1138","E-MEXP-1138_25"
"E-MEXP-1138","E-MEXP-1138_26"
"E-MEXP-1138","E-MEXP-1138_27"
"E-MEXP-1138","E-MEXP-1138_28"
"E-MEXP-1138","E-MEXP-1138_3"
"E-MEXP-1138","E-MEXP-1138_4"
"E-MEXP-1138","E-MEXP-1138_5"
"E-MEXP-1138","E-MEXP-1138_6"
"E-MEXP-1138","E-MEXP-1138_7"
"E-MEXP-1138","E-MEXP-1138_8"
"E-MEXP-1138","E-MEXP-1138_9"
"E-MEXP-1246","E-MEXP-1246_1"
"E-MEXP-1246","E-MEXP-1246_2"
"E-MEXP-1246","E-MEXP-1246_3"
"E-MEXP-1246","E-MEXP-1246_4"
"E-MEXP-1246","E-MEXP-1246_5"
"E-MEXP-1246","E-MEXP-1246_6"
"E-MEXP-1451","E-MEXP-1451_1"
"E-MEXP-1451","E-MEXP-1451_2"
"E-MEXP-1451","E-MEXP-1451_3"
"E-MEXP-1451","E-MEXP-1451_4"
"E-MEXP-1451","E-MEXP-1451_5"
"E-MEXP-1451","E-MEXP-1451_6"
"E-MEXP-1451","E-MEXP-1451_7"
"E-MEXP-1474","E-MEXP-1474_1"
"E-MEXP-1474","E-MEXP-1474_10"
"E-MEXP-1474","E-MEXP-1474_11"
"E-MEXP-1474","E-MEXP-1474_12"
"E-MEXP-1474","E-MEXP-1474_13"
"E-MEXP-1474","E-MEXP-1474_14"
"E-MEXP-1474","E-MEXP-1474_15"
"E-MEXP-1474","E-MEXP-1474_2"
"E-MEXP-1474","E-MEXP-1474_3"
"E-MEXP-1474","E-MEXP-1474_4"
"E-MEXP-1474","E-MEXP-1474_5"
"E-MEXP-1474","E-MEXP-1474_6"
"E-MEXP-1474","E-MEXP-1474_7"
"E-MEXP-1474","E-MEXP-1474_8"
"E-MEXP-1474","E-MEXP-1474_9"
"E-MEXP-1592","E-MEXP-1592_13"
"E-MEXP-1592","E-MEXP-1592_14"
"E-MEXP-1592","E-MEXP-1592_15"
"E-MEXP-1592","E-MEXP-1592_16"
"E-MEXP-1592","E-MEXP-1592_17"
"E-MEXP-1592","E-MEXP-1592_18"
"E-MEXP-1592","E-MEXP-1592_19"
"E-MEXP-1592","E-MEXP-1592_20"
"E-MEXP-1592","E-MEXP-1592_21"
"E-MEXP-1592","E-MEXP-1592_22"
"E-MEXP-1592","E-MEXP-1592_23"
"E-MEXP-1592","E-MEXP-1592_24"
"E-MEXP-1895","E-MEXP-1895_1"
"E-MEXP-1895","E-MEXP-1895_2"
"E-MEXP-1895","E-MEXP-1895_3"
"E-MEXP-1895","E-MEXP-1895_4"
"E-MEXP-1920","E-MEXP-1920_1"
"E-MEXP-1920","E-MEXP-1920_10"
"E-MEXP-1920","E-MEXP-1920_11"
"E-MEXP-1920","E-MEXP-1920_12"
"E-MEXP-1920","E-MEXP-1920_13"
"E-MEXP-1920","E-MEXP-1920_14"
"E-MEXP-1920","E-MEXP-1920_15"
"E-MEXP-1920","E-MEXP-1920_16"
"E-MEXP-1920","E-MEXP-1920_17"
"E-MEXP-1920","E-MEXP-1920_2"
"E-MEXP-1920","E-MEXP-1920_3"
"E-MEXP-1920","E-MEXP-1920_4"
"E-MEXP-1920","E-MEXP-1920_5"
"E-MEXP-1920","E-MEXP-1920_6"
"E-MEXP-1920","E-MEXP-1920_7"
"E-MEXP-1920","E-MEXP-1920_8"
"E-MEXP-1920","E-MEXP-1920_9"
"E-MEXP-2227","E-MEXP-2227_1"
"E-MEXP-2227","E-MEXP-2227_2"
"E-MEXP-2227","E-MEXP-2227_3"
"E-MEXP-2227","E-MEXP-2227_4"
"E-MEXP-2227","E-MEXP-2227_5"
"E-MEXP-2227","E-MEXP-2227_6"
"E-MEXP-2227","E-MEXP-2227_7"
"E-MEXP-2227","E-MEXP-2227_8"
"E-MEXP-2227","E-MEXP-2227_9"
"E-MEXP-2350","E-MEXP-2350_1"
"E-MEXP-2350","E-MEXP-2350_2"
"E-MEXP-2350","E-MEXP-2350_3"
"E-MEXP-2350","E-MEXP-2350_4"
"E-MEXP-2350","E-MEXP-2350_5"
"E-MEXP-2350","E-MEXP-2350_6"
"E-MEXP-2472","E-MEXP-2472_10"
"E-MEXP-2472","E-MEXP-2472_11"
"E-MEXP-2472","E-MEXP-2472_8"
"E-MEXP-2499","E-MEXP-2499_37"
"E-MEXP-2499","E-MEXP-2499_38"
"E-MEXP-2499","E-MEXP-2499_39"
"E-MEXP-2499","E-MEXP-2499_47"
"E-MEXP-285","E-MEXP-285_10"
"E-MEXP-285","E-MEXP-285_5"
"E-MEXP-285","E-MEXP-285_6"
"E-MEXP-285","E-MEXP-285_7"
"E-MEXP-285","E-MEXP-285_8"
"E-MEXP-285","E-MEXP-285_9"
"E-MEXP-3120","E-MEXP-3120_1"
"E-MEXP-3120","E-MEXP-3120_10"
"E-MEXP-3120","E-MEXP-3120_11"
"E-MEXP-3120","E-MEXP-3120_12"
"E-MEXP-3120","E-MEXP-3120_13"
"E-MEXP-3120","E-MEXP-3120_14"
"E-MEXP-3120","E-MEXP-3120_15"
"E-MEXP-3120","E-MEXP-3120_16"
"E-MEXP-3120","E-MEXP-3120_17"
"E-MEXP-3120","E-MEXP-3120_18"
"E-MEXP-3120","E-MEXP-3120_2"
"E-MEXP-3120","E-MEXP-3120_3"
"E-MEXP-3120","E-MEXP-3120_4"
"E-MEXP-3120","E-MEXP-3120_5"
"E-MEXP-3120","E-MEXP-3120_6"
"E-MEXP-3120","E-MEXP-3120_7"
"E-MEXP-3120","E-MEXP-3120_8"
"E-MEXP-3120","E-MEXP-3120_9"
"E-MEXP-3137","E-MEXP-3137_1"
"E-MEXP-3137","E-MEXP-3137_2"
"E-MEXP-3137","E-MEXP-3137_3"
"E-MEXP-3137","E-MEXP-3137_4"
"E-MEXP-3138","E-MEXP-3138_1"
"E-MEXP-3138","E-MEXP-3138_2"
"E-MEXP-3138","E-MEXP-3138_3"
"E-MEXP-3138","E-MEXP-3138_4"
"E-MEXP-3293","E-MEXP-3293_1"
"E-MEXP-3293","E-MEXP-3293_10"
"E-MEXP-3293","E-MEXP-3293_11"
"E-MEXP-3293","E-MEXP-3293_12"
"E-MEXP-3293","E-MEXP-3293_13"
"E-MEXP-3293","E-MEXP-3293_14"
"E-MEXP-3293","E-MEXP-3293_15"
"E-MEXP-3293","E-MEXP-3293_16"
"E-MEXP-3293","E-MEXP-3293_2"
"E-MEXP-3293","E-MEXP-3293_3"
"E-MEXP-3293","E-MEXP-3293_4"
"E-MEXP-3293","E-MEXP-3293_5"
"E-MEXP-3293","E-MEXP-3293_6"
"E-MEXP-3293","E-MEXP-3293_7"
"E-MEXP-3293","E-MEXP-3293_8"
"E-MEXP-3293","E-MEXP-3293_9"
"E-MEXP-682","E-MEXP-682_1"
"E-MEXP-682","E-MEXP-682_10"
"E-MEXP-682","E-MEXP-682_2"
"E-MEXP-682","E-MEXP-682_3"
"E-MEXP-682","E-MEXP-682_4"
"E-MEXP-682","E-MEXP-682_5"
"E-MEXP-682","E-MEXP-682_6"
"E-MEXP-682","E-MEXP-682_7"
"E-MEXP-682","E-MEXP-682_8"
"E-MEXP-682","E-MEXP-682_9"
"E-MEXP-695","E-MEXP-695_1"
"E-MEXP-695","E-MEXP-695_2"
"E-MEXP-695","E-MEXP-695_3"
"E-MEXP-695","E-MEXP-695_4"
"E-MEXP-849","E-MEXP-849_1"
"E-MEXP-849","E-MEXP-849_10"
"E-MEXP-849","E-MEXP-849_11"
"E-MEXP-849","E-MEXP-849_12"
"E-MEXP-849","E-MEXP-849_13"
"E-MEXP-849","E-MEXP-849_14"
"E-MEXP-849","E-MEXP-849_15"
"E-MEXP-849","E-MEXP-849_19"
"E-MEXP-849","E-MEXP-849_2"
"E-MEXP-849","E-MEXP-849_20"
"E-MEXP-849","E-MEXP-849_21"
"E-MEXP-849","E-MEXP-849_22"
"E-MEXP-849","E-MEXP-849_23"
"E-MEXP-849","E-MEXP-849_24"
"E-MEXP-849","E-MEXP-849_3"
"E-MEXP-849","E-MEXP-849_4"
"E-MEXP-849","E-MEXP-849_5"
"E-MEXP-849","E-MEXP-849_6"
"E-MTAB-107","E-MTAB-107_1"
"E-MTAB-107","E-MTAB-107_10"
"E-MTAB-107","E-MTAB-107_11"
"E-MTAB-107","E-MTAB-107_12"
"E-MTAB-107","E-MTAB-107_13"
"E-MTAB-107","E-MTAB-107_14"
"E-MTAB-107","E-MTAB-107_15"
"E-MTAB-107","E-MTAB-107_16"
"E-MTAB-107","E-MTAB-107_17"
"E-MTAB-107","E-MTAB-107_18"
"E-MTAB-107","E-MTAB-107_19"
"E-MTAB-107","E-MTAB-107_2"
"E-MTAB-107","E-MTAB-107_20"
"E-MTAB-107","E-MTAB-107_21"
"E-MTAB-107","E-MTAB-107_22"
"E-MTAB-107","E-MTAB-107_23"
"E-MTAB-107","E-MTAB-107_24"
"E-MTAB-107","E-MTAB-107_25"
"E-MTAB-107","E-MTAB-107_26"
"E-MTAB-107","E-MTAB-107_27"
"E-MTAB-107","E-MTAB-107_3"
"E-MTAB-107","E-MTAB-107_4"
"E-MTAB-107","E-MTAB-107_5"
"E-MTAB-107","E-MTAB-107_6"
"E-MTAB-107","E-MTAB-107_7"
"E-MTAB-107","E-MTAB-107_8"
"E-MTAB-107","E-MTAB-107_9"
"E-MTAB-2193","E-MTAB-2193_1"
"E-MTAB-2193","E-MTAB-2193_2"
"E-MTAB-2193","E-MTAB-2193_3"
"E-MTAB-2193","E-MTAB-2193_4"
"E-MTAB-2193","E-MTAB-2193_5"
"E-MTAB-2193","E-MTAB-2193_6"
"E-MTAB-2193","E-MTAB-2193_7"
"E-MTAB-2193","E-MTAB-2193_8"
"E-MTAB-3090","E-MTAB-3090_1"
"E-MTAB-3090","E-MTAB-3090_10"
"E-MTAB-3090","E-MTAB-3090_11"
"E-MTAB-3090","E-MTAB-3090_12"
"E-MTAB-3090","E-MTAB-3090_13"
"E-MTAB-3090","E-MTAB-3090_14"
"E-MTAB-3090","E-MTAB-3090_15"
"E-MTAB-3090","E-MTAB-3090_16"
"E-MTAB-3090","E-MTAB-3090_17"
"E-MTAB-3090","E-MTAB-3090_18"
"E-MTAB-3090","E-MTAB-3090_2"
"E-MTAB-3090","E-MTAB-3090_3"
"E-MTAB-3090","E-MTAB-3090_4"
"E-MTAB-3090","E-MTAB-3090_5"
"E-MTAB-3090","E-MTAB-3090_6"
"E-MTAB-3090","E-MTAB-3090_7"
"E-MTAB-3090","E-MTAB-3090_8"
"E-MTAB-3090","E-MTAB-3090_9"
"E-MTAB-657","E-MTAB-657_1"
"E-MTAB-657","E-MTAB-657_2"
"E-MTAB-657","E-MTAB-657_3"
"E-MTAB-657","E-MTAB-657_4"
"E-MTAB-657","E-MTAB-657_5"
"E-MTAB-657","E-MTAB-657_6"
"E-TABM-17","E-TABM-17_100"
"E-TABM-17","E-TABM-17_101"
"E-TABM-17","E-TABM-17_102"
"E-TABM-17","E-TABM-17_103"
"E-TABM-17","E-TABM-17_104"
"E-TABM-17","E-TABM-17_105"
"E-TABM-17","E-TABM-17_106"
"E-TABM-17","E-TABM-17_107"
"E-TABM-17","E-TABM-17_108"
"E-TABM-17","E-TABM-17_109"
"E-TABM-17","E-TABM-17_110"
"E-TABM-17","E-TABM-17_111"
"E-TABM-17","E-TABM-17_112"
"E-TABM-17","E-TABM-17_113"
"E-TABM-17","E-TABM-17_114"
"E-TABM-17","E-TABM-17_115"
"E-TABM-17","E-TABM-17_116"
"E-TABM-17","E-TABM-17_117"
"E-TABM-17","E-TABM-17_118"
"E-TABM-17","E-TABM-17_119"
"E-TABM-17","E-TABM-17_120"
"E-TABM-17","E-TABM-17_121"
"E-TABM-17","E-TABM-17_122"
"E-TABM-17","E-TABM-17_123"
"E-TABM-17","E-TABM-17_124"
"E-TABM-17","E-TABM-17_125"
"E-TABM-17","E-TABM-17_126"
"E-TABM-17","E-TABM-17_127"
"E-TABM-17","E-TABM-17_128"
"E-TABM-17","E-TABM-17_129"
"E-TABM-17","E-TABM-17_130"
"E-TABM-17","E-TABM-17_131"
"E-TABM-17","E-TABM-17_132"
"E-TABM-17","E-TABM-17_133"
"E-TABM-17","E-TABM-17_134"
"E-TABM-17","E-TABM-17_135"
"E-TABM-17","E-TABM-17_136"
"E-TABM-17","E-TABM-17_137"
"E-TABM-17","E-TABM-17_138"
"E-TABM-17","E-TABM-17_139"
"E-TABM-17","E-TABM-17_140"
"E-TABM-17","E-TABM-17_141"
"E-TABM-17","E-TABM-17_142"
"E-TABM-17","E-TABM-17_143"
"E-TABM-17","E-TABM-17_144"
"E-TABM-17","E-TABM-17_145"
"E-TABM-17","E-TABM-17_146"
"E-TABM-17","E-TABM-17_147"
"E-TABM-17","E-TABM-17_148"
"E-TABM-17","E-TABM-17_149"
"E-TABM-17","E-TABM-17_150"
"E-TABM-17","E-TABM-17_151"
"E-TABM-17","E-TABM-17_152"
"E-TABM-17","E-TABM-17_153"
"E-TABM-17","E-TABM-17_154"
"E-TABM-17","E-TABM-17_155"
"E-TABM-17","E-TABM-17_156"
"E-TABM-17","E-TABM-17_169"
"E-TABM-17","E-TABM-17_170"
"E-TABM-17","E-TABM-17_171"
"E-TABM-17","E-TABM-17_175"
"E-TABM-17","E-TABM-17_176"
"E-TABM-17","E-TABM-17_177"
"E-TABM-17","E-TABM-17_52"
"E-TABM-17","E-TABM-17_53"
"E-TABM-17","E-TABM-17_54"
"E-TABM-17","E-TABM-17_7"
"E-TABM-17","E-TABM-17_76"
"E-TABM-17","E-TABM-17_77"
"E-TABM-17","E-TABM-17_78"
"E-TABM-17","E-TABM-17_79"
"E-TABM-17","E-TABM-17_8"
"E-TABM-17","E-TABM-17_80"
"E-TABM-17","E-TABM-17_81"
"E-TABM-17","E-TABM-17_82"
"E-TABM-17","E-TABM-17_83"
"E-TABM-17","E-TABM-17_84"
"E-TABM-17","E-TABM-17_85"
"E-TABM-17","E-TABM-17_86"
"E-TABM-17","E-TABM-17_87"
"E-TABM-17","E-TABM-17_88"
"E-TABM-17","E-TABM-17_89"
"E-TABM-17","E-TABM-17_9"
"E-TABM-17","E-TABM-17_90"
"E-TABM-17","E-TABM-17_91"
"E-TABM-17","E-TABM-17_92"
"E-TABM-17","E-TABM-17_93"
"E-TABM-17","E-TABM-17_94"
"E-TABM-17","E-TABM-17_95"
"E-TABM-17","E-TABM-17_96"
"E-TABM-17","E-TABM-17_97"
"E-TABM-17","E-TABM-17_98"
"E-TABM-17","E-TABM-17_99"
"E-TABM-63","E-TABM-63_1"
"E-TABM-63","E-TABM-63_15"
"E-TABM-63","E-TABM-63_16"
"E-TABM-63","E-TABM-63_17"
"E-TABM-63","E-TABM-63_18"
"E-TABM-63","E-TABM-63_2"
"E-TABM-63","E-TABM-63_3"
"E-TABM-63","E-TABM-63_4"
"E-TABM-63","E-TABM-63_5"
"E-TABM-63","E-TABM-63_6"
"E-TABM-63","E-TABM-63_7"
"E-TABM-63","E-TABM-63_8"
"GSE10019","GSE10019_GSM253193"
"GSE10019","GSE10019_GSM253194"
"GSE10019","GSE10019_GSM253195"
"GSE10019","GSE10019_GSM253196"
"GSE10019","GSE10019_GSM253197"
"GSE10019","GSE10019_GSM253198"
"GSE10019","GSE10019_GSM253199"
"GSE10019","GSE10019_GSM253200"
"GSE10019","GSE10019_GSM253201"
"GSE10247","GSE10247_GSM258002"
"GSE10247","GSE10247_GSM258003"
"GSE10247","GSE10247_GSM258004"
"GSE106322","GSE106322_GSM2835939"
"GSE106322","GSE106322_GSM2835940"
"GSE106322","GSE106322_GSM2835941"
"GSE106322","GSE106322_GSM2835942"
"GSE106322","GSE106322_GSM2835943"
"GSE106322","GSE106322_GSM2835944"
"GSE106322","GSE106322_GSM2835945"
"GSE106322","GSE106322_GSM2835946"
"GSE106322","GSE106322_GSM2835947"
"GSE106322","GSE106322_GSM2835948"
"GSE106322","GSE106322_GSM2835949"
"GSE106322","GSE106322_GSM2835950"
"GSE12316","GSE12316_GSM309553"
"GSE12316","GSE12316_GSM309554"
"GSE13927","GSE13927_GSM350799"
"GSE13927","GSE13927_GSM350800"
"GSE13927","GSE13927_GSM350801"
"GSE13927","GSE13927_GSM350802"
"GSE13927","GSE13927_GSM350803"
"GSE13927","GSE13927_GSM350804"
"GSE13927","GSE13927_GSM350805"
"GSE13927","GSE13927_GSM350806"
"GSE13929","GSE13929_GSM350855"
"GSE13929","GSE13929_GSM350856"
"GSE13929","GSE13929_GSM350857"
"GSE13929","GSE13929_GSM350858"
"GSE13929","GSE13929_GSM350859"
"GSE13929","GSE13929_GSM350860"
"GSE13929","GSE13929_GSM426497"
"GSE13929","GSE13929_GSM426498"
"GSE13929","GSE13929_GSM426499"
"GSE13929","GSE13929_GSM426500"
"GSE13929","GSE13929_GSM426501"
"GSE13929","GSE13929_GSM426502"
"GSE13929","GSE13929_GSM426503"
"GSE13929","GSE13929_GSM426504"
"GSE13929","GSE13929_GSM426505"
"GSE13930","GSE13930_GSM350861"
"GSE13930","GSE13930_GSM350862"
"GSE13930","GSE13930_GSM350863"
"GSE13930","GSE13930_GSM350864"
"GSE13930","GSE13930_GSM350865"
"GSE13930","GSE13930_GSM350866"
"GSE13930","GSE13930_GSM350867"
"GSE13930","GSE13930_GSM350868"
"GSE13930","GSE13930_GSM350869"
"GSE14106","GSE14106_GSM350799"
"GSE14106","GSE14106_GSM350800"
"GSE14106","GSE14106_GSM350801"
"GSE14106","GSE14106_GSM350802"
"GSE14106","GSE14106_GSM350803"
"GSE14106","GSE14106_GSM350804"
"GSE14106","GSE14106_GSM350805"
"GSE14106","GSE14106_GSM350806"
"GSE14106","GSE14106_GSM350855"
"GSE14106","GSE14106_GSM350856"
"GSE14106","GSE14106_GSM350857"
"GSE14106","GSE14106_GSM350858"
"GSE14106","GSE14106_GSM350859"
"GSE14106","GSE14106_GSM350860"
"GSE14106","GSE14106_GSM350861"
"GSE14106","GSE14106_GSM350862"
"GSE14106","GSE14106_GSM350863"
"GSE14106","GSE14106_GSM350864"
"GSE14106","GSE14106_GSM350865"
"GSE14106","GSE14106_GSM350866"
"GSE14106","GSE14106_GSM350867"
"GSE14106","GSE14106_GSM350868"
"GSE14106","GSE14106_GSM350869"
"GSE14106","GSE14106_GSM426497"
"GSE14106","GSE14106_GSM426498"
"GSE14106","GSE14106_GSM426499"
"GSE14106","GSE14106_GSM426500"
"GSE14106","GSE14106_GSM426501"
"GSE14106","GSE14106_GSM426502"
"GSE14106","GSE14106_GSM426503"
"GSE14106","GSE14106_GSM426504"
"GSE14106","GSE14106_GSM426505"
"GSE15555","GSE15555_GSM389253"
"GSE15555","GSE15555_GSM389291"
"GSE15555","GSE15555_GSM389292"
"GSE15555","GSE15555_GSM389293"
"GSE15555","GSE15555_GSM389465"
"GSE15555","GSE15555_GSM389466"
"GSE15555","GSE15555_GSM389467"
"GSE15555","GSE15555_GSM389468"
"GSE15555","GSE15555_GSM389469"
"GSE15555","GSE15555_GSM389470"
"GSE15555","GSE15555_GSM389471"
"GSE15601","GSE15601_GSM390161"
"GSE15601","GSE15601_GSM390162"
"GSE15601","GSE15601_GSM390163"
"GSE15601","GSE15601_GSM390164"
"GSE15601","GSE15601_GSM390165"
"GSE15601","GSE15601_GSM390166"
"GSE15601","GSE15601_GSM390167"
"GSE15601","GSE15601_GSM390168"
"GSE15617","GSE15617_GSM131528"
"GSE15617","GSE15617_GSM131529"
"GSE15617","GSE15617_GSM131530"
"GSE15617","GSE15617_GSM131585"
"GSE15617","GSE15617_GSM131586"
"GSE15617","GSE15617_GSM131587"
"GSE15617","GSE15617_GSM131588"
"GSE15617","GSE15617_GSM131589"
"GSE15617","GSE15617_GSM131590"
"GSE15617","GSE15617_GSM131591"
"GSE15617","GSE15617_GSM131592"
"GSE15617","GSE15617_GSM131593"
"GSE15617","GSE15617_GSM131594"
"GSE15617","GSE15617_GSM131595"
"GSE15617","GSE15617_GSM131596"
"GSE15617","GSE15617_GSM131600"
"GSE15617","GSE15617_GSM131601"
"GSE15617","GSE15617_GSM131602"
"GSE15617","GSE15617_GSM131603"
"GSE15617","GSE15617_GSM131604"
"GSE15617","GSE15617_GSM131605"
"GSE15617","GSE15617_GSM131606"
"GSE15617","GSE15617_GSM131607"
"GSE15617","GSE15617_GSM131608"
"GSE15617","GSE15617_GSM131609"
"GSE15617","GSE15617_GSM131610"
"GSE15617","GSE15617_GSM131611"
"GSE15617","GSE15617_GSM131612"
"GSE15617","GSE15617_GSM131613"
"GSE15617","GSE15617_GSM131614"
"GSE15617","GSE15617_GSM131636"
"GSE15617","GSE15617_GSM131637"
"GSE15617","GSE15617_GSM131638"
"GSE15617","GSE15617_GSM390161"
"GSE15617","GSE15617_GSM390162"
"GSE15617","GSE15617_GSM390163"
"GSE15617","GSE15617_GSM390164"
"GSE15617","GSE15617_GSM390165"
"GSE15617","GSE15617_GSM390166"
"GSE15617","GSE15617_GSM390167"
"GSE15617","GSE15617_GSM390168"
"GSE15971","GSE15971_GSM400269"
"GSE15971","GSE15971_GSM400274"
"GSE15971","GSE15971_GSM400275"
"GSE15971","GSE15971_GSM400277"
"GSE15971","GSE15971_GSM400283"
"GSE15971","GSE15971_GSM400284"
"GSE16056","GSE16056_GSM402184"
"GSE16056","GSE16056_GSM402185"
"GSE16056","GSE16056_GSM402186"
"GSE16056","GSE16056_GSM402187"
"GSE16056","GSE16056_GSM402188"
"GSE16056","GSE16056_GSM402189"
"GSE16056","GSE16056_GSM402190"
"GSE16056","GSE16056_GSM402191"
"GSE17343","GSE17343_GSM433634"
"GSE17343","GSE17343_GSM433635"
"GSE17343","GSE17343_GSM433636"
"GSE17343","GSE17343_GSM433637"
"GSE17343","GSE17343_GSM433638"
"GSE17343","GSE17343_GSM433639"
"GSE17343","GSE17343_GSM433640"
"GSE17343","GSE17343_GSM433641"
"GSE17343","GSE17343_GSM433642"
"GSE17343","GSE17343_GSM433643"
"GSE17343","GSE17343_GSM433644"
"GSE17343","GSE17343_GSM433645"
"GSE17343","GSE17343_GSM433646"
"GSE17343","GSE17343_GSM433647"
"GSE17343","GSE17343_GSM433648"
"GSE18225","GSE18225_GSM455519"
"GSE18225","GSE18225_GSM455520"
"GSE18225","GSE18225_GSM455521"
"GSE18225","GSE18225_GSM455522"
"GSE18225","GSE18225_GSM455523"
"GSE18225","GSE18225_GSM455524"
"GSE18225","GSE18225_GSM455525"
"GSE18225","GSE18225_GSM455526"
"GSE18225","GSE18225_GSM455527"
"GSE19256","GSE19256_GSM477844"
"GSE19256","GSE19256_GSM477845"
"GSE19256","GSE19256_GSM477846"
"GSE19256","GSE19256_GSM477847"
"GSE19267","GSE19267_GSM477985"
"GSE19267","GSE19267_GSM477986"
"GSE19267","GSE19267_GSM477987"
"GSE19267","GSE19267_GSM477988"
"GSE19267","GSE19267_GSM477989"
"GSE19267","GSE19267_GSM477990"
"GSE19267","GSE19267_GSM477991"
"GSE19267","GSE19267_GSM477992"
"GSE19267","GSE19267_GSM477993"
"GSE19267","GSE19267_GSM477994"
"GSE19267","GSE19267_GSM477995"
"GSE19267","GSE19267_GSM477996"
"GSE20224","GSE20224_GSM507037"
"GSE20224","GSE20224_GSM507038"
"GSE20224","GSE20224_GSM507039"
"GSE20224","GSE20224_GSM507040"
"GSE20224","GSE20224_GSM507041"
"GSE20224","GSE20224_GSM507042"
"GSE20227","GSE20227_GSM507063"
"GSE20227","GSE20227_GSM507064"
"GSE20227","GSE20227_GSM507065"
"GSE20227","GSE20227_GSM507066"
"GSE20227","GSE20227_GSM507067"
"GSE20227","GSE20227_GSM507068"
"GSE21945","GSE21945_GSM545850"
"GSE21945","GSE21945_GSM545851"
"GSE21945","GSE21945_GSM545852"
"GSE21945","GSE21945_GSM545853"
"GSE21945","GSE21945_GSM545854"
"GSE21945","GSE21945_GSM545860"
"GSE23027","GSE23027_GSM568422"
"GSE23027","GSE23027_GSM568423"
"GSE23027","GSE23027_GSM568424"
"GSE23027","GSE23027_GSM568425"
"GSE2473","GSE2473_GSM47011"
"GSE2473","GSE2473_GSM47012"
"GSE2473","GSE2473_GSM47013"
"GSE2473","GSE2473_GSM47014"
"GSE2473","GSE2473_GSM47015"
"GSE2473","GSE2473_GSM47016"
"GSE2473","GSE2473_GSM47017"
"GSE2473","GSE2473_GSM47018"
"GSE2473","GSE2473_GSM47019"
"GSE2473","GSE2473_GSM47020"
"GSE2473","GSE2473_GSM47021"
"GSE2473","GSE2473_GSM47022"
"GSE2473","GSE2473_GSM47023"
"GSE2473","GSE2473_GSM47024"
"GSE2473","GSE2473_GSM47025"
"GSE2473","GSE2473_GSM47026"
"GSE2473","GSE2473_GSM47027"
"GSE2473","GSE2473_GSM47028"
"GSE2473","GSE2473_GSM47029"
"GSE2473","GSE2473_GSM47030"
"GSE2473","GSE2473_GSM47031"
"GSE2473","GSE2473_GSM47032"
"GSE2473","GSE2473_GSM47033"
"GSE2473","GSE2473_GSM47034"
"GSE2473","GSE2473_GSM47035"
"GSE2473","GSE2473_GSM47036"
"GSE2473","GSE2473_GSM47037"
"GSE2473","GSE2473_GSM47038"
"GSE2473","GSE2473_GSM47039"
"GSE2473","GSE2473_GSM47040"
"GSE2473","GSE2473_GSM47041"
"GSE2473","GSE2473_GSM47042"
"GSE2473","GSE2473_GSM47043"
"GSE2473","GSE2473_GSM47044"
"GSE2473","GSE2473_GSM47045"
"GSE2473","GSE2473_GSM47046"
"GSE2473","GSE2473_GSM47047"
"GSE2473","GSE2473_GSM47048"
"GSE2473","GSE2473_GSM47049"
"GSE2473","GSE2473_GSM47050"
"GSE2473","GSE2473_GSM47051"
"GSE2473","GSE2473_GSM47052"
"GSE2473","GSE2473_GSM47053"
"GSE2473","GSE2473_GSM47054"
"GSE27281","GSE27281_GSM674587"
"GSE27281","GSE27281_GSM674588"
"GSE27281","GSE27281_GSM674589"
"GSE27281","GSE27281_GSM674590"
"GSE27281","GSE27281_GSM674591"
"GSE27281","GSE27281_GSM674592"
"GSE27281","GSE27281_GSM674593"
"GSE27281","GSE27281_GSM674594"
"GSE27281","GSE27281_GSM674595"
"GSE27281","GSE27281_GSM674596"
"GSE2847","GSE2847_GSM62687"
"GSE2847","GSE2847_GSM62688"
"GSE2847","GSE2847_GSM62689"
"GSE2847","GSE2847_GSM62690"
"GSE2847","GSE2847_GSM62691"
"GSE2847","GSE2847_GSM62692"
"GSE2847","GSE2847_GSM62693"
"GSE2848","GSE2848_GSM62694"
"GSE2848","GSE2848_GSM62695"
"GSE2848","GSE2848_GSM62696"
"GSE2848","GSE2848_GSM62698"
"GSE2848","GSE2848_GSM62699"
"GSE2848","GSE2848_GSM62700"
"GSE2848","GSE2848_GSM62702"
"GSE2848","GSE2848_GSM62703"
"GSE2848","GSE2848_GSM62704"
"GSE30492","GSE30492_GSM756396"
"GSE30492","GSE30492_GSM756397"
"GSE30492","GSE30492_GSM756398"
"GSE30492","GSE30492_GSM756399"
"GSE30492","GSE30492_GSM756400"
"GSE30492","GSE30492_GSM756401"
"GSE30492","GSE30492_GSM756402"
"GSE30492","GSE30492_GSM756403"
"GSE30492","GSE30492_GSM756404"
"GSE30492","GSE30492_GSM756405"
"GSE30492","GSE30492_GSM756406"
"GSE30492","GSE30492_GSM756407"
"GSE30492","GSE30492_GSM756408"
"GSE30492","GSE30492_GSM756409"
"GSE30492","GSE30492_GSM756410"
"GSE30492","GSE30492_GSM756411"
"GSE3056","GSE3056_GSM67078"
"GSE3056","GSE3056_GSM67079"
"GSE3056","GSE3056_GSM67080"
"GSE3056","GSE3056_GSM67081"
"GSE3056","GSE3056_GSM67084"
"GSE3056","GSE3056_GSM67086"
"GSE3056","GSE3056_GSM67087"
"GSE31537","GSE31537_GSM782770"
"GSE31537","GSE31537_GSM782771"
"GSE31537","GSE31537_GSM782772"
"GSE32193","GSE32193_GSM797716"
"GSE32193","GSE32193_GSM797717"
"GSE32193","GSE32193_GSM797718"
"GSE32193","GSE32193_GSM797719"
"GSE32193","GSE32193_GSM797720"
"GSE32193","GSE32193_GSM797721"
"GSE32193","GSE32193_GSM797722"
"GSE32193","GSE32193_GSM797723"
"GSE32193","GSE32193_GSM797724"
"GSE32193","GSE32193_GSM797725"
"GSE32193","GSE32193_GSM797726"
"GSE32193","GSE32193_GSM797727"
"GSE32193","GSE32193_GSM797728"
"GSE32193","GSE32193_GSM797729"
"GSE32193","GSE32193_GSM797730"
"GSE32193","GSE32193_GSM797731"
"GSE32193","GSE32193_GSM797732"
"GSE32193","GSE32193_GSM797733"
"GSE35166","GSE35166_GSM862899"
"GSE35166","GSE35166_GSM862900"
"GSE35166","GSE35166_GSM862901"
"GSE35166","GSE35166_GSM862902"
"GSE35166","GSE35166_GSM862903"
"GSE35166","GSE35166_GSM862904"
"GSE35166","GSE35166_GSM862905"
"GSE35166","GSE35166_GSM862906"
"GSE35166","GSE35166_GSM862907"
"GSE38486","GSE38486_GSM943447"
"GSE38486","GSE38486_GSM943448"
"GSE38486","GSE38486_GSM943449"
"GSE38486","GSE38486_GSM943450"
"GSE38486","GSE38486_GSM943453"
"GSE38486","GSE38486_GSM943454"
"GSE38486","GSE38486_GSM943455"
"GSE38486","GSE38486_GSM943456"
"GSE40861","GSE40861_GSM1003638"
"GSE40861","GSE40861_GSM1003639"
"GSE40861","GSE40861_GSM1003640"
"GSE40861","GSE40861_GSM1003641"
"GSE40861","GSE40861_GSM1003642"
"GSE40861","GSE40861_GSM1003643"
"GSE40998","GSE40998_GSM1006615"
"GSE40998","GSE40998_GSM1006616"
"GSE40998","GSE40998_GSM1006617"
"GSE40998","GSE40998_GSM1006618"
"GSE40998","GSE40998_GSM1006619"
"GSE40998","GSE40998_GSM1006620"
"GSE40998","GSE40998_GSM1006621"
"GSE40998","GSE40998_GSM1006622"
"GSE40998","GSE40998_GSM1006623"
"GSE40998","GSE40998_GSM1006624"
"GSE40998","GSE40998_GSM1006625"
"GSE40998","GSE40998_GSM1006626"
"GSE40998","GSE40998_GSM1006627"
"GSE40998","GSE40998_GSM1006628"
"GSE40998","GSE40998_GSM1006629"
"GSE40998","GSE40998_GSM1006630"
"GSE40998","GSE40998_GSM1006631"
"GSE40998","GSE40998_GSM1006632"
"GSE41099","GSE41099_GSM1008526"
"GSE41099","GSE41099_GSM1008527"
"GSE41099","GSE41099_GSM1008528"
"GSE41099","GSE41099_GSM1008529"
"GSE42403","GSE42403_GSM1039215"
"GSE42403","GSE42403_GSM1039216"
"GSE42403","GSE42403_GSM1039217"
"GSE42403","GSE42403_GSM1039218"
"GSE42403","GSE42403_GSM1039219"
"GSE42403","GSE42403_GSM1039220"
"GSE42841","GSE42841_GSM1051238"
"GSE42841","GSE42841_GSM1051239"
"GSE42841","GSE42841_GSM1051240"
"GSE42841","GSE42841_GSM1051241"
"GSE42841","GSE42841_GSM1051242"
"GSE43299","GSE43299_GSM1060242"
"GSE43299","GSE43299_GSM1060243"
"GSE43299","GSE43299_GSM1060244"
"GSE43299","GSE43299_GSM1060245"
"GSE43299","GSE43299_GSM1060246"
"GSE43299","GSE43299_GSM1060247"
"GSE43299","GSE43299_GSM1060248"
"GSE43299","GSE43299_GSM1060249"
"GSE43299","GSE43299_GSM1060250"
"GSE43724","GSE43724_GSM1069716"
"GSE43724","GSE43724_GSM1069717"
"GSE43724","GSE43724_GSM1069718"
"GSE43724","GSE43724_GSM1069719"
"GSE43724","GSE43724_GSM1069720"
"GSE43724","GSE43724_GSM1069721"
"GSE44405","GSE44405_GSM1084576"
"GSE44405","GSE44405_GSM1084577"
"GSE44405","GSE44405_GSM1084578"
"GSE44405","GSE44405_GSM1084579"
"GSE44405","GSE44405_GSM1084580"
"GSE44405","GSE44405_GSM1084581"
"GSE44405","GSE44405_GSM1084582"
"GSE44405","GSE44405_GSM1084583"
"GSE44405","GSE44405_GSM1084584"
"GSE46050","GSE46050_GSM1122562"
"GSE46050","GSE46050_GSM1122563"
"GSE46050","GSE46050_GSM1122564"
"GSE46050","GSE46050_GSM1122565"
"GSE46050","GSE46050_GSM1122566"
"GSE46050","GSE46050_GSM1122567"
"GSE4733","GSE4733_GSM106825"
"GSE4733","GSE4733_GSM106827"
"GSE4733","GSE4733_GSM106828"
"GSE4733","GSE4733_GSM106833"
"GSE4733","GSE4733_GSM106907"
"GSE4733","GSE4733_GSM106908"
"GSE4733","GSE4733_GSM106909"
"GSE4733","GSE4733_GSM106910"
"GSE4733","GSE4733_GSM106911"
"GSE4733","GSE4733_GSM106912"
"GSE4733","GSE4733_GSM106913"
"GSE4733","GSE4733_GSM106914"
"GSE4733","GSE4733_GSM106915"
"GSE4733","GSE4733_GSM106916"
"GSE4733","GSE4733_GSM106917"
"GSE4733","GSE4733_GSM106919"
"GSE4733","GSE4733_GSM106920"
"GSE4733","GSE4733_GSM106921"
"GSE4733","GSE4733_GSM106922"
"GSE4733","GSE4733_GSM106923"
"GSE4733","GSE4733_GSM106924"
"GSE4733","GSE4733_GSM106934"
"GSE4733","GSE4733_GSM106966"
"GSE4733","GSE4733_GSM106967"
"GSE4733","GSE4733_GSM106969"
"GSE4733","GSE4733_GSM106970"
"GSE4733","GSE4733_GSM106973"
"GSE52067","GSE52067_GSM1258175"
"GSE52067","GSE52067_GSM1258176"
"GSE52067","GSE52067_GSM1258177"
"GSE52067","GSE52067_GSM1258178"
"GSE52067","GSE52067_GSM1258179"
"GSE52067","GSE52067_GSM1258180"
"GSE52067","GSE52067_GSM1258181"
"GSE52067","GSE52067_GSM1258182"
"GSE52952","GSE52952_GSM1258175"
"GSE52952","GSE52952_GSM1258176"
"GSE52952","GSE52952_GSM1258177"
"GSE52952","GSE52952_GSM1258178"
"GSE52952","GSE52952_GSM1258179"
"GSE52952","GSE52952_GSM1258180"
"GSE52952","GSE52952_GSM1258181"
"GSE52952","GSE52952_GSM1258182"
"GSE53016","GSE53016_GSM1280388"
"GSE53016","GSE53016_GSM1280389"
"GSE53016","GSE53016_GSM1280390"
"GSE53016","GSE53016_GSM1280391"
"GSE53016","GSE53016_GSM1280392"
"GSE53016","GSE53016_GSM1280393"
"GSE5526","GSE5526_GSM128729"
"GSE5526","GSE5526_GSM128730"
"GSE5526","GSE5526_GSM128731"
"GSE5526","GSE5526_GSM128732"
"GSE5526","GSE5526_GSM128733"
"GSE5526","GSE5526_GSM128734"
"GSE5533","GSE5533_GSM128781"
"GSE5533","GSE5533_GSM128782"
"GSE5533","GSE5533_GSM128783"
"GSE5533","GSE5533_GSM128784"
"GSE55431","GSE55431_GSM1336520"
"GSE55431","GSE55431_GSM1336521"
"GSE55431","GSE55431_GSM1336522"
"GSE55431","GSE55431_GSM1336523"
"GSE55431","GSE55431_GSM1336524"
"GSE55431","GSE55431_GSM1336525"
"GSE55431","GSE55431_GSM1336526"
"GSE55431","GSE55431_GSM1336527"
"GSE55431","GSE55431_GSM1336528"
"GSE55431","GSE55431_GSM1336529"
"GSE55799","GSE55799_GSM1346217"
"GSE55799","GSE55799_GSM1346218"
"GSE55799","GSE55799_GSM1346219"
"GSE55799","GSE55799_GSM1346220"
"GSE5632","GSE5632_GSM131576"
"GSE5632","GSE5632_GSM131577"
"GSE5632","GSE5632_GSM131578"
"GSE5632","GSE5632_GSM131579"
"GSE5632","GSE5632_GSM131580"
"GSE5632","GSE5632_GSM131581"
"GSE5632","GSE5632_GSM131582"
"GSE5632","GSE5632_GSM131583"
"GSE5632","GSE5632_GSM131584"
"GSE5632","GSE5632_GSM131585"
"GSE5632","GSE5632_GSM131586"
"GSE5632","GSE5632_GSM131587"
"GSE5632","GSE5632_GSM131588"
"GSE5632","GSE5632_GSM131589"
"GSE5632","GSE5632_GSM131590"
"GSE5632","GSE5632_GSM131591"
"GSE5632","GSE5632_GSM131592"
"GSE5632","GSE5632_GSM131593"
"GSE5632","GSE5632_GSM131594"
"GSE5632","GSE5632_GSM131595"
"GSE5632","GSE5632_GSM131596"
"GSE5632","GSE5632_GSM131597"
"GSE5632","GSE5632_GSM131598"
"GSE5632","GSE5632_GSM131599"
"GSE5632","GSE5632_GSM131600"
"GSE5632","GSE5632_GSM131601"
"GSE5632","GSE5632_GSM131602"
"GSE5632","GSE5632_GSM131603"
"GSE5632","GSE5632_GSM131604"
"GSE5632","GSE5632_GSM131605"
"GSE5632","GSE5632_GSM131606"
"GSE5632","GSE5632_GSM131607"
"GSE5632","GSE5632_GSM131608"
"GSE5632","GSE5632_GSM131609"
"GSE5632","GSE5632_GSM131610"
"GSE5632","GSE5632_GSM131611"
"GSE5632","GSE5632_GSM131612"
"GSE5632","GSE5632_GSM131613"
"GSE5632","GSE5632_GSM131614"
"GSE5632","GSE5632_GSM131615"
"GSE5632","GSE5632_GSM131616"
"GSE5632","GSE5632_GSM131617"
"GSE5632","GSE5632_GSM131618"
"GSE5632","GSE5632_GSM131619"
"GSE5632","GSE5632_GSM131620"
"GSE5632","GSE5632_GSM131621"
"GSE5632","GSE5632_GSM131622"
"GSE5632","GSE5632_GSM131623"
"GSE5632","GSE5632_GSM131624"
"GSE5632","GSE5632_GSM131625"
"GSE5632","GSE5632_GSM131626"
"GSE5632","GSE5632_GSM131627"
"GSE5632","GSE5632_GSM131628"
"GSE5632","GSE5632_GSM131629"
"GSE5632","GSE5632_GSM131630"
"GSE5632","GSE5632_GSM131631"
"GSE5632","GSE5632_GSM131632"
"GSE5632","GSE5632_GSM131633"
"GSE5632","GSE5632_GSM131634"
"GSE5632","GSE5632_GSM131635"
"GSE5632","GSE5632_GSM131636"
"GSE5632","GSE5632_GSM131637"
"GSE5632","GSE5632_GSM131638"
"GSE5632","GSE5632_GSM131639"
"GSE5632","GSE5632_GSM131640"
"GSE5632","GSE5632_GSM131641"
"GSE5633","GSE5633_GSM131643"
"GSE5633","GSE5633_GSM131644"
"GSE5633","GSE5633_GSM131645"
"GSE5633","GSE5633_GSM131661"
"GSE5633","GSE5633_GSM131662"
"GSE5633","GSE5633_GSM131663"
"GSE5633","GSE5633_GSM131664"
"GSE5633","GSE5633_GSM131665"
"GSE5633","GSE5633_GSM131666"
"GSE5633","GSE5633_GSM131667"
"GSE5633","GSE5633_GSM131668"
"GSE5633","GSE5633_GSM131669"
"GSE5633","GSE5633_GSM131670"
"GSE5633","GSE5633_GSM131671"
"GSE5633","GSE5633_GSM131672"
"GSE5633","GSE5633_GSM131673"
"GSE5633","GSE5633_GSM131674"
"GSE5633","GSE5633_GSM131675"
"GSE5633","GSE5633_GSM131676"
"GSE5633","GSE5633_GSM131677"
"GSE5633","GSE5633_GSM131678"
"GSE5633","GSE5633_GSM131679"
"GSE5633","GSE5633_GSM131680"
"GSE5633","GSE5633_GSM131681"
"GSE5633","GSE5633_GSM131682"
"GSE5633","GSE5633_GSM131683"
"GSE5633","GSE5633_GSM131684"
"GSE5729","GSE5729_GSM133747"
"GSE5729","GSE5729_GSM133748"
"GSE5729","GSE5729_GSM133749"
"GSE5729","GSE5729_GSM133750"
"GSE5729","GSE5729_GSM133751"
"GSE5729","GSE5729_GSM133752"
"GSE5729","GSE5729_GSM133753"
"GSE5729","GSE5729_GSM133754"
"GSE6149","GSE6149_GSM142597"
"GSE6149","GSE6149_GSM142598"
"GSE6149","GSE6149_GSM142599"
"GSE6149","GSE6149_GSM142600"
"GSE6149","GSE6149_GSM142601"
"GSE6149","GSE6149_GSM142602"
"GSE6149","GSE6149_GSM142603"
"GSE6149","GSE6149_GSM142604"
"GSE6162","GSE6162_GSM142734"
"GSE6162","GSE6162_GSM142735"
"GSE6162","GSE6162_GSM142736"
"GSE6162","GSE6162_GSM142737"
"GSE6162","GSE6162_GSM142738"
"GSE6162","GSE6162_GSM142739"
"GSE6162","GSE6162_GSM142740"
"GSE62213","GSE62213_GSM1522703"
"GSE62213","GSE62213_GSM1522705"
"GSE62213","GSE62213_GSM1522706"
"GSE62213","GSE62213_GSM1522708"
"GSE62213","GSE62213_GSM1522710"
"GSE62213","GSE62213_GSM1522712"
"GSE62213","GSE62213_GSM1522714"
"GSE62213","GSE62213_GSM1522716"
"GSE66419","GSE66419_GSM1622274"
"GSE66419","GSE66419_GSM1622275"
"GSE66419","GSE66419_GSM1622276"
"GSE66419","GSE66419_GSM1622277"
"GSE66419","GSE66419_GSM1622278"
"GSE66419","GSE66419_GSM1622279"
"GSE6696","GSE6696_GSM154503"
"GSE6696","GSE6696_GSM154504"
"GSE6696","GSE6696_GSM154505"
"GSE6696","GSE6696_GSM154506"
"GSE6696","GSE6696_GSM154507"
"GSE6696","GSE6696_GSM154508"
"GSE680","GSE680_GSM10441"
"GSE680","GSE680_GSM10442"
"GSE680","GSE680_GSM27359"
"GSE680","GSE680_GSM27363"
"GSE83291","GSE83291_GSM2198231"
"GSE83291","GSE83291_GSM2198232"
"GSE83291","GSE83291_GSM2198233"
"GSE83291","GSE83291_GSM2198234"
"GSE83291","GSE83291_GSM2198235"
"GSE83291","GSE83291_GSM2198236"
"GSE83291","GSE83291_GSM2198237"
"GSE83291","GSE83291_GSM2198238"
"GSE83291","GSE83291_GSM2198239"
"GSE83291","GSE83291_GSM2198240"
"GSE83291","GSE83291_GSM2198241"
"GSE83291","GSE83291_GSM2198242"
"GSE86643","GSE86643_GSM2308268"
"GSE86643","GSE86643_GSM2308269"
"GSE86643","GSE86643_GSM2308270"
"GSE86643","GSE86643_GSM2308271"
"GSE86643","GSE86643_GSM2308272"
"GSE86643","GSE86643_GSM2308273"
"GSE8994","GSE8994_GSM227611"
"GSE8994","GSE8994_GSM227612"
"GSE8994","GSE8994_GSM227618"
"GSE8994","GSE8994_GSM227619"
"GSE8994","GSE8994_GSM227620"
"GSE8994","GSE8994_GSM227621"
"GSE8994","GSE8994_GSM227622"
"GSE8994","GSE8994_GSM227623"
"GSE8994","GSE8994_GSM227624"
"GSE8994","GSE8994_GSM227625"
"GSE9201","GSE9201_GSM232881"
"GSE9201","GSE9201_GSM232882"
"GSE9201","GSE9201_GSM232883"
"GSE9201","GSE9201_GSM232884"
"GSE9201","GSE9201_GSM232885"
"GSE9201","GSE9201_GSM232886"
"GSE9201","GSE9201_GSM232887"
"GSE9201","GSE9201_GSM232888"
"GSE9201","GSE9201_GSM232889"
"GSE9201","GSE9201_GSM232890"
"GSE9408","GSE9408_GSM239251"
"GSE9408","GSE9408_GSM239252"
"GSE9408","GSE9408_GSM239253"
"GSE9408","GSE9408_GSM239254"
"GSE9605","GSE9605_GSM242953"
"GSE9605","GSE9605_GSM242954"
"GSE9605","GSE9605_GSM242955"
"GSE9605","GSE9605_GSM242956"
"GSE9605","GSE9605_GSM242957"
"GSE9605","GSE9605_GSM242958"
"GSE9605","GSE9605_GSM242959"
"GSE9605","GSE9605_GSM242960"
"GSE9605","GSE9605_GSM242961"
"GSE9605","GSE9605_GSM242962"
"GSE9605","GSE9605_GSM242963"
"GSE9605","GSE9605_GSM242964"
"GSE9702","GSE9702_GSM245236"
"GSE9702","GSE9702_GSM245237"
"GSE9702","GSE9702_GSM245238"
"GSE9702","GSE9702_GSM245251"
"GSE9702","GSE9702_GSM245252"
"GSE9702","GSE9702_GSM245253"
"GSE9702","GSE9702_GSM245254"
"GSE9702","GSE9702_GSM245255"
"GSE9702","GSE9702_GSM245256"
"NASC-48","NASC-48_Honys_BCP1"
"NASC-48","NASC-48_Honys_BCP2"
"NASC-48","NASC-48_Honys_MPG1"
"NASC-48","NASC-48_Honys_TCP2"
"NASC-48","NASC-48_Honys_UNM1"
"NASC-48","NASC-48_Honys_UNM2"
