"E-ATMX-19","E-ATMX-19_1"
"E-ATMX-19","E-ATMX-19_2"
"E-ATMX-19","E-ATMX-19_3"
"E-ATMX-19","E-ATMX-19_4"
"E-ATMX-19","E-ATMX-19_5"
"E-ATMX-19","E-ATMX-19_6"
"E-ATMX-19","E-ATMX-19_7"
"E-ATMX-19","E-ATMX-19_8"
"E-ATMX-19","E-ATMX-19_9"
"E-ATMX-28","E-ATMX-28_1"
"E-ATMX-28","E-ATMX-28_2"
"E-ATMX-28","E-ATMX-28_3"
"E-ATMX-28","E-ATMX-28_4"
"E-MEXP-1934","E-MEXP-1934_1"
"E-MEXP-1934","E-MEXP-1934_10"
"E-MEXP-1934","E-MEXP-1934_11"
"E-MEXP-1934","E-MEXP-1934_12"
"E-MEXP-1934","E-MEXP-1934_13"
"E-MEXP-1934","E-MEXP-1934_14"
"E-MEXP-1934","E-MEXP-1934_15"
"E-MEXP-1934","E-MEXP-1934_16"
"E-MEXP-1934","E-MEXP-1934_17"
"E-MEXP-1934","E-MEXP-1934_18"
"E-MEXP-1934","E-MEXP-1934_3"
"E-MEXP-1934","E-MEXP-1934_4"
"E-MEXP-1934","E-MEXP-1934_5"
"E-MEXP-1934","E-MEXP-1934_6"
"E-MEXP-1934","E-MEXP-1934_7"
"E-MEXP-1934","E-MEXP-1934_8"
"E-MEXP-1934","E-MEXP-1934_9"
"E-MEXP-1957","E-MEXP-1957_1"
"E-MEXP-1957","E-MEXP-1957_10"
"E-MEXP-1957","E-MEXP-1957_11"
"E-MEXP-1957","E-MEXP-1957_12"
"E-MEXP-1957","E-MEXP-1957_13"
"E-MEXP-1957","E-MEXP-1957_14"
"E-MEXP-1957","E-MEXP-1957_15"
"E-MEXP-1957","E-MEXP-1957_16"
"E-MEXP-1957","E-MEXP-1957_17"
"E-MEXP-1957","E-MEXP-1957_18"
"E-MEXP-1957","E-MEXP-1957_19"
"E-MEXP-1957","E-MEXP-1957_2"
"E-MEXP-1957","E-MEXP-1957_20"
"E-MEXP-1957","E-MEXP-1957_21"
"E-MEXP-1957","E-MEXP-1957_22"
"E-MEXP-1957","E-MEXP-1957_23"
"E-MEXP-1957","E-MEXP-1957_24"
"E-MEXP-1957","E-MEXP-1957_25"
"E-MEXP-1957","E-MEXP-1957_26"
"E-MEXP-1957","E-MEXP-1957_27"
"E-MEXP-1957","E-MEXP-1957_28"
"E-MEXP-1957","E-MEXP-1957_29"
"E-MEXP-1957","E-MEXP-1957_3"
"E-MEXP-1957","E-MEXP-1957_30"
"E-MEXP-1957","E-MEXP-1957_31"
"E-MEXP-1957","E-MEXP-1957_32"
"E-MEXP-1957","E-MEXP-1957_33"
"E-MEXP-1957","E-MEXP-1957_34"
"E-MEXP-1957","E-MEXP-1957_35"
"E-MEXP-1957","E-MEXP-1957_36"
"E-MEXP-1957","E-MEXP-1957_4"
"E-MEXP-1957","E-MEXP-1957_5"
"E-MEXP-1957","E-MEXP-1957_6"
"E-MEXP-1957","E-MEXP-1957_7"
"E-MEXP-1957","E-MEXP-1957_8"
"E-MEXP-1957","E-MEXP-1957_9"
"E-MEXP-3791","E-MEXP-3791_1"
"E-MEXP-3791","E-MEXP-3791_10"
"E-MEXP-3791","E-MEXP-3791_11"
"E-MEXP-3791","E-MEXP-3791_12"
"E-MEXP-3791","E-MEXP-3791_13"
"E-MEXP-3791","E-MEXP-3791_14"
"E-MEXP-3791","E-MEXP-3791_15"
"E-MEXP-3791","E-MEXP-3791_16"
"E-MEXP-3791","E-MEXP-3791_17"
"E-MEXP-3791","E-MEXP-3791_18"
"E-MEXP-3791","E-MEXP-3791_19"
"E-MEXP-3791","E-MEXP-3791_2"
"E-MEXP-3791","E-MEXP-3791_20"
"E-MEXP-3791","E-MEXP-3791_21"
"E-MEXP-3791","E-MEXP-3791_22"
"E-MEXP-3791","E-MEXP-3791_23"
"E-MEXP-3791","E-MEXP-3791_24"
"E-MEXP-3791","E-MEXP-3791_3"
"E-MEXP-3791","E-MEXP-3791_4"
"E-MEXP-3791","E-MEXP-3791_5"
"E-MEXP-3791","E-MEXP-3791_6"
"E-MEXP-3791","E-MEXP-3791_7"
"E-MEXP-3791","E-MEXP-3791_8"
"E-MEXP-3791","E-MEXP-3791_9"
"E-MEXP-449","E-MEXP-449_1"
"E-MEXP-449","E-MEXP-449_10"
"E-MEXP-449","E-MEXP-449_11"
"E-MEXP-449","E-MEXP-449_12"
"E-MEXP-449","E-MEXP-449_2"
"E-MEXP-449","E-MEXP-449_3"
"E-MEXP-449","E-MEXP-449_4"
"E-MEXP-449","E-MEXP-449_5"
"E-MEXP-449","E-MEXP-449_6"
"E-MEXP-449","E-MEXP-449_7"
"E-MEXP-449","E-MEXP-449_8"
"E-MEXP-449","E-MEXP-449_9"
"E-MEXP-550","E-MEXP-550_1"
"E-MEXP-550","E-MEXP-550_10"
"E-MEXP-550","E-MEXP-550_11"
"E-MEXP-550","E-MEXP-550_12"
"E-MEXP-550","E-MEXP-550_13"
"E-MEXP-550","E-MEXP-550_14"
"E-MEXP-550","E-MEXP-550_15"
"E-MEXP-550","E-MEXP-550_16"
"E-MEXP-550","E-MEXP-550_17"
"E-MEXP-550","E-MEXP-550_18"
"E-MEXP-550","E-MEXP-550_19"
"E-MEXP-550","E-MEXP-550_2"
"E-MEXP-550","E-MEXP-550_20"
"E-MEXP-550","E-MEXP-550_3"
"E-MEXP-550","E-MEXP-550_5"
"E-MEXP-550","E-MEXP-550_6"
"E-MEXP-550","E-MEXP-550_7"
"E-MEXP-550","E-MEXP-550_8"
"E-MEXP-550","E-MEXP-550_9"
"E-MEXP-557","E-MEXP-557_1"
"E-MEXP-557","E-MEXP-557_10"
"E-MEXP-557","E-MEXP-557_11"
"E-MEXP-557","E-MEXP-557_12"
"E-MEXP-557","E-MEXP-557_13"
"E-MEXP-557","E-MEXP-557_14"
"E-MEXP-557","E-MEXP-557_15"
"E-MEXP-557","E-MEXP-557_16"
"E-MEXP-557","E-MEXP-557_2"
"E-MEXP-557","E-MEXP-557_3"
"E-MEXP-557","E-MEXP-557_4"
"E-MEXP-557","E-MEXP-557_5"
"E-MEXP-557","E-MEXP-557_6"
"E-MEXP-557","E-MEXP-557_7"
"E-MEXP-557","E-MEXP-557_8"
"E-MEXP-557","E-MEXP-557_9"
"E-MTAB-1344","E-MTAB-1344_1"
"E-MTAB-1344","E-MTAB-1344_10"
"E-MTAB-1344","E-MTAB-1344_11"
"E-MTAB-1344","E-MTAB-1344_12"
"E-MTAB-1344","E-MTAB-1344_13"
"E-MTAB-1344","E-MTAB-1344_14"
"E-MTAB-1344","E-MTAB-1344_15"
"E-MTAB-1344","E-MTAB-1344_16"
"E-MTAB-1344","E-MTAB-1344_17"
"E-MTAB-1344","E-MTAB-1344_18"
"E-MTAB-1344","E-MTAB-1344_19"
"E-MTAB-1344","E-MTAB-1344_2"
"E-MTAB-1344","E-MTAB-1344_20"
"E-MTAB-1344","E-MTAB-1344_21"
"E-MTAB-1344","E-MTAB-1344_22"
"E-MTAB-1344","E-MTAB-1344_23"
"E-MTAB-1344","E-MTAB-1344_24"
"E-MTAB-1344","E-MTAB-1344_3"
"E-MTAB-1344","E-MTAB-1344_4"
"E-MTAB-1344","E-MTAB-1344_5"
"E-MTAB-1344","E-MTAB-1344_6"
"E-MTAB-1344","E-MTAB-1344_7"
"E-MTAB-1344","E-MTAB-1344_8"
"E-MTAB-1344","E-MTAB-1344_9"
"E-MTAB-403","E-MTAB-403_1"
"E-MTAB-403","E-MTAB-403_10"
"E-MTAB-403","E-MTAB-403_11"
"E-MTAB-403","E-MTAB-403_12"
"E-MTAB-403","E-MTAB-403_13"
"E-MTAB-403","E-MTAB-403_14"
"E-MTAB-403","E-MTAB-403_15"
"E-MTAB-403","E-MTAB-403_2"
"E-MTAB-403","E-MTAB-403_3"
"E-MTAB-403","E-MTAB-403_4"
"E-MTAB-403","E-MTAB-403_5"
"E-MTAB-403","E-MTAB-403_6"
"E-MTAB-403","E-MTAB-403_7"
"E-MTAB-403","E-MTAB-403_8"
"E-MTAB-403","E-MTAB-403_9"
"GSE10464","GSE10464_GSM264761"
"GSE10464","GSE10464_GSM264762"
"GSE10464","GSE10464_GSM264763"
"GSE10464","GSE10464_GSM264764"
"GSE10464","GSE10464_GSM264765"
"GSE10464","GSE10464_GSM264766"
"GSE10509","GSE10509_GSM265530"
"GSE10509","GSE10509_GSM265531"
"GSE10509","GSE10509_GSM265532"
"GSE10509","GSE10509_GSM265533"
"GSE10509","GSE10509_GSM265534"
"GSE10509","GSE10509_GSM265535"
"GSE10509","GSE10509_GSM265536"
"GSE10509","GSE10509_GSM265537"
"GSE10509","GSE10509_GSM265538"
"GSE10509","GSE10509_GSM265539"
"GSE10876","GSE10876_GSM275637"
"GSE10876","GSE10876_GSM275638"
"GSE10876","GSE10876_GSM275639"
"GSE10876","GSE10876_GSM275641"
"GSE10876","GSE10876_GSM275642"
"GSE10876","GSE10876_GSM275643"
"GSE20756","GSE20756_GSM520748"
"GSE20756","GSE20756_GSM520749"
"GSE20756","GSE20756_GSM520750"
"GSE20756","GSE20756_GSM520751"
"GSE20756","GSE20756_GSM520752"
"GSE20756","GSE20756_GSM520753"
"GSE20756","GSE20756_GSM520754"
"GSE20756","GSE20756_GSM520755"
"GSE20756","GSE20756_GSM520756"
"GSE20756","GSE20756_GSM520757"
"GSE20756","GSE20756_GSM520758"
"GSE20756","GSE20756_GSM520759"
"GSE20756","GSE20756_GSM520760"
"GSE20756","GSE20756_GSM520761"
"GSE20756","GSE20756_GSM520762"
"GSE20756","GSE20756_GSM520763"
"GSE22671","GSE22671_GSM562208"
"GSE22671","GSE22671_GSM562209"
"GSE22671","GSE22671_GSM562210"
"GSE22671","GSE22671_GSM562211"
"GSE22671","GSE22671_GSM562212"
"GSE22671","GSE22671_GSM562213"
"GSE22671","GSE22671_GSM562214"
"GSE22671","GSE22671_GSM562215"
"GSE22671","GSE22671_GSM562216"
"GSE22951","GSE22951_GSM566614"
"GSE22951","GSE22951_GSM566615"
"GSE22951","GSE22951_GSM566616"
"GSE22951","GSE22951_GSM566617"
"GSE22951","GSE22951_GSM566618"
"GSE22951","GSE22951_GSM566619"
"GSE22951","GSE22951_GSM566620"
"GSE22951","GSE22951_GSM566621"
"GSE22951","GSE22951_GSM566622"
"GSE22951","GSE22951_GSM566623"
"GSE22951","GSE22951_GSM566624"
"GSE22951","GSE22951_GSM566625"
"GSE22951","GSE22951_GSM566626"
"GSE22951","GSE22951_GSM566627"
"GSE22951","GSE22951_GSM566628"
"GSE22951","GSE22951_GSM566629"
"GSE22951","GSE22951_GSM566630"
"GSE22951","GSE22951_GSM566631"
"GSE23301","GSE23301_GSM571891"
"GSE23301","GSE23301_GSM571892"
"GSE23301","GSE23301_GSM571893"
"GSE23301","GSE23301_GSM571894"
"GSE23301","GSE23301_GSM571895"
"GSE23301","GSE23301_GSM571896"
"GSE23301","GSE23301_GSM604750"
"GSE23301","GSE23301_GSM604751"
"GSE23301","GSE23301_GSM604752"
"GSE23301","GSE23301_GSM604753"
"GSE23301","GSE23301_GSM604754"
"GSE23301","GSE23301_GSM604755"
"GSE27985","GSE27985_GSM692460"
"GSE27985","GSE27985_GSM692461"
"GSE27985","GSE27985_GSM692462"
"GSE27985","GSE27985_GSM692463"
"GSE27985","GSE27985_GSM692464"
"GSE27985","GSE27985_GSM692465"
"GSE27985","GSE27985_GSM692466"
"GSE27985","GSE27985_GSM692467"
"GSE27985","GSE27985_GSM692468"
"GSE27985","GSE27985_GSM692469"
"GSE27985","GSE27985_GSM692470"
"GSE27985","GSE27985_GSM692471"
"GSE27985","GSE27985_GSM692472"
"GSE27985","GSE27985_GSM692473"
"GSE27985","GSE27985_GSM692474"
"GSE27985","GSE27985_GSM692475"
"GSE27985","GSE27985_GSM692476"
"GSE27985","GSE27985_GSM692477"
"GSE27985","GSE27985_GSM692478"
"GSE27985","GSE27985_GSM692479"
"GSE27985","GSE27985_GSM692480"
"GSE27985","GSE27985_GSM692481"
"GSE27985","GSE27985_GSM692482"
"GSE27985","GSE27985_GSM692483"
"GSE27985","GSE27985_GSM692484"
"GSE27985","GSE27985_GSM692485"
"GSE27985","GSE27985_GSM692486"
"GSE27985","GSE27985_GSM692487"
"GSE27985","GSE27985_GSM692488"
"GSE27985","GSE27985_GSM692489"
"GSE40574","GSE40574_GSM996955"
"GSE40574","GSE40574_GSM996956"
"GSE40574","GSE40574_GSM996957"
"GSE40574","GSE40574_GSM996958"
"GSE40574","GSE40574_GSM996959"
"GSE40574","GSE40574_GSM996960"
"GSE41136","GSE41136_GSM1009026"
"GSE41136","GSE41136_GSM1009027"
"GSE41136","GSE41136_GSM1009028"
"GSE41136","GSE41136_GSM1009029"
"GSE41136","GSE41136_GSM1009030"
"GSE41136","GSE41136_GSM1009031"
"GSE41136","GSE41136_GSM1009032"
"GSE41136","GSE41136_GSM1009033"
"GSE41136","GSE41136_GSM1009034"
"GSE41136","GSE41136_GSM1009035"
"GSE41136","GSE41136_GSM1009036"
"GSE41136","GSE41136_GSM1009037"
"GSE41136","GSE41136_GSM1009038"
"GSE41136","GSE41136_GSM1009039"
"GSE41136","GSE41136_GSM1009040"
"GSE41136","GSE41136_GSM1009041"
"GSE41136","GSE41136_GSM1009042"
"GSE41136","GSE41136_GSM1009043"
"GSE41136","GSE41136_GSM1009044"
"GSE41136","GSE41136_GSM1009045"
"GSE41136","GSE41136_GSM1009046"
"GSE41136","GSE41136_GSM1009047"
"GSE41136","GSE41136_GSM1009048"
"GSE41136","GSE41136_GSM1009049"
"GSE41136","GSE41136_GSM1009050"
"GSE41136","GSE41136_GSM1009051"
"GSE41136","GSE41136_GSM1009052"
"GSE41136","GSE41136_GSM1009053"
"GSE41136","GSE41136_GSM1009054"
"GSE41136","GSE41136_GSM1009055"
"GSE41136","GSE41136_GSM1009057"
"GSE41136","GSE41136_GSM1009058"
"GSE41136","GSE41136_GSM1009059"
"GSE41136","GSE41136_GSM1009060"
"GSE41136","GSE41136_GSM1009061"
"GSE43551","GSE43551_GSM1065168"
"GSE43551","GSE43551_GSM1065169"
"GSE43551","GSE43551_GSM1065170"
"GSE43551","GSE43551_GSM1065172"
"GSE43551","GSE43551_GSM1065173"
"GSE43551","GSE43551_GSM1065174"
"GSE43551","GSE43551_GSM1065175"
"GSE43551","GSE43551_GSM1065176"
"GSE43551","GSE43551_GSM1065177"
"GSE43551","GSE43551_GSM1065178"
"GSE43551","GSE43551_GSM1065179"
"GSE43551","GSE43551_GSM1065180"
"GSE43551","GSE43551_GSM1065181"
"GSE43551","GSE43551_GSM1065182"
"GSE43551","GSE43551_GSM1065183"
"GSE43551","GSE43551_GSM1065184"
"GSE43947","GSE43947_GSM1074824"
"GSE43947","GSE43947_GSM1074825"
"GSE43947","GSE43947_GSM1074826"
"GSE43947","GSE43947_GSM1074827"
"GSE43947","GSE43947_GSM1074828"
"GSE43947","GSE43947_GSM1074829"
"GSE43947","GSE43947_GSM1074830"
"GSE43947","GSE43947_GSM1074831"
"GSE43947","GSE43947_GSM1074832"
"GSE43947","GSE43947_GSM1074833"
"GSE43947","GSE43947_GSM1074834"
"GSE43947","GSE43947_GSM1074835"
"GSE43947","GSE43947_GSM1074836"
"GSE43947","GSE43947_GSM1074837"
"GSE43947","GSE43947_GSM1074838"
"GSE43947","GSE43947_GSM1074839"
"GSE46107","GSE46107_GSM1123832"
"GSE46107","GSE46107_GSM1123833"
"GSE46107","GSE46107_GSM1123834"
"GSE46107","GSE46107_GSM1123835"
"GSE46107","GSE46107_GSM1123836"
"GSE46107","GSE46107_GSM1123837"
"GSE46107","GSE46107_GSM1123838"
"GSE46107","GSE46107_GSM1123839"
"GSE46107","GSE46107_GSM1123840"
"GSE46107","GSE46107_GSM1123841"
"GSE46107","GSE46107_GSM1123842"
"GSE46107","GSE46107_GSM1123843"
"GSE46107","GSE46107_GSM1123844"
"GSE46107","GSE46107_GSM1123845"
"GSE46107","GSE46107_GSM1123846"
"GSE46107","GSE46107_GSM1123847"
"GSE46107","GSE46107_GSM1123848"
"GSE46107","GSE46107_GSM1123849"
"GSE46107","GSE46107_GSM1123850"
"GSE46107","GSE46107_GSM1123851"
"GSE46107","GSE46107_GSM1123852"
"GSE46107","GSE46107_GSM1123853"
"GSE46107","GSE46107_GSM1123854"
"GSE46107","GSE46107_GSM1123855"
"GSE46107","GSE46107_GSM1123856"
"GSE46107","GSE46107_GSM1123857"
"GSE46107","GSE46107_GSM1123858"
"GSE46107","GSE46107_GSM1123859"
"GSE46107","GSE46107_GSM1123860"
"GSE46107","GSE46107_GSM1123861"
"GSE49596","GSE49596_GSM1202358"
"GSE49596","GSE49596_GSM1202359"
"GSE49596","GSE49596_GSM1202360"
"GSE49596","GSE49596_GSM1202361"
"GSE49596","GSE49596_GSM1202362"
"GSE49596","GSE49596_GSM1202363"
"GSE49596","GSE49596_GSM1202364"
"GSE49596","GSE49596_GSM1202365"
"GSE49596","GSE49596_GSM1202366"
"GSE49596","GSE49596_GSM1202367"
"GSE49596","GSE49596_GSM1202369"
"GSE49596","GSE49596_GSM1202370"
"GSE49596","GSE49596_GSM1202371"
"GSE49596","GSE49596_GSM1202372"
"GSE49596","GSE49596_GSM1202374"
"GSE49596","GSE49596_GSM1202375"
"GSE49596","GSE49596_GSM1202376"
"GSE49596","GSE49596_GSM1202377"
"GSE49596","GSE49596_GSM1202378"
"GSE49596","GSE49596_GSM1202379"
"GSE49596","GSE49596_GSM1202380"
"GSE49596","GSE49596_GSM1202381"
"GSE49596","GSE49596_GSM1202383"
"GSE49596","GSE49596_GSM1202384"
"GSE49596","GSE49596_GSM1202385"
"GSE49596","GSE49596_GSM1202386"
"GSE49596","GSE49596_GSM1202387"
"GSE54534","GSE54534_GSM1318509"
"GSE54534","GSE54534_GSM1318510"
"GSE54534","GSE54534_GSM1318511"
"GSE54534","GSE54534_GSM1318512"
"GSE54534","GSE54534_GSM1318513"
"GSE54534","GSE54534_GSM1318514"
"GSE54534","GSE54534_GSM1318515"
"GSE54534","GSE54534_GSM1318516"
"GSE54534","GSE54534_GSM1318517"
"GSE54534","GSE54534_GSM1318518"
"GSE54534","GSE54534_GSM1318519"
"GSE54534","GSE54534_GSM1318520"
"GSE54534","GSE54534_GSM1318521"
"GSE54534","GSE54534_GSM1318522"
"GSE54534","GSE54534_GSM1318523"
"GSE54534","GSE54534_GSM1318524"
"GSE54534","GSE54534_GSM1318525"
"GSE54534","GSE54534_GSM1318526"
"GSE54534","GSE54534_GSM1318527"
"GSE54534","GSE54534_GSM1318528"
"GSE54534","GSE54534_GSM1318529"
"GSE54534","GSE54534_GSM1318530"
"GSE54534","GSE54534_GSM1318531"
"GSE54534","GSE54534_GSM1318532"
"GSE54534","GSE54534_GSM1318533"
"GSE54534","GSE54534_GSM1318534"
"GSE5530","GSE5530_GSM128757"
"GSE5530","GSE5530_GSM128759"
"GSE5530","GSE5530_GSM128760"
"GSE5530","GSE5530_GSM128761"
"GSE5530","GSE5530_GSM128762"
"GSE5530","GSE5530_GSM128763"
"GSE5530","GSE5530_GSM128764"
"GSE5530","GSE5530_GSM128765"
"GSE5530","GSE5530_GSM128766"
"GSE5530","GSE5530_GSM128767"
"GSE5530","GSE5530_GSM128768"
"GSE5626","GSE5626_GSM131383"
"GSE5626","GSE5626_GSM131384"
"GSE5626","GSE5626_GSM131385"
"GSE5626","GSE5626_GSM131386"
"GSE5626","GSE5626_GSM131387"
"GSE5626","GSE5626_GSM131388"
"GSE5626","GSE5626_GSM131389"
"GSE5626","GSE5626_GSM131390"
"GSE5626","GSE5626_GSM131391"
"GSE5626","GSE5626_GSM131392"
"GSE5626","GSE5626_GSM131393"
"GSE5626","GSE5626_GSM131394"
"GSE5626","GSE5626_GSM131395"
"GSE5626","GSE5626_GSM131396"
"GSE5626","GSE5626_GSM131397"
"GSE5626","GSE5626_GSM131398"
"GSE5626","GSE5626_GSM131399"
"GSE5626","GSE5626_GSM131400"
"GSE5626","GSE5626_GSM131401"
"GSE5626","GSE5626_GSM131402"
"GSE5626","GSE5626_GSM131403"
"GSE5626","GSE5626_GSM131404"
"GSE5626","GSE5626_GSM131405"
"GSE5626","GSE5626_GSM131406"
"GSE5626","GSE5626_GSM131407"
"GSE5626","GSE5626_GSM131408"
"GSE5626","GSE5626_GSM131409"
"GSE5626","GSE5626_GSM131410"
"GSE57286","GSE57286_GSM1378558"
"GSE57286","GSE57286_GSM1378559"
"GSE57286","GSE57286_GSM1378560"
"GSE57286","GSE57286_GSM1378561"
"GSE57286","GSE57286_GSM1378562"
"GSE57286","GSE57286_GSM1378563"
"GSE57286","GSE57286_GSM1378564"
"GSE57286","GSE57286_GSM1378565"
"GSE57286","GSE57286_GSM1378566"
"GSE57286","GSE57286_GSM1378567"
"GSE57286","GSE57286_GSM1378568"
"GSE57286","GSE57286_GSM1378569"
"GSE57286","GSE57286_GSM1378570"
"GSE57286","GSE57286_GSM1378571"
"GSE57286","GSE57286_GSM1378572"
"GSE57286","GSE57286_GSM1378573"
"GSE57286","GSE57286_GSM1378574"
"GSE57286","GSE57286_GSM1378575"
"GSE5731","GSE5731_GSM133783"
"GSE5731","GSE5731_GSM133784"
"GSE5731","GSE5731_GSM133785"
"GSE5731","GSE5731_GSM133787"
"GSE61484","GSE61484_GSM1506014"
"GSE61484","GSE61484_GSM1506015"
"GSE61484","GSE61484_GSM1506016"
"GSE61484","GSE61484_GSM1506017"
"GSE61484","GSE61484_GSM1506018"
"GSE61484","GSE61484_GSM1506019"
"GSE61484","GSE61484_GSM1506020"
"GSE61484","GSE61484_GSM1506021"
"GSE61484","GSE61484_GSM1506022"
"GSE61484","GSE61484_GSM1506023"
"GSE61484","GSE61484_GSM1506024"
"GSE61484","GSE61484_GSM1506025"
"GSE61484","GSE61484_GSM1506026"
"GSE61484","GSE61484_GSM1506027"
"GSE61484","GSE61484_GSM1506028"
"GSE61484","GSE61484_GSM1506029"
"GSE61484","GSE61484_GSM1506030"
"GSE61484","GSE61484_GSM1506031"
"GSE61484","GSE61484_GSM1506032"
"GSE61484","GSE61484_GSM1506033"
"GSE61484","GSE61484_GSM1506034"
"GSE61484","GSE61484_GSM1506035"
"GSE61484","GSE61484_GSM1506036"
"GSE61484","GSE61484_GSM1506037"
"GSE61484","GSE61484_GSM1506038"
"GSE61484","GSE61484_GSM1506039"
"GSE61484","GSE61484_GSM1506040"
"GSE61484","GSE61484_GSM1506041"
"GSE61484","GSE61484_GSM1506042"
"GSE61484","GSE61484_GSM1506043"
"GSE61484","GSE61484_GSM1506044"
"GSE61484","GSE61484_GSM1506045"
"GSE61484","GSE61484_GSM1506046"
"GSE61484","GSE61484_GSM1506047"
"GSE61484","GSE61484_GSM1506048"
"GSE61484","GSE61484_GSM1506049"
"GSE61484","GSE61484_GSM1506050"
"GSE61484","GSE61484_GSM1506051"
"GSE61484","GSE61484_GSM1506052"
"GSE61484","GSE61484_GSM1506053"
"GSE61484","GSE61484_GSM1506054"
"GSE61484","GSE61484_GSM1506055"
"GSE61484","GSE61484_GSM1506056"
"GSE61484","GSE61484_GSM1506057"
"GSE64783","GSE64783_GSM1580531"
"GSE64783","GSE64783_GSM1580532"
"GSE64783","GSE64783_GSM1580533"
"GSE64783","GSE64783_GSM1580534"
"GSE64783","GSE64783_GSM1580535"
"GSE64783","GSE64783_GSM1580536"
"GSE64853","GSE64853_GSM1581613"
"GSE64853","GSE64853_GSM1581614"
"GSE64853","GSE64853_GSM1581615"
"GSE64853","GSE64853_GSM1581616"
"GSE64853","GSE64853_GSM1581617"
"GSE64853","GSE64853_GSM1581618"
"GSE7211","GSE7211_GSM173442"
"GSE7211","GSE7211_GSM173443"
"GSE7211","GSE7211_GSM173444"
"GSE7211","GSE7211_GSM173445"
"GSE7211","GSE7211_GSM173446"
"GSE7211","GSE7211_GSM173447"
"GSE7211","GSE7211_GSM173448"
"GSE7211","GSE7211_GSM173449"
"GSE7211","GSE7211_GSM173450"
"GSE7211","GSE7211_GSM173451"
"GSE7743","GSE7743_GSM187239"
"GSE7743","GSE7743_GSM187240"
"GSE7743","GSE7743_GSM187241"
"GSE7743","GSE7743_GSM187242"
"GSE7743","GSE7743_GSM187243"
"GSE7743","GSE7743_GSM187244"
"GSE7743","GSE7743_GSM187245"
"GSE7743","GSE7743_GSM187246"
"GSE7743","GSE7743_GSM187247"
"GSE7743","GSE7743_GSM187248"
"GSE7743","GSE7743_GSM187249"
"GSE7743","GSE7743_GSM187250"
"GSE7743","GSE7743_GSM187251"
"GSE7743","GSE7743_GSM187252"
"GSE7743","GSE7743_GSM187253"
"GSE7743","GSE7743_GSM187254"
"GSE7743","GSE7743_GSM187255"
"GSE7743","GSE7743_GSM187256"
"GSE7743","GSE7743_GSM187257"
"GSE7743","GSE7743_GSM187258"
"GSE7743","GSE7743_GSM187418"
"GSE81516","GSE81516_GSM2155025"
"GSE81516","GSE81516_GSM2155026"
"GSE81516","GSE81516_GSM2155027"
"GSE81516","GSE81516_GSM2155028"
"GSE81516","GSE81516_GSM2155029"
"GSE81516","GSE81516_GSM2155030"
"GSE81516","GSE81516_GSM2155031"
"GSE81516","GSE81516_GSM2155032"
"GSE81516","GSE81516_GSM2155033"
